20:27:55 [INFO] ============================================================
20:27:55 [INFO] PDF Metadata Collector — Swedish Public Authorities
20:27:55 [INFO] Legal basis: Offentlighetsprincipen + GDPR Art. 89
20:27:55 [INFO] Output directory: /Users/kajsalinderoth/Desktop/PDF Project/PDFMETA/03_Data
20:27:55 [INFO] Dry-run: False
20:27:55 [INFO] ============================================================
20:27:55 [INFO] Resuming: 0 URLs already in log

20:27:55 [INFO] Processing 30 authorit(y/ies)

20:27:55 [INFO] 
============================================================
Authority : Regeringskansliet
Tier      : 1
Quota left: 2020-2023=50  2024-2025=50
============================================================
20:27:58 [INFO]   → Found 3 PDFs on https://www.regeringen.se/
20:28:03 [INFO]     [OK] 2a06088d… |   108 KB | year=2026 (post-2026) | fields=18
20:28:07 [INFO]     [OK] ec696b49… |   688 KB | year=2026 (post-2026) | fields=25
20:28:10 [INFO]     [OK] 5d8ca218… |   126 KB | year=2026 (post-2026) | fields=24
20:28:55 [INFO]   → Found 4 PDFs on https://www.regeringen.se/rattsliga-dokument/departementsserien-och-promemorior/2026/03/nya-forenklingsregler-och-andra-kompletteringar-i-lagen-om-tillaggsskatt/
20:29:00 [INFO]     [OK] ccd24f39… |   578 KB | year=2026 (post-2026) | fields=21
20:29:04 [INFO]     [OK] f60120b1… |  2346 KB | year=2024 (2024-2025) | fields=61
20:29:13 [INFO]     [OK] 3d495ef0… |   418 KB | year=2026 (post-2026) | fields=58
20:29:18 [INFO]     [OK] cdd1c15e… |  1087 KB | year=2026 (post-2026) | fields=60
20:29:21 [INFO]   → Found 1 PDFs on https://www.regeringen.se/rattsliga-dokument/departementsserien-och-promemorior/2026/03/utkast-till-lagradsremiss-nagra-fortydliganden-och-justeringar-i-de-nya-reglerna-om-bygglov/
20:29:26 [INFO]     [OK] bbb8da4f… |   315 KB | year=2026 (post-2026) | fields=19
20:29:31 [INFO]   → Found 1 PDFs on https://www.regeringen.se/rattsliga-dokument/departementsserien-och-promemorior/2026/02/kompletteringar-till-slutbetankandet-skatteincitament-for-forskning-och-utveckling--ett-nytt-incitament-baserat-pa-utgifter-for-fou-personal-sou-20261-med-anledning-av-nya-internationella-regler/
20:29:35 [INFO]     [OK] 41dcdd22… |   267 KB | year=2026 (post-2026) | fields=20
20:29:39 [INFO]   → Found 1 PDFs on https://www.regeringen.se/rattsliga-dokument/departementsserien-och-promemorior/2026/02/teknisk-oversyn-av-mervardesskattereglerna-vid-gransoverskridande-handel/
20:29:43 [INFO]     [OK] cbcbd5e7… |   489 KB | year=2026 (post-2026) | fields=21
20:29:48 [INFO]   → Found 1 PDFs on https://www.regeringen.se/rattsliga-dokument/kommittedirektiv/2024/11/tillaggsdirektiv-till-utredningen-om-skatteregler-som-gynnar-forskning-och-utveckling--en-oversyn-av-fou-avdraget-och-expertskattereglerna-fi-202306/
20:29:52 [INFO]     [OK] 42165116… |   154 KB | year=2024 (2024-2025) | fields=20
20:29:57 [INFO]   → Found 3 PDFs on https://www.regeringen.se/rattsliga-dokument/departementsserien-och-promemorior/2025/07/utbyte-av-uppgifter-i-tillaggsskatterapport-och-kompletteringar-av-forfarandet-av-tillaggsskatt-for-foretag-i-stora-koncerner/
20:30:01 [INFO]     [OK] 384b6e9d… |  1294 KB | year=2025 (2024-2025) | fields=21
20:30:06 [INFO]     [OK] 78d8594c… |   879 KB | year=2025 (2024-2025) | fields=20
20:30:11 [INFO]     [OK] 7a8eb53d… |  1352 KB | year=2025 (2024-2025) | fields=40
20:30:14 [INFO]   → Found 1 PDFs on https://www.regeringen.se/rattsliga-dokument/departementsserien-och-promemorior/2025/04/anpassning-av-vissa-skatte--och-avgiftsnedsattningar-till-eus-regler-om-statsstod/
20:30:19 [INFO]     [OK] 331acd8c… |   888 KB | year=2025 (2024-2025) | fields=20
20:30:36 [INFO]   → Found 1 PDFs on https://www.regeringen.se/rattsliga-dokument/lagradsremiss/2026/03/skarpta-regler-om-uppsikt-och-forvar/
20:30:40 [INFO]     [OK] ed1a62f8… |  2037 KB | year=2026 (post-2026) | fields=21
20:30:45 [INFO]   → Found 1 PDFs on https://www.regeringen.se/rattsliga-dokument/lagradsremiss/2026/03/en-mer-andamalsenlig-reglering-av-etikprovning-av-forskning-som-avser-manniskor/
20:30:50 [INFO]     [OK] 8b908e5b… |  1123 KB | year=2026 (post-2026) | fields=19
20:30:54 [INFO]   → Found 1 PDFs on https://www.regeringen.se/rattsliga-dokument/lagradsremiss/2026/03/nya-regler-mot-bedragerier-och-annat-vilseledande-genom-elektroniska-kommunikationer/
20:30:59 [INFO]     [OK] 7f2f0d12… |  2190 KB | year=2026 (post-2026) | fields=24
20:31:05 [INFO]   → Found 1 PDFs on https://www.regeringen.se/rattsliga-dokument/lagradsremiss/2026/02/skarpta-regler-om-utvisning-pa-grund-av-brott/
20:31:08 [INFO]     [OK] 5a2c988a… |  1267 KB | year=2026 (post-2026) | fields=21
20:31:14 [INFO]   → Found 1 PDFs on https://www.regeringen.se/rattsliga-dokument/lagradsremiss/2026/01/battre-migrationsrattsliga-regler-for-forskare-och-doktorander-samt-atgarder-for-att-motverka-missbruk-av-uppehallstillstand-for-studier/
20:31:18 [INFO]     [OK] 4f37bce3… |  2875 KB | year=2026 (post-2026) | fields=22
20:31:23 [INFO]   → Found 1 PDFs on https://www.regeringen.se/rattsliga-dokument/lagradsremiss/2024/08/langsiktig-reglering-av-vissa-forskningsdatabaser/
20:31:27 [INFO]     [OK] 9538c594… |  1934 KB | year=2024 (2024-2025) | fields=28
20:31:30 [INFO]   → Found 1 PDFs on https://www.regeringen.se/rattsliga-dokument/departementsserien-och-promemorior/2025/11/nya-regler-mot-bedragerier-och-annat-vilseledande-genom-elektroniska--kommunikationer/
20:31:34 [INFO]     [OK] eec55def… |   412 KB | year=2025 (2024-2025) | fields=20
20:31:38 [INFO]   → Found 1 PDFs on https://www.regeringen.se/rattsliga-dokument/departementsserien-och-promemorior/2022/12/langsiktig-reglering-av-forskningsdatabaser/
20:31:42 [INFO]     [OK] ac801193… |  1620 KB | year=2022 (2020-2023) | fields=19
20:31:57 [INFO]   → Found 3 PDFs on https://www.regeringen.se/rattsliga-dokument/skrivelse/2026/03/riksrevisionens-rapport-om-statens-insatser-for-trygga-bostadsaffarer/
20:32:01 [INFO]     [OK] 1a4d80c7… |  2748 KB | year=2025 (2024-2025) | fields=27
20:32:06 [INFO]     [OK] 0cfb0db4… |   277 KB | year=2025 (2024-2025) | fields=21
20:32:11 [INFO]     [OK] a0e99cac… |   242 KB | year=2025 (2024-2025) | fields=21
20:32:43 [INFO]   → Found 1 PDFs on https://www.regeringen.se/rattsliga-dokument/proposition/2026/04/prop.-202526246
20:32:48 [INFO]     [OK] 4661e8df… |  3066 KB | year=2026 (post-2026) | fields=26
20:32:54 [INFO]   → Found 1 PDFs on https://www.regeringen.se/rattsliga-dokument/proposition/2026/04/prop.-202526100
20:32:58 [INFO]     [OK] 6ba6801c… |  2712 KB | year=2026 (post-2026) | fields=20
20:33:02 [INFO]   → Found 1 PDFs on https://www.regeringen.se/rattsliga-dokument/proposition/2026/04/prop.-20252699
20:33:07 [INFO]     [OK] 07e11ae4… |   726 KB | year=2026 (post-2026) | fields=21
20:33:10 [INFO]   → Found 1 PDFs on https://www.regeringen.se/rattsliga-dokument/proposition/2026/04/prop.-202526236
20:33:14 [INFO]     [OK] 9b12a6b8… |  1151 KB | year=2026 (post-2026) | fields=21
20:33:20 [INFO]   → Found 1 PDFs on https://www.regeringen.se/rattsliga-dokument/kommittedirektiv/2026/04/dir.-202624
20:33:24 [INFO]     [OK] a12805aa… |   132 KB | year=2026 (post-2026) | fields=20
20:33:29 [INFO]   → Found 1 PDFs on https://www.regeringen.se/rattsliga-dokument/lagradsremiss/2026/04/personalforsorjning-av-det-militara-forsvaret/
20:33:33 [INFO]     [OK] e410407a… |   902 KB | year=2026 (post-2026) | fields=24
20:33:38 [INFO]   → Found 1 PDFs on https://www.regeringen.se/rattsliga-dokument/departementsserien-och-promemorior/2026/04/atgarder-for-att-forhindra-felaktiga-utbetalningar-inom-socialforsakringen-och-forenklad-administration-inom-foraldrapenningen/
20:33:42 [INFO]     [OK] 3196ab25… |   409 KB | year=2026 (post-2026) | fields=19
20:33:51 [INFO]   → Found 1 PDFs on https://www.regeringen.se/rattsliga-dokument/lagradsremiss/2026/04/kompletterande-bestammelser-till-eu-forordningar-om-kemikalier-och-avfall/
20:33:56 [INFO]     [OK] cb43638d… |   472 KB | year=2026 (post-2026) | fields=24
20:34:00 [INFO]   → Found 1 PDFs on https://www.regeringen.se/rattsliga-dokument/skrivelse/2026/04/skr.-202526104
20:34:04 [INFO]     [OK] ecae9ebb… |  1539 KB | year=2025 (2024-2025) | fields=25
20:34:09 [INFO]   → Found 1 PDFs on https://www.regeringen.se/rattsliga-dokument/departementsserien-och-promemorior/2026/04/sverige--ett-lasande-land/
20:34:14 [INFO]     [OK] a8b511c7… | 12054 KB | year=2026 (post-2026) | fields=21
20:34:19 [INFO]   → Found 1 PDFs on https://www.regeringen.se/rattsliga-dokument/proposition/2026/04/prop.202526256
20:34:24 [INFO]     [OK] 6990c88b… |   911 KB | year=2025 (2024-2025) | fields=21
20:34:29 [INFO]   → Found 1 PDFs on https://www.regeringen.se/rattsliga-dokument/proposition/2026/04/prop.-202526253
20:34:34 [INFO]     [OK] 6c694f13… | 15188 KB | year=2025 (2024-2025) | fields=31
20:34:46 [INFO]   → Found 1 PDFs on https://www.regeringen.se/rattsliga-dokument/skrivelse/2026/03/skr.-202526208
20:34:50 [INFO]     [OK] fe0cf3e1… |  2743 KB | year=2024 (2024-2025) | fields=22
20:34:54 [INFO]   → Found 1 PDFs on https://www.regeringen.se/rattsliga-dokument/lagradsremiss/2026/03/okad-insyn-i-politiska-processer/
20:34:59 [INFO]     [OK] 530529f5… |  1973 KB | year=2026 (post-2026) | fields=25
20:35:04 [INFO]   → Found 1 PDFs on https://www.regeringen.se/rattsliga-dokument/proposition/2026/02/prop.-202526133
20:35:08 [INFO]     [OK] d9e3a88b… |   695 KB | year=2026 (post-2026) | fields=26
20:35:13 [INFO]   → Found 1 PDFs on https://www.regeringen.se/rattsliga-dokument/proposition/2026/02/prop.-202526126
20:35:18 [INFO]     [OK] 698c699c… |   511 KB | year=2026 (post-2026) | fields=24
20:35:22 [INFO]   → Found 1 PDFs on https://www.regeringen.se/rattsliga-dokument/statens-offentliga-utredningar/2026/02/sou-202613/
20:35:27 [INFO]     [OK] 219444aa… |  2951 KB | year=2026 (post-2026) | fields=39
20:35:32 [INFO]   → Found 1 PDFs on https://www.regeringen.se/rattsliga-dokument/lagradsremiss/2026/02/starkt-sakerhet-vid-allmanna-sammankomster-och-offentliga-tillstallningar/
20:35:41 [INFO]     [OK] 84acca8a… |   603 KB | year=2026 (post-2026) | fields=26
20:36:13 [INFO]   → Found 1 PDFs on https://www.regeringen.se/rattsliga-dokument/departementsserien-och-promemorior/2026/04/elektroniska-meddelanden-vid-forsakringsavtal/
20:36:18 [INFO]     [OK] fd0fbf83… |   324 KB | year=2026 (post-2026) | fields=21
20:36:21 [INFO]   → Found 1 PDFs on https://www.regeringen.se/rattsliga-dokument/skrivelse/2026/04/skr-202526219/
20:36:25 [INFO]     [OK] 42751db4… |  4112 KB | year=2025 (2024-2025) | fields=76
20:36:30 [INFO]   → Found 1 PDFs on https://www.regeringen.se/rattsliga-dokument/statens-offentliga-utredningar/2026/04/sou-202627/
20:36:35 [INFO]     [OK] b8cf13a1… |  2029 KB | year=2026 (post-2026) | fields=40
20:36:44 [INFO]   → Found 1 PDFs on https://www.regeringen.se/rattsliga-dokument/proposition/2026/04/prop.202526231
20:36:49 [INFO]     [OK] c7c93d3b… |   339 KB | year=2025 (2024-2025) | fields=21
20:36:53 [INFO]   → Found 1 PDFs on https://www.regeringen.se/rattsliga-dokument/lagradsremiss/2026/04/utokade-befogenheter-for-skatteverket-inom-folkbokforingsverksamheten/
20:36:57 [INFO]     [OK] 9db61bd3… |  1031 KB | year=2026 (post-2026) | fields=20
20:37:01 [INFO]   → Found 1 PDFs on https://www.regeringen.se/rattsliga-dokument/lagradsremiss/2026/04/forebyggande-insatser-inom-socialtjansten-till-skydd-for-barn-och-unga-vid-bristande-medverkan/
20:37:05 [INFO]     [OK] 027ed923… |  3166 KB | year=2026 (post-2026) | fields=21
20:37:14 [INFO]   → Found 1 PDFs on https://www.regeringen.se/rattsliga-dokument/proposition/2026/04/prop.-202526242
20:37:19 [INFO]     [OK] e04de687… |  1116 KB | year=2025 (2024-2025) | fields=19
20:37:23 [INFO]   → Found 1 PDFs on https://www.regeringen.se/rattsliga-dokument/proposition/2026/04/prop.-202526214
20:37:28 [INFO]     [OK] b3875217… |   930 KB | year=2025 (2024-2025) | fields=19
20:37:33 [INFO]   → Found 1 PDFs on https://www.regeringen.se/rattsliga-dokument/proposition/2026/04/prop-202526233/
20:37:38 [INFO]     [OK] eda3daf8… |  2227 KB | year=2025 (2024-2025) | fields=22
20:38:03 [INFO]   → Found 2 PDFs on https://www.regeringen.se/rattsliga-dokument/departementsserien-och-promemorior/2026/04/forordningen-om-behorighet-och-legitimation-for-larare-och-forskollarare-samt-en-konsekvensutredning/
20:38:08 [INFO]     [OK] c6844c13… |   620 KB | year=2026 (post-2026) | fields=21
20:38:14 [INFO]     [OK] 22463c3e… |   907 KB | year=2026 (post-2026) | fields=21
20:38:19 [INFO]   → Found 1 PDFs on https://www.regeringen.se/rattsliga-dokument/departementsserien-och-promemorior/2026/04/fortsatt-inkludering-av-pappers-och-massaindustrin-i-eus-utslappshandelssystem/
20:38:22 [INFO]     [OK] 1ba660d5… |   347 KB | year=2026 (post-2026) | fields=26
20:38:27 [INFO]   → Found 1 PDFs on https://www.regeringen.se/rattsliga-dokument/departementsserien-och-promemorior/2025/06/miljokvalitetsnormer-for-luft-nya-regler-om-rattslig-provning-och-skadestand/
20:38:32 [INFO]     [OK] b587797c… |   474 KB | year=2025 (2024-2025) | fields=24
20:38:35 [INFO]   → Found 1 PDFs on https://www.regeringen.se/rattsliga-dokument/departementsserien-och-promemorior/2026/04/tillsyn-enligt-eus-f-gasforordning-i-fraga-om-elektriska-brytare-desfluran-och-markning-av-dosinhalatorer/
20:38:39 [INFO]     [OK] 13d10289… |   533 KB | year=2026 (post-2026) | fields=24
20:38:42 [INFO]   → Found 1 PDFs on https://www.regeringen.se/rattsliga-dokument/departementsserien-och-promemorior/2026/04/elstod-till-konsumenter-for-januarifebruari-2026/
20:38:47 [INFO]     [OK] 7c832e57… |   137 KB | year=2026 (post-2026) | fields=21
20:38:52 [INFO]   → Found 1 PDFs on https://www.regeringen.se/rattsliga-dokument/departementsserien-och-promemorior/2026/03/ds-20266/
20:38:57 [INFO]     [OK] 1f2521fe… |  1347 KB | year=2026 (post-2026) | fields=20
20:39:07 [INFO]   → Found 1 PDFs on https://www.regeringen.se/rattsliga-dokument/departementsserien-och-promemorior/2026/03/tillfalligt-sankt-skatt-pa-bensin-och-diesel/
20:39:11 [INFO]     [OK] 4e930425… |   795 KB | year=2026 (post-2026) | fields=21
20:39:15 [INFO]   → Found 1 PDFs on https://www.regeringen.se/rattsliga-dokument/departementsserien-och-promemorior/2026/03/promemoria-atgarder-for-att-oka-transportkapaciteten-efter-stormen-johannes/
20:39:18 [INFO]     [OK] c1dca68e… |   255 KB | year=2026 (post-2026) | fields=18
20:39:22 [INFO]   → Found 1 PDFs on https://www.regeringen.se/rattsliga-dokument/departementsserien-och-promemorior/2026/01/en-nationell-rapporteringsvag-for-kollektivtrafiken/
20:39:43 [WARNING]     [HTTP error] https://www.regeringen.se/contentassets/6c77cd70574b44149198018ca35a792d/en-nationell-rapporteringsvag-for-kollektivtrafiken.pdf: ('Connection aborted.', OSError(65, 'No route to host'))
20:39:47 [INFO]   → Found 1 PDFs on https://www.regeringen.se/rattsliga-dokument/departementsserien-och-promemorior/2026/01/enhetligare-ordningsregler-for-kollektivtrafiken/
20:39:52 [INFO]     [OK] cf556cf0… |   551 KB | year=2026 (post-2026) | fields=19
20:40:00 [INFO]   → Found 1 PDFs on https://www.regeringen.se/rattsliga-dokument/departementsserien-och-promemorior/2026/03/tillfalliga-undantag-fran-fridlysningsbestammelser-vid-omhandertagande-av-stormskadad-skog/
20:40:04 [INFO]     [OK] 8e651f9c… |   363 KB | year=2026 (post-2026) | fields=27
20:40:13 [INFO]   → Found 1 PDFs on https://www.regeringen.se/rattsliga-dokument/departementsserien-och-promemorior/2026/03/ds-20264/
20:40:17 [INFO]     [OK] c8697bba… |  4061 KB | year=2026 (post-2026) | fields=28
20:40:21 [INFO]   → Found 1 PDFs on https://www.regeringen.se/rattsliga-dokument/departementsserien-och-promemorior/2026/02/elektronisk-overvakning--ett-verktyg-for-socialtjansten-till-skydd-for-barn-och-unga/
20:40:27 [INFO]     [OK] 0f6ce578… |  1307 KB | year=2026 (post-2026) | fields=22
20:40:31 [INFO]   → Found 1 PDFs on https://www.regeringen.se/rattsliga-dokument/departementsserien-och-promemorior/2026/02/skarpt-tillsyn-over-tjansteutovares-klagomalshantering/
20:40:36 [INFO]     [OK] a70107c0… |   349 KB | year=2026 (post-2026) | fields=18
20:40:40 [INFO]   → Found 1 PDFs on https://www.regeringen.se/rattsliga-dokument/departementsserien-och-promemorior/2025/12/anpassningar-till-eu-forordningen-om-allman-produktsakerhet-och-reglering-av-vissa-andra-sakerhetskrav/
20:40:45 [INFO]     [OK] 8b51b79b… |  2649 KB | year=2025 (2024-2025) | fields=28
20:40:49 [INFO]   → Found 1 PDFs on https://www.regeringen.se/rattsliga-dokument/departementsserien-och-promemorior/2026/02/ds-20262/
20:40:52 [INFO]     [OK] d1517943… |  2688 KB | year=2026 (post-2026) | fields=20
20:41:18 [INFO]   → Found 1 PDFs on https://www.regeringen.se/rattsliga-dokument/forordningsmotiv/2025/06/fm-20251/
20:41:21 [INFO]     [OK] 2dba0419… |   202 KB | year=2025 (2024-2025) | fields=30
20:41:26 [INFO]   → Found 1 PDFs on https://www.regeringen.se/rattsliga-dokument/forordningsmotiv/2024/07/fm-20241/
20:41:29 [INFO]     [OK] 7032f5b9… |   172 KB | year=2024 (2024-2025) | fields=25
20:41:34 [INFO]   → Found 1 PDFs on https://www.regeringen.se/rattsliga-dokument/forordningsmotiv/2023/02/fm-20231/
20:41:39 [INFO]     [OK] abbc1989… |   224 KB | year=2023 (2020-2023) | fields=20
20:42:05 [INFO]   → Found 1 PDFs on https://www.regeringen.se/rattsliga-dokument/forordningsmotiv/2021/08/forordningsmotiv-for-forordning-om-andring-i-forordningen-2021194-om-omstallningsstod-till-vissa-sarskilt-drabbade-foretag/
20:42:10 [INFO]     [OK] 3be43192… |   200 KB | year=2021 (2020-2023) | fields=21
20:42:19 [INFO]   → Found 1 PDFs on https://www.regeringen.se/rattsliga-dokument/forordningsmotiv/2021/07/fm-20213/
20:42:24 [INFO]     [OK] cb6979c1… |   357 KB | year=2021 (2020-2023) | fields=20
20:42:29 [INFO]   → Found 1 PDFs on https://www.regeringen.se/rattsliga-dokument/forordningsmotiv/2021/03/forordningsmotiv-for-forordning-om-omstallningsstod-till-vissa-sarskilt-drabbade-foretag/
20:42:34 [INFO]     [OK] 04bbda08… |   211 KB | year=2021 (2020-2023) | fields=21
20:42:39 [INFO]   → Found 1 PDFs on https://www.regeringen.se/rattsliga-dokument/forordningsmotiv/2021/01/forordningsmotiv-for-forordning-om-andring-om-utbildning-pa-skolomradet-vid-spridning-av-viss-smitta/
20:42:44 [INFO]     [OK] 44290721… |   167 KB | year=2021 (2020-2023) | fields=20
20:42:57 [INFO]   → Found 1 PDFs on https://www.regeringen.se/rattsliga-dokument/forordningsmotiv/2020/06/forordning-om-omstallningsstod/
20:43:02 [INFO]     [OK] f44baad2… |   248 KB | year=2020 (2020-2023) | fields=20
20:43:45 [INFO]   → Found 1 PDFs on https://www.regeringen.se/rattsliga-dokument/kommittedirektiv/2026/04/tillaggsdirektiv-till-utredningen-om-hemliga-och-preventiva-tvangsmedel-ju-202504/
20:43:50 [INFO]     [OK] 6aefd6d8… |   164 KB | year=2026 (post-2026) | fields=26
20:43:55 [INFO]   → Found 1 PDFs on https://www.regeringen.se/rattsliga-dokument/kommittedirektiv/2026/04/dir.-202625
20:43:59 [INFO]     [OK] e157ba1d… |   231 KB | year=2026 (post-2026) | fields=27
20:44:03 [INFO]   → Found 1 PDFs on https://www.regeringen.se/rattsliga-dokument/kommittedirektiv/2026/04/dir.-202626
20:44:07 [INFO]     [OK] 9745d6b6… |   264 KB | year=2026 (post-2026) | fields=22
20:44:12 [INFO]   → Found 1 PDFs on https://www.regeringen.se/rattsliga-dokument/kommittedirektiv/2026/03/dir.-202618
20:44:16 [INFO]     [OK] 3bfa99cd… |   165 KB | year=2026 (post-2026) | fields=18
20:44:22 [INFO]   → Found 1 PDFs on https://www.regeringen.se/rattsliga-dokument/kommittedirektiv/2026/03/dir.-202622
20:44:31 [INFO]   → Found 1 PDFs on https://www.regeringen.se/rattsliga-dokument/kommittedirektiv/2026/03/en-forandrad-kommunal-revision/
20:44:39 [INFO]   → Found 1 PDFs on https://www.regeringen.se/rattsliga-dokument/kommittedirektiv/2026/03/dir.-202623
20:44:44 [INFO]   → Found 1 PDFs on https://www.regeringen.se/rattsliga-dokument/kommittedirektiv/2026/03/dir.-202619
20:44:53 [INFO]   → Found 1 PDFs on https://www.regeringen.se/rattsliga-dokument/kommittedirektiv/2026/03/dir.-202615
20:45:02 [INFO]   → Found 1 PDFs on https://www.regeringen.se/rattsliga-dokument/kommittedirektiv/2026/03/polismyndighetens-behandling-av-personuppgifter/
20:45:11 [INFO]   → Found 1 PDFs on https://www.regeringen.se/rattsliga-dokument/kommittedirektiv/2026/03/dir.-2025106
20:45:21 [INFO]   → Found 1 PDFs on https://www.regeringen.se/rattsliga-dokument/kommittedirektiv/2026/03/dir.-202616
20:45:30 [INFO]   → Found 1 PDFs on https://www.regeringen.se/rattsliga-dokument/kommittedirektiv/2026/03/dir.-202613
20:45:40 [INFO]   → Found 1 PDFs on https://www.regeringen.se/rattsliga-dokument/kommittedirektiv/2026/03/dir.-202581
20:45:49 [INFO]   → Found 1 PDFs on https://www.regeringen.se/rattsliga-dokument/kommittedirektiv/2026/03/dir.-202563
20:45:58 [INFO]   → Found 1 PDFs on https://www.regeringen.se/rattsliga-dokument/kommittedirektiv/2026/03/dir.-202612
20:46:03 [INFO]   → Found 1 PDFs on https://www.regeringen.se/rattsliga-dokument/kommittedirektiv/2026/02/dir.-20268
20:46:07 [INFO]     [OK] cddc15ca… |    86 KB | year=2024 (2024-2025) | fields=26
20:46:12 [INFO]   → Found 1 PDFs on https://www.regeringen.se/rattsliga-dokument/kommittedirektiv/2026/02/dir.-202611
20:46:47 [INFO]   → Found 1 PDFs on https://www.regeringen.se/rattsliga-dokument/lagradsremiss/2026/04/en-forandrad-abortlag/
20:46:56 [INFO]   → Found 1 PDFs on https://www.regeringen.se/rattsliga-dokument/lagradsremiss/2026/04/ett-nytt-straffrattsligt-pafoljdssystem/
20:47:07 [INFO]   → Found 1 PDFs on https://www.regeringen.se/rattsliga-dokument/lagradsremiss/2026/01/skarpta-regler-for-unga-lagovertradare/
20:47:17 [INFO]   → Found 1 PDFs on https://www.regeringen.se/rattsliga-dokument/lagradsremiss/2026/04/utmonstring-av-permanent-uppehallstillstand-och-anpassning-av-svensk-ratt-till-eus-migrations--och-asylpakt/
20:47:27 [INFO]   → Found 1 PDFs on https://www.regeringen.se/rattsliga-dokument/lagradsremiss/2026/04/effektivare-kontrollmojligheter-i-systemen-for-rot-rut-gron-teknik-och-personalliggare/
20:47:35 [INFO]   → Found 1 PDFs on https://www.regeringen.se/rattsliga-dokument/lagradsremiss/2026/03/krav-pa-kommunala-lantmaterimyndigheters-arendehanteringssystem/
20:47:46 [INFO]   → Found 1 PDFs on https://www.regeringen.se/rattsliga-dokument/lagradsremiss/2026/03/en-begransad-ratt-till-socialforsakringsformaner-for-den-som-avtjanar-sakerhetsforvaring-eller-fangelsestraff-i-kontrollerat-boende/
20:47:54 [INFO]   → Found 1 PDFs on https://www.regeringen.se/rattsliga-dokument/departementsserien-och-promemorior/2025/05/utkast-till-lagradsremiss-skarpta-regler-for-villkorlig-frigivning/
20:47:59 [INFO]     [OK] 49224cb3… |   829 KB | year=2025 (2024-2025) | fields=25
20:48:02 [INFO]   → Found 1 PDFs on https://www.regeringen.se/rattsliga-dokument/lagradsremiss/2025/08/skarpta-regler-for-villkorlig-frigivning/
20:48:07 [INFO]     [OK] 4af772ef… |  1030 KB | year=2025 (2024-2025) | fields=25
20:48:12 [INFO]   → Found 1 PDFs on https://www.regeringen.se/rattsliga-dokument/lagradsremiss/2026/03/starkt-atervandandeverksamhet/
20:48:21 [INFO]   → Found 1 PDFs on https://www.regeringen.se/rattsliga-dokument/lagradsremiss/2026/03/skarpta-och-tydligare-krav-pa-vandel-for-uppehallstillstand/
20:48:29 [INFO]   → Found 1 PDFs on https://www.regeringen.se/rattsliga-dokument/lagradsremiss/2026/03/for-barns-rattigheter-och-trygghet--en-ny-lag-om-omhandertagande-for-vard-av-barn-och-unga/
20:48:38 [INFO]   → Found 1 PDFs on https://www.regeringen.se/rattsliga-dokument/lagradsremiss/2026/03/forbattrade-forutsattningar-for-operativt-militart-samarbete/
20:48:46 [INFO]   → Found 1 PDFs on https://www.regeringen.se/rattsliga-dokument/lagradsremiss/2026/03/ny-myndighet-for-miljoprovning/
20:48:56 [INFO]   → Found 1 PDFs on https://www.regeringen.se/rattsliga-dokument/lagradsremiss/2026/03/ersattning-vid-radighetsinskrankningar-till-foljd-av-artskyddet/
20:49:03 [INFO]   → Found 1 PDFs on https://www.regeringen.se/rattsliga-dokument/lagradsremiss/2026/03/ett-tydligt-regelverk-for-aktivt-skogsbruk/
20:49:33 [INFO]   → Found 1 PDFs on https://www.regeringen.se/rattsliga-dokument/proposition/2026/04/prop.-202526237
20:49:37 [INFO]     [OK] c7e2b7c2… |   626 KB | year=2025 (2024-2025) | fields=27
20:49:41 [INFO]   → Found 3 PDFs on https://www.regeringen.se/rattsliga-dokument/proposition/2026/04/prop.-202526240
20:49:46 [INFO]     [OK] 3a733922… |  3997 KB | year=2025 (2024-2025) | fields=24
20:49:51 [INFO]     [OK] f56a3174… |  2307 KB | year=2025 (2024-2025) | fields=24
20:49:56 [INFO]     [OK] dc1fe5e3… |  1954 KB | year=2025 (2024-2025) | fields=24
20:50:01 [INFO]   → Found 1 PDFs on https://www.regeringen.se/rattsliga-dokument/lagradsremiss/2026/02/nya-lagar-om-elsystemet/
20:50:15 [INFO]   → Found 1 PDFs on https://www.regeringen.se/rattsliga-dokument/proposition/2026/04/prop.-202526239
20:50:24 [INFO]   → Found 1 PDFs on https://www.regeringen.se/rattsliga-dokument/proposition/2026/04/prop.-202526243
20:50:29 [INFO]     [OK] 6b22355b… |   714 KB | year=2025 (2024-2025) | fields=21
20:50:34 [INFO]   → Found 1 PDFs on https://www.regeringen.se/rattsliga-dokument/departementsserien-och-promemorior/2025/06/forbattrade-regler-for-svensk-tonnagebeskattning/
20:50:39 [INFO]     [OK] eedca7e9… |   501 KB | year=2025 (2024-2025) | fields=20
20:50:44 [INFO]   → Found 1 PDFs on https://www.regeringen.se/rattsliga-dokument/lagradsremiss/2025/11/forbattrade-regler-for-svensk-tonnagebeskattning/
20:50:49 [INFO]     [OK] b37a7a77… |   638 KB | year=2025 (2024-2025) | fields=21
20:50:53 [INFO]   → Found 1 PDFs on https://www.regeringen.se/rattsliga-dokument/proposition/2026/04/prop.-202526234
20:50:57 [INFO]     [OK] 4f881018… |   470 KB | year=2025 (2024-2025) | fields=21
20:51:01 [INFO]   → Found 1 PDFs on https://www.regeringen.se/rattsliga-dokument/proposition/2026/04/prop.-202526217
20:51:06 [INFO]     [OK] c19b9e78… |   669 KB | year=2025 (2024-2025) | fields=26
20:51:35 [INFO]   → Found 1 PDFs on https://www.regeringen.se/rattsliga-dokument/skrivelse/2026/04/skr.-202526245
20:51:43 [INFO]   → Found 1 PDFs on https://www.regeringen.se/rattsliga-dokument/skrivelse/2026/04/skr.-202526241
20:51:47 [INFO]     [OK] 5369ab70… |  1022 KB | year=2025 (2024-2025) | fields=24
20:51:52 [INFO]   → Found 1 PDFs on https://www.regeringen.se/rattsliga-dokument/skrivelse/2026/04/skr.-20252698
20:51:56 [INFO]   → Found 1 PDFs on https://www.regeringen.se/rattsliga-dokument/skrivelse/2026/04/skr.-202526101
20:52:01 [INFO]     [OK] 934a7d8f… |  4848 KB | year=2025 (2024-2025) | fields=22
20:52:14 [INFO]   → Found 1 PDFs on https://www.regeringen.se/rattsliga-dokument/skrivelse/2026/03/skr.-20252690
20:52:18 [INFO]     [OK] 54aa7fc0… |   289 KB | year=2025 (2024-2025) | fields=31
20:52:26 [INFO]   → Found 1 PDFs on https://www.regeringen.se/rattsliga-dokument/skrivelse/2026/03/skr.-202526162
20:52:34 [INFO]   → Found 1 PDFs on https://www.regeringen.se/rattsliga-dokument/skrivelse/2026/03/skr.-20252675
20:52:39 [INFO]     [OK] da5cde8a… |  3428 KB | year=2025 (2024-2025) | fields=21
20:52:43 [INFO]   → Found 1 PDFs on https://www.regeringen.se/rattsliga-dokument/skrivelse/2026/03/skr.-202526103
20:52:47 [INFO]     [OK] 6c22c014… |  2353 KB | year=2025 (2024-2025) | fields=22
20:52:52 [INFO]   → Found 1 PDFs on https://www.regeringen.se/rattsliga-dokument/skrivelse/2026/03/skr.-202526163
20:52:55 [INFO]     [OK] 045be571… |   418 KB | year=2025 (2024-2025) | fields=19
20:53:00 [INFO]   → Found 1 PDFs on https://www.regeringen.se/rattsliga-dokument/skrivelse/2026/03/skr.202526115
20:53:03 [INFO]     [OK] 92afa710… |   957 KB | year=2025 (2024-2025) | fields=21
20:53:08 [INFO]   → Found 1 PDFs on https://www.regeringen.se/rattsliga-dokument/skrivelse/2026/03/skr.-20252697
20:53:12 [INFO]     [OK] 7f4f9f48… |   979 KB | year=2025 (2024-2025) | fields=21
20:53:16 [INFO]   → Found 1 PDFs on https://www.regeringen.se/rattsliga-dokument/skrivelse/2026/03/skr.-202526137
20:53:20 [INFO]     [OK] 95e5b14a… |  2318 KB | year=2025 (2024-2025) | fields=29
20:53:26 [INFO]   → Found 1 PDFs on https://www.regeringen.se/rattsliga-dokument/skrivelse/2026/03/skr.-202526166
20:53:30 [INFO]     [OK] 15a44958… |  2570 KB | year=2025 (2024-2025) | fields=27
20:53:58 [INFO]   → Found 1 PDFs on https://www.regeringen.se/rattsliga-dokument/statens-offentliga-utredningar/2026/04/sou-202625/
20:54:02 [INFO]   → Found 1 PDFs on https://www.regeringen.se/rattsliga-dokument/statens-offentliga-utredningar/2026/03/sou-202622/
20:54:07 [INFO]   → Found 1 PDFs on https://www.regeringen.se/rattsliga-dokument/statens-offentliga-utredningar/2026/03/sou-202623/
20:54:21 [INFO]   → Found 1 PDFs on https://www.regeringen.se/rattsliga-dokument/statens-offentliga-utredningar/2026/03/sou-202621/
20:54:29 [INFO]   → Found 1 PDFs on https://www.regeringen.se/rattsliga-dokument/statens-offentliga-utredningar/2026/03/sou-202618/
20:54:38 [INFO]   → Found 1 PDFs on https://www.regeringen.se/rattsliga-dokument/statens-offentliga-utredningar/2026/03/sou-202619/
20:54:42 [INFO]   → Found 1 PDFs on https://www.regeringen.se/rattsliga-dokument/statens-offentliga-utredningar/2026/03/sou-202620/
20:54:51 [INFO]   → Found 1 PDFs on https://www.regeringen.se/rattsliga-dokument/statens-offentliga-utredningar/2026/03/sou-202614/
20:54:59 [INFO]   → Found 2 PDFs on https://www.regeringen.se/rattsliga-dokument/statens-offentliga-utredningar/2026/03/sou-202615/
20:55:17 [INFO]   → Found 2 PDFs on https://www.regeringen.se/rattsliga-dokument/statens-offentliga-utredningar/2026/02/okade-mojligheter-till-tillgangsinriktad-brottsbekampning/
20:55:30 [INFO]   → Found 1 PDFs on https://www.regeringen.se/rattsliga-dokument/statens-offentliga-utredningar/2026/02/sou-20268/
20:55:35 [INFO]   → Found 1 PDFs on https://www.regeringen.se/rattsliga-dokument/statens-offentliga-utredningar/2026/02/sou-202612/
20:55:44 [INFO]   → Found 1 PDFs on https://www.regeringen.se/rattsliga-dokument/statens-offentliga-utredningar/2026/02/sou-202502/
20:55:49 [INFO]   → Found 2 PDFs on https://www.regeringen.se/rattsliga-dokument/statens-offentliga-utredningar/2026/02/sou-20267/
20:55:54 [INFO]   → Found 1 PDFs on https://www.regeringen.se/rattsliga-dokument/statens-offentliga-utredningar/2026/01/sou-20269/
20:56:22 [INFO]   → Found 1 PDFs on https://www.regeringen.se/rattsliga-dokument/sveriges-internationella-overenskommelser/2026/03/natodeklaration-fran-toppmotet-i-haag/
20:56:31 [INFO]   → Found 1 PDFs on https://www.regeringen.se/rattsliga-dokument/sveriges-internationella-overenskommelser/2026/03/samforstandsavtal-om-skydd-av-civilbefolkningen-i-ostersjoomradet-och-norden/
20:56:39 [INFO]   → Found 1 PDFs on https://www.regeringen.se/rattsliga-dokument/sveriges-internationella-overenskommelser/2025/11/fordjupat-och-utvidgat-strategiskt-innovationspartnerskap-mellan-sverige-och-tyskland/
20:56:44 [INFO]     [OK] e97dd3ff… |   253 KB | year=2025 (2024-2025) | fields=22
20:56:47 [INFO]   → Found 1 PDFs on https://www.regeringen.se/rattsliga-dokument/sveriges-internationella-overenskommelser/2025/11/avsiktsforklaring-mellan-ukraina-och-sverige-om-fordjupat-samarbete-inom-forsvarsinnovation/
20:56:51 [INFO]     [OK] af23e641… |   132 KB | year=2025 (2024-2025) | fields=25
20:56:57 [INFO]   → Found 1 PDFs on https://www.regeringen.se/rattsliga-dokument/sveriges-internationella-overenskommelser/2025/10/avsiktsforklaring-mellan-ukraina-och-sverige-gallande-samarbete-inom-luftforsvar/
20:57:01 [INFO]     [OK] fb375ed4… |    82 KB | year=2025 (2024-2025) | fields=16
20:57:06 [INFO]   → Found 1 PDFs on https://www.regeringen.se/rattsliga-dokument/sveriges-internationella-overenskommelser/2025/09/avsiktsforklaring-mellan-sverige-och-polen-om-militartekniskt-samarbete/
20:57:11 [INFO]     [OK] 77edd024… |   198 KB | year=2025 (2024-2025) | fields=20
20:57:15 [INFO]   → Found 1 PDFs on https://www.regeringen.se/rattsliga-dokument/sveriges-internationella-overenskommelser/2025/08/avsiktsforklaring-om-gemensam-produktion-i-sverige-av-forsvarsmateriel-till-ukraina/
20:57:24 [INFO]   → Found 1 PDFs on https://www.regeringen.se/rattsliga-dokument/sveriges-internationella-overenskommelser/2025/08/so-201911/
20:57:32 [INFO]   → Found 2 PDFs on https://www.regeringen.se/rattsliga-dokument/sveriges-internationella-overenskommelser/2021/02/so-20217/
20:57:37 [INFO]     [OK] 05886b15… |   131 KB | year=2021 (2020-2023) | fields=38
20:57:45 [INFO]   → Found 1 PDFs on https://www.regeringen.se/rattsliga-dokument/sveriges-internationella-overenskommelser/2023/06/so-20233/
20:57:53 [INFO]   → Found 1 PDFs on https://www.regeringen.se/rattsliga-dokument/sveriges-internationella-overenskommelser/2024/10/so-202410/
20:58:03 [INFO]   → Found 1 PDFs on https://www.regeringen.se/rattsliga-dokument/sveriges-internationella-overenskommelser/2025/06/avsiktsforklaring-om-att-starka-samarbetet-avseende-civil-beredskap-och-samhallets-motstandskraft-mellan-sverige-och-danmark/
20:58:13 [INFO]   → Found 1 PDFs on https://www.regeringen.se/rattsliga-dokument/sveriges-internationella-overenskommelser/2025/05/so-20193/
20:58:17 [INFO]   → Found 1 PDFs on https://www.regeringen.se/rattsliga-dokument/sveriges-internationella-overenskommelser/2025/05/so-201811/
20:58:21 [INFO]   → Found 1 PDFs on https://www.regeringen.se/rattsliga-dokument/sveriges-internationella-overenskommelser/2019/10/overenskommelse-mellan-finland-norge-och-sverige-om-stiftelsen-utbildning-nordkalotten-stockholm-den-25-november-2019/
20:58:43 [INFO]   → Found 1 PDFs on https://www.regeringen.se/rattsliga-dokument/sveriges-internationella-overenskommelser/2025/02/avsiktsforklaring-mellan-sverige-och-polen-om-fordjupat-samarbete-inom-civilt-forsvar-och-krisberedskap2/
20:58:52 [INFO]   → Found 1 PDFs on https://www.regeringen.se/rattsliga-dokument/sveriges-internationella-overenskommelser/2025/01/so-20253/
20:59:21 [INFO]   → Found 1 PDFs on https://www.regeringen.se/faktapromemoria/2026/04/202526fpm87/
20:59:25 [INFO]   → Found 1 PDFs on https://www.regeringen.se/faktapromemoria/2026/04/202526fpm88/
20:59:34 [INFO]   → Found 1 PDFs on https://www.regeringen.se/faktapromemoria/2026/04/202526-fpm85/
20:59:43 [INFO]   → Found 1 PDFs on https://www.regeringen.se/faktapromemoria/2026/04/202526fpm86/
20:59:53 [INFO]   → Found 1 PDFs on https://www.regeringen.se/faktapromemoria/2026/04/202526fpm83/
21:00:01 [INFO]   → Found 1 PDFs on https://www.regeringen.se/faktapromemoria/2026/04/202526fpm84/
21:00:12 [INFO]   → Found 1 PDFs on https://www.regeringen.se/faktapromemoria/2026/03/202526fpm82/
21:00:19 [INFO]   → Found 1 PDFs on https://www.regeringen.se/faktapromemoria/2026/03/202526fpm81/
21:00:28 [INFO]   → Found 1 PDFs on https://www.regeringen.se/faktapromemoria/2026/03/202526fpm80/
21:00:37 [INFO]   → Found 1 PDFs on https://www.regeringen.se/faktapromemoria/2026/03/202526fpm79/
21:00:46 [INFO]   → Found 1 PDFs on https://www.regeringen.se/faktapromemoria/2026/03/202526fpm77/
21:00:51 [INFO]   → Found 1 PDFs on https://www.regeringen.se/faktapromemoria/2026/02/202526fpm76/
21:01:00 [INFO]   → Found 1 PDFs on https://www.regeringen.se/faktapromemoria/2026/02/202526fpm78/
21:01:08 [INFO]   → Found 1 PDFs on https://www.regeringen.se/faktapromemoria/2026/02/202526fpm75/
21:01:12 [INFO]   → Found 1 PDFs on https://www.regeringen.se/faktapromemoria/2026/02/202526fpm74/
21:01:24 [INFO]   → Found 1 PDFs on https://www.regeringen.se/faktapromemoria/2026/02/202526fpm72/
21:01:36 [INFO]   → Found 1 PDFs on https://www.regeringen.se/faktapromemoria/2026/02/202526fpm73/
21:01:41 [INFO]   → Found 1 PDFs on https://www.regeringen.se/faktapromemoria/2026/02/202526fpm71/
21:01:46 [INFO]   → Found 1 PDFs on https://www.regeringen.se/faktapromemoria/2026/02/202526fpm70/
21:01:54 [INFO]   → Found 1 PDFs on https://www.regeringen.se/faktapromemoria/2026/02/202526fpm55/
21:02:24 [INFO]   → Found 1 PDFs on https://www.regeringen.se/rapporter/2026/04/metod-for-regeringens-bedomning-av-finanspolitikens-langsiktiga-hallbarhet-april-2026/
21:02:33 [INFO]   → Found 1 PDFs on https://www.regeringen.se/rapporter/2026/04/teknisk-bilaga-till-fordelningspolitisk-redogorelse-april-2026/
21:02:38 [INFO]   → Found 1 PDFs on https://www.regeringen.se/rapporter/2021/09/svara-pa-remiss/
21:02:43 [INFO]     [OK] cdd69710… |   295 KB | year=2021 (2020-2023) | fields=22
21:02:51 [INFO]   → Found 1 PDFs on https://www.regeringen.se/rapporter/2025/12/remissammanstallning-av-kommissionens-forslag-till-andring-av-eus-klimatlag-och-eus-klimatmal-for-2040-com-2025-524/
21:02:59 [INFO]   → Found 1 PDFs on https://www.regeringen.se/rapporter/2025/11/riktlinjer-for-statsskuldens-forvaltning-2026/
21:03:04 [INFO]   → Found 1 PDFs on https://www.regeringen.se/rapporter/2025/11/en-godstransportstrategi-for-ett-konkurrenskraftigt-naringsliv/
21:03:07 [INFO]   → Found 1 PDFs on https://www.regeringen.se/rapporter/2025/10/sveriges-bistand-till-halsa-och-srhr-2024/
21:03:21 [INFO]   → Found 1 PDFs on https://www.regeringen.se/rapporter/2025/10/fardplan-for-de-offentliga-affarerna-2025-2030/
21:03:27 [INFO]   → Found 1 PDFs on https://www.regeringen.se/rapporter/2025/09/berakningskonventioner-2026/
21:03:30 [INFO]   → Found 1 PDFs on https://www.regeringen.se/rapporter/2025/09/teknisk-bilaga-till-ekonomisk-jamstalldhet-september-2025/
21:03:36 [INFO]   → Found 1 PDFs on https://www.regeringen.se/rapporter/2025/06/verksamhetsberattelse-for-bolag-med-statligt-agande-2024/
21:03:40 [INFO]   → Found 1 PDFs on https://www.regeringen.se/rapporter/2025/05/sveriges-digitaliseringsstrategi-20252030/
21:03:44 [INFO]   → Found 1 PDFs on https://www.regeringen.se/rapporter/2025/05/sveriges-lagesrapport-2025/
21:03:48 [INFO]   → Found 1 PDFs on https://www.regeringen.se/rapporter/2025/04/teknisk-bilaga-till-fordelningspolitisk-redogorelse-april-2025/
21:03:52 [INFO]   → Found 1 PDFs on https://www.regeringen.se/rapporter/2025/04/metod-for-regeringens-bedomning-av-finanspolitikens-langsiktiga-hallbarhet/
21:04:02 [INFO]   → Found 1 PDFs on https://www.regeringen.se/rapporter/2025/02/statens-agarpolicy-2025/
21:04:06 [INFO]   → Found 1 PDFs on https://www.regeringen.se/rapporter/2025/01/delrapport-2-redovisning-av-karnkraftssamordnarens-insatser-avseende-utbyggnad-av-ny-karnkraft-i-sverige--januari-2025/
21:04:10 [INFO]   → Found 4 PDFs on https://www.regeringen.se/rapporter/2025/01/konsfordelningen-ar-fortsatt-jamn-i-statliga-myndigheters-styrelser-och-insynsrad/
21:04:14 [INFO]     [OK] d059710f… |   152 KB | year=2023 (2020-2023) | fields=25
21:04:20 [INFO]     [OK] 4a966168… |   205 KB | year=2023 (2020-2023) | fields=21
21:04:25 [INFO]     [OK] 5dbe3888… |   162 KB | year=2023 (2020-2023) | fields=22
21:04:28 [INFO]     [OK] 119125c0… |   130 KB | year=2023 (2020-2023) | fields=22
21:05:27 [INFO]   → Found 1 PDFs on https://www.regeringen.se/rattsliga-dokument/kommittedirektiv/2023/07/dir.-2023112
21:05:33 [INFO]     [OK] ead24b18… |   168 KB | year=2023 (2020-2023) | fields=25
21:05:37 [INFO]   → Found 1 PDFs on https://www.regeringen.se/rattsliga-dokument/departementsserien-och-promemorior/2025/02/ds-20254/
21:05:46 [INFO]   → Found 1 PDFs on https://www.regeringen.se/rattsliga-dokument/statens-offentliga-utredningar/2025/01/sou-202511/
21:05:55 [INFO]   → Found 1 PDFs on https://www.regeringen.se/rattsliga-dokument/statens-offentliga-utredningar/2024/06/sou-202439/
21:06:03 [INFO]   → Found 1 PDFs on https://www.regeringen.se/rattsliga-dokument/lagradsremiss/2025/09/utkast-till-lagradsremiss-sankt-straffbarhetsalder-for-allvarliga-brott/
21:06:12 [INFO]   → Found 1 PDFs on https://www.regeringen.se/rattsliga-dokument/proposition/2026/04/prop.-202526227
21:06:17 [INFO]   → Found 1 PDFs on https://www.regeringen.se/rattsliga-dokument/proposition/2026/03/prop.-202526181
21:06:25 [INFO]   → Found 1 PDFs on https://www.regeringen.se/rattsliga-dokument/proposition/2026/02/prop.-202526143
21:06:33 [INFO]   → Found 5 PDFs on https://www.regeringen.se/rattsliga-dokument/proposition/2025/09/2025261/
21:06:56 [INFO]   → Found 1 PDFs on https://www.regeringen.se/rattsliga-dokument/proposition/2025/09/prop.-2025262
21:07:00 [INFO]   → Found 1 PDFs on https://www.regeringen.se/rattsliga-dokument/kommittedirektiv/2025/06/dir.-202558
21:07:09 [INFO]   → Found 1 PDFs on https://www.regeringen.se/rattsliga-dokument/kommittedirektiv/2024/01/dir.-20242
21:07:18 [INFO]   → Found 1 PDFs on https://www.regeringen.se/rattsliga-dokument/statens-offentliga-utredningar/2025/07/sou-202586/
21:07:27 [INFO]   → Found 1 PDFs on https://www.regeringen.se/rattsliga-dokument/proposition/2026/02/prop.-202526117
21:07:32 [INFO]   → Found 1 PDFs on https://www.regeringen.se/rattsliga-dokument/departementsserien-och-promemorior/2025/11/ds-202526/
21:07:41 [INFO]   → Found 1 PDFs on https://www.regeringen.se/rattsliga-dokument/departementsserien-och-promemorior/2025/10/ds-202524/
21:07:45 [INFO]   → Found 1 PDFs on https://www.regeringen.se/rattsliga-dokument/departementsserien-och-promemorior/2024/04/promemoria-ett-mer-enhetligt-regelverk-for-foraldraforsakringen/
21:07:53 [INFO]   → Found 12 PDFs on https://www.regeringen.se/remisser/2026/03/remittering-av-utkast-till-lagradsremiss-nagra-fortydliganden-och-justeringar-i-de-nya-reglerna-om-bygglov/
21:08:54 [INFO]   → Found 1 PDFs on https://www.regeringen.se/rattsliga-dokument/departementsserien-och-promemorior/2026/02/tradgardsstaden--en-hallbar-form-for-smahusbyggande/
21:09:04 [INFO]   → Found 1 PDFs on https://www.regeringen.se/rattsliga-dokument/departementsserien-och-promemorior/2025/11/ds-202528/
21:09:08 [INFO]   → Found 1 PDFs on https://www.regeringen.se/rattsliga-dokument/departementsserien-och-promemorior/2025/11/kostnader-som-begransar-mojligheterna-att-bygga-smahus/
21:09:17 [INFO]   → Found 1 PDFs on https://www.regeringen.se/rattsliga-dokument/kommittedirektiv/2023/06/dir.-202381
21:09:21 [INFO]     [OK] 35694abe… |   246 KB | year=2023 (2020-2023) | fields=20
21:09:25 [INFO]   → Found 1 PDFs on https://www.regeringen.se/rattsliga-dokument/statens-offentliga-utredningar/2026/01/sou-20261/
21:09:33 [INFO]   → Found 1 PDFs on https://www.regeringen.se/rattsliga-dokument/statens-offentliga-utredningar/2025/01/sou-20253/
21:09:43 [INFO]   → Found 1 PDFs on https://www.regeringen.se/rattsliga-dokument/kommittedirektiv/2023/08/dir.-2023119
21:09:47 [INFO]     [OK] 36b9dcd9… |   234 KB | year=2023 (2020-2023) | fields=25
21:09:52 [INFO]   → Found 1 PDFs on https://www.regeringen.se/rattsliga-dokument/statens-offentliga-utredningar/2025/02/sou-202516/
21:10:00 [INFO]   → Found 1 PDFs on https://www.regeringen.se/rattsliga-dokument/statens-offentliga-utredningar/2024/01/sou-20245/
21:10:06 [INFO]   → Found 1 PDFs on https://www.regeringen.se/rattsliga-dokument/lagradsremiss/2025/04/forbattrad-ordning-och-sakerhet-vid-forvar/
21:10:14 [INFO]   → Found 1 PDFs on https://www.regeringen.se/rattsliga-dokument/proposition/2025/04/prop.-202425161
21:10:23 [INFO]   → Found 1 PDFs on https://www.regeringen.se/rattsliga-dokument/lagradsremiss/2026/02/tidsbegransat-boende-for-vissa-nyanlanda-invandrare--en-ny-lag-om-bosattning/
21:10:32 [INFO]   → Found 1 PDFs on https://www.regeringen.se/rattsliga-dokument/lagradsremiss/2026/02/skarpta-krav-for-svenskt-medborgarskap/
21:10:43 [INFO]   → Found 1 PDFs on https://www.regeringen.se/rattsliga-dokument/lagradsremiss/2025/12/inhibition-av-verkstalligheten--en-ny-ordning-for-vissa-utlanningar-vid-tillfalliga-verkstallighetshinder/
21:10:52 [INFO]   → Found 1 PDFs on https://www.regeringen.se/pressmeddelanden/2025/12/regeringen-foreslar-nya-regler-for-personer-med-utvisningsbeslut-som-inte-kan-utvisas-direkt/
21:11:01 [INFO]   → Found 1 PDFs on https://www.regeringen.se/rattsliga-dokument/departementsserien-och-promemorior/2024/10/ds-202421/
21:11:10 [INFO]   → Found 1 PDFs on https://www.regeringen.se/rattsliga-dokument/lagradsremiss/2022/08/personuppgiftsbehandling-vid-antalsberakning-infor-klinisk-forskning/
21:11:15 [INFO]     [OK] 7a24fcca… |   554 KB | year=2022 (2020-2023) | fields=19
21:11:27 [INFO]   → Found 1 PDFs on https://www.regeringen.se/rattsliga-dokument/lagradsremiss/2026/02/privatkopieringsersattning/
21:11:35 [INFO]   → Found 1 PDFs on https://www.regeringen.se/rattsliga-dokument/lagradsremiss/2026/01/en-statlig-e-legitimation/
21:11:43 [INFO]   → Found 1 PDFs on https://www.regeringen.se/rattsliga-dokument/lagradsremiss/2025/02/ersattning-till-radio--och-tv-foretag-vid-privatkopiering/
21:11:52 [INFO]   → Found 1 PDFs on https://www.regeringen.se/rattsliga-dokument/departementsserien-och-promemorior/2024/10/promemoria-andrade-ersattningsregler-for-anvandning-av-musik/
21:12:02 [INFO]   → Found 1 PDFs on https://www.regeringen.se/rattsliga-dokument/departementsserien-och-promemorior/2025/02/andrade-ersattningsregler-for-privatkopiering/
21:12:24 [INFO]   → Found 1 PDFs on https://www.regeringen.se/rattsliga-dokument/lagradsremiss/2026/03/vindkraft-i-kommuner--intaktsdelning/
21:12:32 [INFO]   → Found 1 PDFs on https://www.regeringen.se/rattsliga-dokument/lagradsremiss/2026/02/undantag-fran-krav-enligt-art--och-habitatdirektivet-vid-vattenkraftens-omprovning/
21:12:42 [INFO]   → Found 1 PDFs on https://www.regeringen.se/rattsliga-dokument/skrivelse/2025/05/skr.-202425130
21:12:46 [INFO]   → Found 1 PDFs on https://www.regeringen.se/rattsliga-dokument/skrivelse/2025/01/skr.-20242582
21:12:51 [INFO]     [OK] 579947e9… |   499 KB | year=2023 (2020-2023) | fields=22
21:12:55 [INFO]   → Found 1 PDFs on https://www.regeringen.se/rattsliga-dokument/skrivelse/2024/11/skr.-20242552
21:12:59 [INFO]   → Found 1 PDFs on https://www.regeringen.se/rattsliga-dokument/departementsserien-och-promemorior/2021/05/regeringens-plan-for-avveckling-av-restriktioner/
21:13:04 [INFO]     [OK] 7eaeac9b… |   251 KB | year=2021 (2020-2023) | fields=23
21:13:14 [INFO]   → Found 1 PDFs on https://www.regeringen.se/rattsliga-dokument/departementsserien-och-promemorior/2025/09/kraftfullare-atgarder-mot-manipulation-och-allvarligt-missbruk-av-fardskrivare/
21:13:23 [INFO]   → Found 1 PDFs on https://www.regeringen.se/rattsliga-dokument/lagradsremiss/2026/03/kraftfullare-atgarder-mot-manipulation-och-allvarligt-missbruk-av-fardskrivare/
21:13:46 [INFO]   → Found 2 PDFs on https://www.regeringen.se/rattsliga-dokument/departementsserien-och-promemorior/2025/05/eus-bankpaket/
21:13:57 [INFO]   → Found 1 PDFs on https://www.regeringen.se/rattsliga-dokument/departementsserien-och-promemorior/2025/07/nya-regler-for-att-framja-central-clearing-av-otc-derivat-i-eu/
21:14:08 [INFO]   → Found 1 PDFs on https://www.regeringen.se/rattsliga-dokument/departementsserien-och-promemorior/2025/06/nya-regler-for-att-underlatta-noteringar-av-vardepapper/
21:14:16 [INFO]   → Found 1 PDFs on https://www.regeringen.se/rattsliga-dokument/lagradsremiss/2026/02/eus-bankpaket/
21:14:25 [INFO]   → Found 1 PDFs on https://www.regeringen.se/rattsliga-dokument/lagradsremiss/2026/02/nya-regler-for-att-framja-central-clearing-av-otc-derivat-i-eu/
21:14:35 [INFO]   → Found 1 PDFs on https://www.regeringen.se/rattsliga-dokument/proposition/2026/03/prop.-202526186
21:14:39 [INFO]   → Found 1 PDFs on https://www.regeringen.se/rattsliga-dokument/proposition/2026/03/prop.-202526200
21:14:49 [INFO]   → Found 1 PDFs on https://www.regeringen.se/rattsliga-dokument/proposition/2026/02/prop.-202526129
21:14:53 [INFO]   → Found 1 PDFs on https://www.regeringen.se/rattsliga-dokument/proposition/2026/02/prop.-202526124
21:15:12 [INFO]   → Found 1 PDFs on https://www.regeringen.se/rattsliga-dokument/kommittedirektiv/2025/01/tillaggsdirektiv-till-2023-ars-insynskommitte-ju-202307/
21:15:20 [INFO]     [OK] 7b62298c… |   105 KB | year=2023 (2020-2023) | fields=23
21:15:25 [INFO]   → Found 1 PDFs on https://www.regeringen.se/rattsliga-dokument/kommittedirektiv/2023/06/dir.-202388
21:15:30 [INFO]     [OK] e7bc0ce2… |   237 KB | year=2023 (2020-2023) | fields=25
21:15:34 [INFO]   → Found 1 PDFs on https://www.regeringen.se/rattsliga-dokument/statens-offentliga-utredningar/2025/05/sou-202552/
21:15:45 [INFO]   → Found 1 PDFs on https://www.regeringen.se/rattsliga-dokument/lagradsremiss/2025/05/sakerhet-och-tillganglighet-vid-val/
21:15:54 [INFO]   → Found 1 PDFs on https://www.regeringen.se/rattsliga-dokument/lagradsremiss/2024/02/en-tydligare-bestammelse-om-hets-mot-folkgrupp/
21:16:02 [INFO]   → Found 1 PDFs on https://www.regeringen.se/rattsliga-dokument/lagradsremiss/2022/02/skarpt-straff-for-gravfridsbrott/
21:16:07 [INFO]     [OK] 89181fbd… |   284 KB | year=2022 (2020-2023) | fields=26
21:16:12 [INFO]   → Found 1 PDFs on https://www.regeringen.se/rattsliga-dokument/kommittedirektiv/2023/08/dir.-2023123
21:16:15 [INFO]     [OK] 5fc2a5cb… |   207 KB | year=2023 (2020-2023) | fields=25
21:16:20 [INFO]   → Found 1 PDFs on https://www.regeringen.se/rattsliga-dokument/statens-offentliga-utredningar/2024/07/sou-202452/
21:16:30 [INFO]   → Found 1 PDFs on https://www.regeringen.se/rattsliga-dokument/proposition/2025/12/prop.-20252678
21:16:38 [INFO]   → Found 1 PDFs on https://www.regeringen.se/rattsliga-dokument/proposition/2025/05/prop.-202425181
21:16:43 [INFO]   → Found 1 PDFs on https://www.regeringen.se/rattsliga-dokument/proposition/2024/03/prop.-20232493
21:16:47 [INFO]     [OK] 1ac81398… |   582 KB | year=2023 (2020-2023) | fields=24
21:16:51 [INFO]   → Found 1 PDFs on https://www.regeringen.se/rattsliga-dokument/proposition/2022/03/prop.-202122195
21:16:55 [INFO]     [OK] bd2d6c85… |   288 KB | year=2022 (2020-2023) | fields=26
21:16:59 [INFO]   → Found 1 PDFs on https://www.regeringen.se/rattsliga-dokument/departementsserien-och-promemorior/2025/04/uppgiftsskyldighet-for-vissa-e-legitimationsforetag/
21:17:08 [INFO]   → Found 1 PDFs on https://www.regeringen.se/rattsliga-dokument/lagradsremiss/2026/01/uppgiftsskyldighet-for-vissa-e-legitimationsforetag/
21:17:16 [INFO]   → Found 1 PDFs on https://www.regeringen.se/rattsliga-dokument/proposition/2018/03/prop.-201718142
21:17:36 [INFO]   → Found 1 PDFs on https://www.regeringen.se/rattsliga-dokument/kommittedirektiv/2025/03/dir.-202528
21:17:50 [INFO]   → Found 1 PDFs on https://www.regeringen.se/rattsliga-dokument/kommittedirektiv/2025/06/dir.-202565
21:17:58 [INFO]   → Found 1 PDFs on https://www.regeringen.se/rattsliga-dokument/kommittedirektiv/2024/02/dir.-202424
21:18:07 [INFO]   → Found 1 PDFs on https://www.regeringen.se/rattsliga-dokument/statens-offentliga-utredningar/2025/01/sou-20252/
21:18:18 [INFO]   → Found 1 PDFs on https://www.regeringen.se/rattsliga-dokument/statens-offentliga-utredningar/2023/04/sou-202317/
21:18:22 [INFO]     [OK] 126bd1d7… |  2826 KB | year=2023 (2020-2023) | fields=40
21:18:27 [INFO]   → Found 1 PDFs on https://www.regeringen.se/rattsliga-dokument/statens-offentliga-utredningar/2023/03/sou-202312/
21:18:32 [INFO]     [OK] e76fbfb9… |  4034 KB | year=2023 (2020-2023) | fields=40
21:18:40 [INFO]   → Found 1 PDFs on https://www.regeringen.se/rattsliga-dokument/skrivelse/2026/03/skr.-202526156
21:18:45 [INFO]   → Found 1 PDFs on https://www.regeringen.se/rattsliga-dokument/skrivelse/2025/04/202425149/
21:18:49 [INFO]   → Found 1 PDFs on https://www.regeringen.se/rattsliga-dokument/skrivelse/2025/01/skr.-20242577
21:18:55 [INFO]   → Found 1 PDFs on https://www.regeringen.se/rattsliga-dokument/skrivelse/2024/10/skr.-20242523
21:19:05 [INFO]   → Found 1 PDFs on https://www.regeringen.se/rattsliga-dokument/kommittedirektiv/2025/12/dir.-2025110
21:19:12 [INFO]   → Found 1 PDFs on https://www.regeringen.se/rattsliga-dokument/kommittedirektiv/2025/05/dir.-202549
21:19:30 [INFO]   → Found 1 PDFs on https://www.regeringen.se/rattsliga-dokument/kommittedirektiv/2023/09/dir.-2023134
21:19:35 [INFO]     [OK] fa958d67… |   172 KB | year=2023 (2020-2023) | fields=20
21:19:40 [INFO]   → Found 1 PDFs on https://www.regeringen.se/rattsliga-dokument/statens-offentliga-utredningar/2025/06/sou-202575/
21:19:49 [INFO]   → Found 1 PDFs on https://www.regeringen.se/rattsliga-dokument/lagradsremiss/2026/03/en-ny-lag-om-kommunal-hamnverksamhet/
21:19:58 [INFO]   → Found 1 PDFs on https://www.regeringen.se/rattsliga-dokument/lagradsremiss/2026/02/sankt-alkoholskatt-for-alkoholvaror-fran-oberoende-smaproducenter/
21:20:06 [INFO]   → Found 1 PDFs on https://www.regeringen.se/rattsliga-dokument/lagradsremiss/2026/01/forfattningsandringar-med-anledning-av-overtagande-av-uppgift-inom-eurovinjettsamarbetet/
21:20:13 [INFO]   → Found 4 PDFs on https://www.regeringen.se/rattsliga-dokument/departementsserien-och-promemorior/2024/11/nya-verktyg-till-socialtjansten-nar-samtycke-saknas/
21:20:31 [INFO]   → Found 1 PDFs on https://www.regeringen.se/rattsliga-dokument/lagradsremiss/2025/12/reformerat-forsorjningsstod--bidragstak-och-okade-mojligheter-till-arbete/
21:20:39 [INFO]   → Found 1 PDFs on https://www.regeringen.se/rattsliga-dokument/lagradsremiss/2025/12/aktivitetskrav-for-mottagare-av-forsorjningsstod/
21:20:46 [INFO]   → Found 1 PDFs on https://www.regeringen.se/rattsliga-dokument/lagradsremiss/2025/12/en-lag-om-socialdataregister/
21:20:59 [INFO]   → Found 1 PDFs on https://www.regeringen.se/rattsliga-dokument/statens-offentliga-utredningar/2023/12/sou-202396/
21:21:04 [INFO]     [OK] d5cf426e… |  2215 KB | year=2023 (2020-2023) | fields=40
21:21:08 [INFO]   → Found 1 PDFs on https://www.regeringen.se/rattsliga-dokument/kommittedirektiv/2024/02/dir.-202416
21:21:19 [INFO]   → Found 2 PDFs on https://www.regeringen.se/rattsliga-dokument/statens-offentliga-utredningar/2025/08/sou-202593/
21:21:37 [INFO]   → Found 1 PDFs on https://www.regeringen.se/rattsliga-dokument/proposition/2026/03/prop.-202526211
21:21:41 [INFO]   → Found 1 PDFs on https://www.regeringen.se/rattsliga-dokument/proposition/2026/03/prop.-202526206
21:21:46 [INFO]   → Found 1 PDFs on https://www.regeringen.se/rattsliga-dokument/proposition/2026/03/prop.-202526205
21:21:51 [INFO]   → Found 1 PDFs on https://www.regeringen.se/rattsliga-dokument/proposition/2026/03/prop.-202526158
21:21:56 [INFO]   → Found 1 PDFs on https://www.regeringen.se/rattsliga-dokument/kommittedirektiv/2024/12/dir.-2024111
21:22:06 [INFO]   → Found 1 PDFs on https://www.regeringen.se/rattsliga-dokument/statens-offentliga-utredningar/2025/07/sou-202579/
21:22:14 [INFO]   → Found 1 PDFs on https://www.regeringen.se/rattsliga-dokument/lagradsremiss/2026/02/lagandringar-for-ett-starkt-nationellt-cybersakerhetscenter/
21:22:29 [INFO]   → Found 1 PDFs on https://www.regeringen.se/rattsliga-dokument/lagradsremiss/2025/01/en-tioarig-grundskola/
21:22:38 [INFO]   → Found 1 PDFs on https://www.regeringen.se/rattsliga-dokument/lagradsremiss/2026/02/nya-laroplaner--for-en-stark-kunskapsskola/
21:22:47 [INFO]   → Found 1 PDFs on https://www.regeringen.se/rattsliga-dokument/proposition/2025/03/prop.-202425143
21:22:56 [INFO]   → Found 1 PDFs on https://www.regeringen.se/rattsliga-dokument/departementsserien-och-promemorior/2025/12/kriminalvardens-skolverksamhet-for-barn-och-unga/
21:23:04 [INFO]   → Found 1 PDFs on https://www.regeringen.se/rattsliga-dokument/departementsserien-och-promemorior/2025/11/inremarknadstest-av-forslag-om-andringar-i-grundlararexamen/
21:23:12 [INFO]   → Found 1 PDFs on https://www.regeringen.se/rattsliga-dokument/departementsserien-och-promemorior/2025/11/legitimation-och-behorighet-i-den-tioariga-grundskolan/
21:23:22 [INFO]   → Found 1 PDFs on https://www.regeringen.se/rattsliga-dokument/departementsserien-och-promemorior/2025/12/nya-bat-slutsatser-for-smideshammare-och-gjuterier/
21:23:31 [INFO]   → Found 1 PDFs on https://www.regeringen.se/rattsliga-dokument/departementsserien-och-promemorior/2025/09/kompletterande-bestammelser-till-eu-forordningen-om-ekodesign/
21:23:41 [INFO]   → Found 1 PDFs on https://www.regeringen.se/rattsliga-dokument/departementsserien-och-promemorior/2025/07/eus-forordning-om-hallbarhetsbetyg/
21:23:50 [INFO]   → Found 1 PDFs on https://www.regeringen.se/rattsliga-dokument/departementsserien-och-promemorior/2026/01/ersattning-vid-radighetsinskrankningar-till-foljd-av-artskyddet/
21:23:58 [INFO]   → Found 1 PDFs on https://www.regeringen.se/rattsliga-dokument/departementsserien-och-promemorior/2025/12/provningen-av-avfallshanteringsplaner-for-utvinningsavfall-och-vissa-kompletterande-bestammelser-till-eu-forordningen-om-kritiska-ramaterial/
21:24:09 [INFO]   → Found 1 PDFs on https://www.regeringen.se/rattsliga-dokument/departementsserien-och-promemorior/2025/11/intaktsdelning-fran-vindkraftsanlaggningar/
21:24:18 [INFO]   → Found 1 PDFs on https://www.regeringen.se/rattsliga-dokument/departementsserien-och-promemorior/2025/11/ett-energipolitiskt-mal-for-en-effektiv-energianvandning/
21:24:30 [INFO]   → Found 1 PDFs on https://www.regeringen.se/rattsliga-dokument/departementsserien-och-promemorior/2026/02/myndigheten-for-utrikes-underrattelser/
21:24:39 [INFO]   → Found 1 PDFs on https://www.regeringen.se/rattsliga-dokument/departementsserien-och-promemorior/2025/04/ds-202511/
21:24:48 [INFO]   → Found 1 PDFs on https://www.regeringen.se/rattsliga-dokument/departementsserien-och-promemorior/2025/03/uppdrag-att-se-over-det-konsulara-regelverket/
21:24:58 [INFO]   → Found 4 PDFs on https://www.regeringen.se/rattsliga-dokument/departementsserien-och-promemorior/2023/07/ds-202322/
21:25:04 [INFO]     [OK] d4793569… |  9674 KB | year=2023 (2020-2023) | fields=26
21:25:14 [INFO]     [OK] 245bf4b9… |  2779 KB | year=2023 (2020-2023) | fields=20
21:25:19 [INFO]     [OK] 26c038b1… |  3009 KB | year=2023 (2020-2023) | fields=20
21:25:23 [INFO]     [OK] f6d114bb… |  2878 KB | year=2023 (2020-2023) | fields=20
21:25:27 [INFO]   → Found 1 PDFs on https://www.regeringen.se/rattsliga-dokument/departementsserien-och-promemorior/2025/05/sankt-energiskatt-pa-el/
21:25:37 [INFO]   → Found 1 PDFs on https://www.regeringen.se/rattsliga-dokument/departementsserien-och-promemorior/2024/01/underlattande-av-forskottsbetalning-vid-skattereduktion-for-installation-av-gron-teknik/
21:25:46 [INFO]   → Found 1 PDFs on https://www.regeringen.se/rattsliga-dokument/departementsserien-och-promemorior/2023/09/sankt-skatt-pa-bensin-och-diesel/
21:25:50 [INFO]     [OK] cf7834b0… |   624 KB | year=2023 (2020-2023) | fields=21
21:25:54 [INFO]   → Found 2 PDFs on https://www.regeringen.se/rattsliga-dokument/departementsserien-och-promemorior/2025/09/promemoria-avgifter-i-transportstyrelsens-verksamhet-som-ror-typgodkannande-inom-vagtrafikomradet/
21:26:06 [INFO]   → Found 1 PDFs on https://www.regeringen.se/rattsliga-dokument/departementsserien-och-promemorior/2025/12/or-barns-rattigheter-och-trygghet--en-ny-lag-om-omhandertagande-for-vard-av-barn-och-unga/
21:26:16 [INFO]   → Found 1 PDFs on https://www.regeringen.se/rattsliga-dokument/departementsserien-och-promemorior/2025/06/ds-202519/
21:26:19 [INFO]   → Found 1 PDFs on https://www.regeringen.se/rattsliga-dokument/departementsserien-och-promemorior/2025/03/jobbpremien--ett-incitament-for-att-oka-drivkrafterna-till-sjalvforsorjning/
21:26:30 [INFO]   → Found 1 PDFs on https://www.regeringen.se/rattsliga-dokument/departementsserien-och-promemorior/2024/11/ds-202429/
21:26:34 [INFO]   → Found 1 PDFs on https://www.regeringen.se/rattsliga-dokument/departementsserien-och-promemorior/2025/09/tillfalligt-sankt-mervardesskatt-pa-livsmedel/
21:26:44 [INFO]   → Found 1 PDFs on https://www.regeringen.se/rattsliga-dokument/departementsserien-och-promemorior/2025/03/ett-register-for-alla-bostadsratter-utkast-till-lagradsremiss/
21:26:52 [INFO]   → Found 1 PDFs on https://www.regeringen.se/rattsliga-dokument/forordningsmotiv/2016/02/fm.-20161
21:27:12 [INFO]   → Found 1 PDFs on https://www.regeringen.se/rattsliga-dokument/proposition/2021/04/prop.-202021174
21:27:17 [INFO]     [OK] 05399a73… |  1424 KB | year=2021 (2020-2023) | fields=22
21:27:26 [INFO]   → Found 1 PDFs on https://www.regeringen.se/rattsliga-dokument/kommittedirektiv/2025/02/dir.-202512
21:27:34 [INFO]   → Found 1 PDFs on https://www.regeringen.se/rattsliga-dokument/kommittedirektiv/2025/06/uppdrag-utokade-mojligheter-att-saga-upp-bostadsrattshavare-som-begar-brott/
21:27:43 [INFO]   → Found 1 PDFs on https://www.regeringen.se/rattsliga-dokument/kommittedirektiv/2024/07/dir.-202466
21:27:47 [INFO]   → Found 1 PDFs on https://www.regeringen.se/rattsliga-dokument/kommittedirektiv/2023/10/dir.-2023147
21:27:51 [INFO]     [OK] 76dc521d… |   158 KB | year=2023 (2020-2023) | fields=22
21:27:56 [INFO]   → Found 1 PDFs on https://www.regeringen.se/rattsliga-dokument/kommittedirektiv/2023/06/dir.-202398
21:28:00 [INFO]     [OK] a79a0c23… |   196 KB | year=2023 (2020-2023) | fields=23
21:28:05 [INFO]   → Found 1 PDFs on https://www.regeringen.se/rattsliga-dokument/kommittedirektiv/2023/03/dir.-202344
21:28:08 [INFO]     [OK] af96d026… |   157 KB | year=2023 (2020-2023) | fields=23
21:28:17 [INFO]   → Found 1 PDFs on https://www.regeringen.se/rattsliga-dokument/statens-offentliga-utredningar/2025/06/sou-202585/
21:28:27 [INFO]   → Found 1 PDFs on https://www.regeringen.se/rattsliga-dokument/lagradsremiss/2026/01/tydligare-bestammelser-om-samrad-inom-regional-utveckling/
21:28:36 [INFO]   → Found 1 PDFs on https://www.regeringen.se/rattsliga-dokument/kommittedirektiv/2025/09/dir.-202583
21:28:46 [INFO]   → Found 1 PDFs on https://www.regeringen.se/rattsliga-dokument/kommittedirektiv/2025/09/dir.-202579
21:28:55 [INFO]   → Found 1 PDFs on https://www.regeringen.se/rattsliga-dokument/kommittedirektiv/2026/01/dir.-20263
21:28:59 [INFO]   → Found 1 PDFs on https://www.regeringen.se/rattsliga-dokument/kommittedirektiv/2025/10/dir.-202594
21:29:03 [INFO]   → Found 1 PDFs on https://www.regeringen.se/rattsliga-dokument/kommittedirektiv/2025/07/dir.-202576
21:29:08 [INFO]   → Found 1 PDFs on https://www.regeringen.se/rattsliga-dokument/kommittedirektiv/2025/06/dir.-202567
21:29:17 [INFO]   → Found 1 PDFs on https://www.regeringen.se/rattsliga-dokument/kommittedirektiv/2025/01/dir.-20252
21:29:25 [INFO]   → Found 1 PDFs on https://www.regeringen.se/rattsliga-dokument/kommittedirektiv/2023/06/dir.-202378
21:29:30 [INFO]     [OK] 982b61f4… |   205 KB | year=2023 (2020-2023) | fields=24
21:29:34 [INFO]   → Found 1 PDFs on https://www.regeringen.se/rattsliga-dokument/departementsserien-och-promemorior/2025/10/ny-myndighet-for-miljoprovning/
21:29:42 [INFO]   → Found 1 PDFs on https://www.regeringen.se/rattsliga-dokument/statens-offentliga-utredningar/2026/01/sou-2025122/
21:29:51 [INFO]   → Found 1 PDFs on https://www.regeringen.se/rattsliga-dokument/statens-offentliga-utredningar/2025/07/sou-202588/
21:29:59 [INFO]   → Found 3 PDFs on https://www.regeringen.se/rattsliga-dokument/statens-offentliga-utredningar/2025/01/sou-202498/
21:30:19 [INFO]   → Found 1 PDFs on https://www.regeringen.se/rattsliga-dokument/kommittedirektiv/2026/01/dir.-20261
21:30:23 [INFO]   [CAP] Reached 500 page limit for authority. Moving on.
21:30:23 [INFO] 
[Regeringskansliet] Done. Pre-NIS2: 39/50  NIS2-prep: 50/50
21:30:23 [INFO] 
============================================================
Authority : Säkerhetspolisen
Tier      : 1
Quota left: 2020-2023=50  2024-2025=50
============================================================
21:30:41 [INFO]   → Found 1 PDFs on https://www.sakerhetspolisen.se/om-sakerhetspolisen/publikationer/personlig-sakerhet.html
21:30:46 [INFO]     [OK] b10d385c… |  5374 KB | year=2026 (post-2026) | fields=30
21:30:55 [INFO]   → Found 4 PDFs on https://www.sakerhetspolisen.se/om-sakerhetspolisen/publikationer/sakerhetspolisens-lagesbilder.html
21:31:01 [INFO]     [OK] ce5603da… | 17295 KB | year=2024 (2024-2025) | fields=41
21:31:05 [INFO]     [OK] f48b68cd… | 14353 KB | year=2023 (2020-2023) | fields=38
21:31:09 [INFO]     [OK] 30a33a5e… |  5724 KB | year=2022 (2020-2023) | fields=41
21:31:14 [INFO]     [OK] c7488729… | 10061 KB | year=2022 (2020-2023) | fields=33
21:31:23 [INFO]   → Found 18 PDFs on https://www.sakerhetspolisen.se/sakerhetsskydd/blanketter-och-mallar.html
21:31:27 [INFO]     [OK] ea98353f… |   268 KB | year=2026 (post-2026) | fields=32
21:31:32 [INFO]     [OK] 68517964… |   117 KB | year=2022 (2020-2023) | fields=16
21:31:36 [INFO]     [OK] 6b54631f… |   116 KB | year=2023 (2020-2023) | fields=16
21:31:40 [INFO]     [OK] 54d391b9… |   123 KB | year=2024 (2024-2025) | fields=16
21:31:43 [INFO]     [OK] f219d015… |   129 KB | year=2021 (2020-2023) | fields=18
21:31:47 [INFO]     [OK] 9ff83fd2… |   102 KB | year=2021 (2020-2023) | fields=38
21:31:52 [INFO]     [OK] 382becfd… |   100 KB | year=2021 (2020-2023) | fields=38
21:31:56 [INFO]     [OK] c0d814af… |   172 KB | year=2026 (post-2026) | fields=30
21:32:00 [INFO]     [OK] 2f988917… |   224 KB | year=2026 (post-2026) | fields=30
21:32:04 [INFO]     [OK] ebd8db58… |   124 KB | year=2023 (2020-2023) | fields=16
21:32:04 [INFO]   [CAP] Reached 10-file limit for this page. Moving to other pages.
21:32:12 [INFO]   → Found 1 PDFs on https://www.sakerhetspolisen.se/sakerhetsskydd/sakerhetsskyddsavtal-vid-upphandlingar-och-samarbeten.html
21:32:17 [INFO]     [OK] e6cadba1… |  1410 KB | year=2023 (2020-2023) | fields=41
21:32:28 [INFO]   → Found 10 PDFs on https://www.sakerhetspolisen.se/verksamheten/nct/publikationer-fran-nct.html
21:32:33 [INFO]     [OK] 6710de38… |  1066 KB | year=2025 (2024-2025) | fields=40
21:32:37 [INFO]     [OK] d6f068ad… |  4081 KB | year=2026 (post-2026) | fields=41
21:32:42 [INFO]     [OK] fe6a91e8… |  1076 KB | year=2025 (2024-2025) | fields=40
21:32:46 [INFO]     [OK] e244db7c… |  3678 KB | year=2026 (post-2026) | fields=40
21:32:51 [INFO]     [OK] 9306605e… |  2920 KB | year=2025 (2024-2025) | fields=40
21:32:55 [INFO]     [OK] 82f24eeb… |  2742 KB | year=2025 (2024-2025) | fields=66
21:33:00 [INFO]     [OK] ba2483c2… |   840 KB | year=2025 (2024-2025) | fields=34
21:33:06 [INFO]     [OK] 309c50aa… |  6968 KB | year=2026 (post-2026) | fields=39
21:33:09 [INFO]     [OK] c9eb353c… |   669 KB | year=2025 (2024-2025) | fields=40
21:33:13 [INFO]     [OK] 3aec1dcd… |   836 KB | year=2025 (2024-2025) | fields=103
21:33:17 [INFO]   → Found 2 PDFs on https://www.sakerhetspolisen.se/om-sakerhetspolisen/publikationer/personlig-sakerhet/handboken-personlig-sakerhet/innehall.html
21:33:21 [INFO]     [OK] b10d385c… |  5374 KB | year=2026 (post-2026) | fields=30
21:33:25 [INFO]     [OK] b10d385c… |  5374 KB | year=2026 (post-2026) | fields=30
21:33:30 [INFO]   → Found 2 PDFs on https://www.sakerhetspolisen.se/om-sakerhetspolisen/publikationer/sakerhetspolisens-lagesbilder/sakerhetspolisen-2025-2026/paverkan-fran-frammande-makt.html
21:33:36 [INFO]     [OK] 32c0b728… | 13944 KB | year=2026 (post-2026) | fields=41
21:33:40 [INFO]     [OK] 32c0b728… | 13944 KB | year=2026 (post-2026) | fields=41
21:37:00 [INFO]   → Found 2 PDFs on https://www.sakerhetspolisen.se/om-sakerhetspolisen/organisation/sakerhetspolischefen.html
21:37:05 [INFO]     [OK] 7a55b410… |   153 KB | year=2022 (2020-2023) | fields=13
21:37:09 [INFO]     [OK] eb480248… |   153 KB | year=2022 (2020-2023) | fields=13
21:37:19 [INFO]   → Found 233 PDFs on https://www.sakerhetspolisen.se/om-sakerhetspolisen/svar-pa-remisser.html
21:37:23 [INFO]     [OK] 9089eaef… |    82 KB | year=2026 (post-2026) | fields=16
21:37:28 [INFO]     [OK] 9187e105… |   113 KB | year=2026 (post-2026) | fields=16
21:37:33 [INFO]     [OK] 51dacb2e… |    92 KB | year=2025 (2024-2025) | fields=17
21:37:36 [INFO]     [OK] e3a840e3… |   100 KB | year=2025 (2024-2025) | fields=17
21:37:40 [INFO]     [OK] f9018d2f… |    97 KB | year=2024 (2024-2025) | fields=16
21:37:45 [INFO]     [OK] 81d42c36… |   141 KB | year=2024 (2024-2025) | fields=16
21:37:50 [INFO]     [OK] 1110efe5… |   101 KB | year=2024 (2024-2025) | fields=17
21:37:53 [INFO]     [OK] ed9b83e9… |   115 KB | year=2024 (2024-2025) | fields=17
21:37:57 [INFO]     [OK] bcdbc9a6… |    90 KB | year=2023 (2020-2023) | fields=17
21:38:01 [INFO]     [OK] 9fb44433… |   148 KB | year=2023 (2020-2023) | fields=17
21:38:01 [INFO]   [CAP] Reached 10-file limit for this page. Moving to other pages.
21:38:06 [INFO]   → Found 1 PDFs on https://www.sakerhetspolisen.se/om-sakerhetspolisen/samarbete-med-andra.html
21:38:15 [INFO]     [OK] 4562e0b1… |  2612 KB | year=2026 (post-2026) | fields=19
21:38:29 [INFO]   → Found 3 PDFs on https://www.sakerhetspolisen.se/hoten-mot-sverige/hotet-fran-frammande-makt.html
21:38:38 [INFO]     [OK] 729be563… |  1521 KB | year=2023 (2020-2023) | fields=35
21:38:44 [INFO]     [OK] 5869ac04… |   978 KB | year=2024 (2024-2025) | fields=44
21:38:48 [INFO]     [OK] eaa44fa1… |  1728 KB | year=2024 (2024-2025) | fields=39
21:39:42 [WARNING]   [HTTP error] https://www.sakerhetspolisen.se/sakerhetsskydd.html: HTTPSConnectionPool(host='www.sakerhetspolisen.se', port=443): Read timed out. (read timeout=20)
21:39:46 [INFO]   → Found 3 PDFs on https://www.sakerhetspolisen.se/sakerhetsskydd/om-sakerhetsskydd.html
21:39:51 [WARNING]     [HTTP error] https://sakerhetspolisen.se/download/18.725e108e18dd2b2650a85/1709631405797/Vad%20%C3%A4r%20s%C3%A4kerhetsk%C3%A4nslig%20verkamhet.pdf: 404 Client Error: Not Found for url: https://sakerhetspolisen.se/download/18.725e108e18dd2b2650a85/1709631405797/Vad%20%C3%A4r%20s%C3%A4kerhetsk%C3%A4nslig%20verkamhet.pdf
21:39:56 [WARNING]     [HTTP error] https://sakerhetspolisen.se/download/18.725e108e18dd2b2650a85/1709631405797/Vad%20%C3%A4r%20s%C3%A4kerhetsk%C3%A4nslig%20verkamhet.pdf: 404 Client Error: Not Found for url: https://sakerhetspolisen.se/download/18.725e108e18dd2b2650a85/1709631405797/Vad%20%C3%A4r%20s%C3%A4kerhetsk%C3%A4nslig%20verkamhet.pdf
21:40:04 [INFO]     [OK] a06ed0d8… |  2662 KB | year=2026 (post-2026) | fields=19
21:40:20 [INFO]   → Found 9 PDFs on https://www.sakerhetspolisen.se/sakerhetsskydd/vagledningar-sakerhetsskydd.html
21:40:24 [INFO]     [OK] 2b78299c… |  2685 KB | year=2023 (2020-2023) | fields=43
21:40:29 [INFO]     [OK] f79fb8f4… |  1647 KB | year=2023 (2020-2023) | fields=41
21:40:34 [INFO]     [OK] 8f8efb0f… |  3690 KB | year=2023 (2020-2023) | fields=41
21:40:39 [INFO]     [OK] b17393a4… |  5464 KB | year=2023 (2020-2023) | fields=42
21:40:44 [INFO]     [OK] 84aac203… |   965 KB | year=2023 (2020-2023) | fields=40
21:40:49 [INFO]     [OK] 32444dd3… |  1174 KB | year=2023 (2020-2023) | fields=41
21:40:58 [INFO]     [OK] 7d01a01b… |  2253 KB | year=2026 (post-2026) | fields=20
21:41:03 [INFO]     [OK] fca8d4d4… |  2273 KB | year=2025 (2024-2025) | fields=31
21:41:08 [INFO]     [OK] ae319b0e… |  2177 KB | year=2025 (2024-2025) | fields=61
21:41:17 [INFO]   → Found 3 PDFs on https://www.sakerhetspolisen.se/sakerhetsskydd/lag-forordning-och-foreskrifter.html
21:41:22 [INFO]     [OK] b444adea… |   332 KB | year=2022 (2020-2023) | fields=17
21:41:25 [INFO]     [OK] cb46f542… |   179 KB | year=2026 (post-2026) | fields=38
21:41:30 [INFO]     [OK] 45c3d6cc… |   341 KB | year=2022 (2020-2023) | fields=36
21:41:41 [INFO]   → Found 1 PDFs on https://www.sakerhetspolisen.se/sakerhetsskydd/samrad.html
21:41:46 [INFO]     [OK] dd6aaf67… |   184 KB | year=2026 (post-2026) | fields=30
21:41:52 [INFO]   → Found 3 PDFs on https://www.sakerhetspolisen.se/sakerhetsskydd/sakerhetshot-och-dimensionerande-antagonistiska-formagor.html
21:41:57 [INFO]     [OK] 6f2cce1f… |   251 KB | year=2026 (post-2026) | fields=30
21:42:02 [INFO]     [OK] 3c14f6dc… |   236 KB | year=2026 (post-2026) | fields=30
21:42:05 [INFO]     [OK] 6f2cce1f… |   251 KB | year=2026 (post-2026) | fields=30
21:42:35 [INFO]   → Found 1 PDFs on https://www.sakerhetspolisen.se/sakerhetsskydd/overlatelse-av-verksamhet.html
21:42:39 [INFO]     [OK] 78610c9d… |   167 KB | year=2026 (post-2026) | fields=30
21:43:51 [INFO]   → Found 6 PDFs on https://www.sakerhetspolisen.se/verksamheten/nct.html
21:43:55 [INFO]     [OK] d6f068ad… |  4081 KB | year=2026 (post-2026) | fields=41
21:43:59 [INFO]     [OK] fe6a91e8… |  1076 KB | year=2025 (2024-2025) | fields=40
21:44:04 [INFO]     [OK] e244db7c… |  3678 KB | year=2026 (post-2026) | fields=40
21:44:09 [INFO]     [OK] 9306605e… |  2920 KB | year=2026 (post-2026) | fields=40
21:44:14 [INFO]     [OK] ba2483c2… |   840 KB | year=2026 (post-2026) | fields=34
21:44:19 [INFO]     [OK] 82f24eeb… |  2742 KB | year=2026 (post-2026) | fields=66
21:46:49 [WARNING]   [HTTP error] https://www.sakerhetspolisen.se/cdn-cgi/l/email-protection#4c732e232835712438383c697f0d697e0a697e0a3f2d27293e2429383f3c2320253f2922623f29697e0a2321613f2d27293e2429383f3c2320253f2922697e0a3f38353e2225222b61232f2461393c3c2a2320262225222b697e0a232a2a29223820252b24293861232f24612d2020212d22222d61242d22282025222b2d3e6224382120697e7c643a252d697e7c1f690f7f690d7827293e2429383f3c2320253f2922656a2d213c773f392e26292f3871032a2a29223820252b242938697e7c232f24697e7c2d202021690f7f690d7822222d697e7c242d22282025222b2d3e: 404 Client Error: Not Found for url: https://www.sakerhetspolisen.se/cdn-cgi/l/email-protection#4c732e232835712438383c697f0d697e0a697e0a3f2d27293e2429383f3c2320253f2922623f29697e0a2321613f2d27293e2429383f3c2320253f2922697e0a3f38353e2225222b61232f2461393c3c2a2320262225222b697e0a232a2a29223820252b24293861232f24612d2020212d22222d61242d22282025222b2d3e6224382120697e7c643a252d697e7c1f690f7f690d7827293e2429383f3c2320253f2922656a2d213c773f392e26292f3871032a2a29223820252b242938697e7c232f24697e7c2d202021690f7f690d7822222d697e7c242d22282025222b2d3e
21:46:53 [WARNING]   [HTTP error] https://www.sakerhetspolisen.se/cdn-cgi/l/email-protection: 404 Client Error: Not Found for url: https://www.sakerhetspolisen.se/cdn-cgi/l/email-protection
21:46:56 [WARNING]   [HTTP error] https://www.sakerhetspolisen.se/cdn-cgi/l/email-protection#1a2578757e6327726e6e6a3f295b3f285c3f285c697b717f68727f6e696a757673697f7434697f3f285c757737697b717f68727f6e696a757673697f743f285c6a6f787673717b6e7375747f6834726e77763f282a326c737b3f282a493f59293f5b2e717f68727f6e696a757673697f74333c7b776a21696f78707f796e274a6f787673717b6e7375747f68: 404 Client Error: Not Found for url: https://www.sakerhetspolisen.se/cdn-cgi/l/email-protection#1a2578757e6327726e6e6a3f295b3f285c3f285c697b717f68727f6e696a757673697f7434697f3f285c757737697b717f68727f6e696a757673697f743f285c6a6f787673717b6e7375747f6834726e77763f282a326c737b3f282a493f59293f5b2e717f68727f6e696a757673697f74333c7b776a21696f78707f796e274a6f787673717b6e7375747f68
21:47:00 [WARNING]   [HTTP error] https://www.sakerhetspolisen.se/cdn-cgi/l/email-protection#cdbeaca6a8bfa5a8b9bebda2a1a4bea8a38dbeaca6a8bfa5a8b9bebda2a1a4bea8a3e3bea8: 404 Client Error: Not Found for url: https://www.sakerhetspolisen.se/cdn-cgi/l/email-protection#cdbeaca6a8bfa5a8b9bebda2a1a4bea8a38dbeaca6a8bfa5a8b9bebda2a1a4bea8a3e3bea8
21:47:04 [WARNING]   [HTTP error] https://www.sakerhetspolisen.se/cdn-cgi/l/email-protection#ab94c9c4cfd296c3dfdfdb8e98ea8e99ed8e99edd8cac0ced9c3cedfd8dbc4c7c2d8cec585d8ce8e99edc4c686d8cac0ced9c3cedfd8dbc4c7c2d8cec58e99eddbdec9c7c2c0cadfc2c4c5ced98e99eddbced9d8c4c5c7c2cc86d8cac0ced9c3cedf85c3dfc6c78e999b83ddc2ca8e999bf88ee8988eea9fc0ced9c3cedfd8dbc4c7c2d8cec5828dcac6db90d8dec9c1cec8df96fbced9d8c4c5c7c2cc8e999bd88ee8988eea9fc0ced9c3cedf: 404 Client Error: Not Found for url: https://www.sakerhetspolisen.se/cdn-cgi/l/email-protection#ab94c9c4cfd296c3dfdfdb8e98ea8e99ed8e99edd8cac0ced9c3cedfd8dbc4c7c2d8cec585d8ce8e99edc4c686d8cac0ced9c3cedfd8dbc4c7c2d8cec58e99eddbdec9c7c2c0cadfc2c4c5ced98e99eddbced9d8c4c5c7c2cc86d8cac0ced9c3cedf85c3dfc6c78e999b83ddc2ca8e999bf88ee8988eea9fc0ced9c3cedfd8dbc4c7c2d8cec5828dcac6db90d8dec9c1cec8df96fbced9d8c4c5c7c2cc8e999bd88ee8988eea9fc0ced9c3cedf
21:47:08 [WARNING]   [HTTP error] https://www.sakerhetspolisen.se/cdn-cgi/l/email-protection#d0a3b1bbb5a2b8b5a4a3a0bfbcb9a3b5be90a3b1bbb5a2b8b5a4a3a0bfbcb9a3b5befea3b5: 404 Client Error: Not Found for url: https://www.sakerhetspolisen.se/cdn-cgi/l/email-protection#d0a3b1bbb5a2b8b5a4a3a0bfbcb9a3b5be90a3b1bbb5a2b8b5a4a3a0bfbcb9a3b5befea3b5
21:47:13 [WARNING]   [HTTP error] https://www.sakerhetspolisen.se/cdn-cgi/l/email-protection#112e737e75682c7965656134225034235734235762707a746379746562617e7d7862747f3f62743423577e7c3c62707a746379746562617e7d7862747f3423576164737d787a7065787e7f7463342357617e75727062653f79657c7d34232139677870342321423452223450257a746379746562617e7d7862747f3837707c612a6264737b7472652c417e7572706265: 404 Client Error: Not Found for url: https://www.sakerhetspolisen.se/cdn-cgi/l/email-protection#112e737e75682c7965656134225034235734235762707a746379746562617e7d7862747f3f62743423577e7c3c62707a746379746562617e7d7862747f3423576164737d787a7065787e7f7463342357617e75727062653f79657c7d34232139677870342321423452223450257a746379746562617e7d7862747f3837707c612a6264737b7472652c417e7572706265
21:47:17 [WARNING]   [HTTP error] https://www.sakerhetspolisen.se/cdn-cgi/l/email-protection#b28dd0ddd6cb8fdac6c6c29781f39780f49780f4c1d3d9d7c0dad7c6c1c2dddedbc1d7dc9cc1d79780f4dddf9fc1d3d9d7c0dad7c6c1c2dddedbc1d7dc9780f4c2c7d0dedbd9d3c6dbdddcd7c09780f4c1d3d9d7c0dad7c6c1c2dddedbc1d7dcc19fded3d5d7c1d0dbded6d7c09cdac6dfde9780829ac4dbd3978082e197f18197f386d9d7c0dad7c6c1c2dddedbc1d7dc9b94d3dfc289c1c7d0d8d7d1c68fe197f18197f386d9d7c0dad7c6c1c2dddedbc1d7dcc1978082de97f18197f386d5d7c1d0dbded6d7c0: 404 Client Error: Not Found for url: https://www.sakerhetspolisen.se/cdn-cgi/l/email-protection#b28dd0ddd6cb8fdac6c6c29781f39780f49780f4c1d3d9d7c0dad7c6c1c2dddedbc1d7dc9cc1d79780f4dddf9fc1d3d9d7c0dad7c6c1c2dddedbc1d7dc9780f4c2c7d0dedbd9d3c6dbdddcd7c09780f4c1d3d9d7c0dad7c6c1c2dddedbc1d7dcc19fded3d5d7c1d0dbded6d7c09cdac6dfde9780829ac4dbd3978082e197f18197f386d9d7c0dad7c6c1c2dddedbc1d7dc9b94d3dfc289c1c7d0d8d7d1c68fe197f18197f386d9d7c0dad7c6c1c2dddedbc1d7dcc1978082de97f18197f386d5d7c1d0dbded6d7c0
21:47:22 [WARNING]   [HTTP error] https://www.sakerhetspolisen.se/cdn-cgi/l/email-protection#94e7f5fff1e6fcf1e0e7e4fbf8fde7f1fad4e7f5fff1e6fcf1e0e7e4fbf8fde7f1fabae7f1: 404 Client Error: Not Found for url: https://www.sakerhetspolisen.se/cdn-cgi/l/email-protection#94e7f5fff1e6fcf1e0e7e4fbf8fde7f1fad4e7f5fff1e6fcf1e0e7e4fbf8fde7f1fabae7f1
21:47:27 [WARNING]   [HTTP error] https://www.sakerhetspolisen.se/cdn-cgi/l/email-protection#0b3469646f7236637f7f7b2e384a2e394d2e394d786a606e79636e7f787b646762786e6525786e2e394d646626786a606e79636e7f787b646762786e652e394d7d6a79266362787f6479626a2e394d6d796a65266a7960627d6e7f26636a656f6e67786e79266d796a65266362787f6479626e6525637f66672e393b237d626a2e393b582e48382e4a3f606e79636e7f787b646762786e65222d6a667b30787e69616e687f364d792e48382e4a3e652e393b6a7960627d6e7f2e384a2e393b632e48382e4a3f656f6e67786e792e393b6d792e48382e4a3e652e393b6362787f6479626e65: 404 Client Error: Not Found for url: https://www.sakerhetspolisen.se/cdn-cgi/l/email-protection#0b3469646f7236637f7f7b2e384a2e394d2e394d786a606e79636e7f787b646762786e6525786e2e394d646626786a606e79636e7f787b646762786e652e394d7d6a79266362787f6479626a2e394d6d796a65266a7960627d6e7f26636a656f6e67786e79266d796a65266362787f6479626e6525637f66672e393b237d626a2e393b582e48382e4a3f606e79636e7f787b646762786e65222d6a667b30787e69616e687f364d792e48382e4a3e652e393b6a7960627d6e7f2e384a2e393b632e48382e4a3f656f6e67786e792e393b6d792e48382e4a3e652e393b6362787f6479626e65
21:47:31 [WARNING]   [HTTP error] https://www.sakerhetspolisen.se/cdn-cgi/l/email-protection#d7e8b5b8b3aeeabfa3a3a7f2e496f2e591f2e591a4b6bcb2a5bfb2a3a4a7b8bbbea4b2b9f9a4b2f2e591a4b6bcb2a5bfb2a3a4a4bcaeb3b3f2e591b5bbb6b9bcb2a3a3b2a5fab8b4bffabab6bbbbb6a5f9bfa3babbf2e5e7ffa1beb6f2e5e784f294e4f296e3bcb2a5bfb2a3a4a7b8bbbea4b2b9fef1b6baa7eca4a2b5bdb2b4a3ea95bbb6b9bcb2a3a3b2a5f2e5e7b8b4bff2e5e7bab6bbbbb6a5: 404 Client Error: Not Found for url: https://www.sakerhetspolisen.se/cdn-cgi/l/email-protection#d7e8b5b8b3aeeabfa3a3a7f2e496f2e591f2e591a4b6bcb2a5bfb2a3a4a7b8bbbea4b2b9f9a4b2f2e591a4b6bcb2a5bfb2a3a4a4bcaeb3b3f2e591b5bbb6b9bcb2a3a3b2a5fab8b4bffabab6bbbbb6a5f9bfa3babbf2e5e7ffa1beb6f2e5e784f294e4f296e3bcb2a5bfb2a3a4a7b8bbbea4b2b9fef1b6baa7eca4a2b5bdb2b4a3ea95bbb6b9bcb2a3a3b2a5f2e5e7b8b4bff2e5e7bab6bbbbb6a5
21:47:36 [WARNING]   [HTTP error] https://www.sakerhetspolisen.se/cdn-cgi/l/email-protection#0d326f626974306579797d283e4c283f4b283f4b7e6c66687f6568797e7d6261647e6863237e68283f4b7e6c66687f6568797e7e66746969283f4b6f616c6366687979687f20626e6520606c61616c7f283f4b7e796269207b646920646b746161636c69206c7b206f616c6366687979687f207e6260207964616165627f207f686a647e79687f666263797f6261617d7f626e687e7e68632365796061283f3d257b646c283f3d5e284e3e284c3966687f6568797e7d6261647e6863242b6c607d367e786f67686e79305e79284e3e284f3b69283f3d7b6469283f3d646b746161636c69283f3d6c7b283f3d6f616c6366687979687f283f3d7e6260283f3d7964616165284e3e284f3b7f283f3d7f686a647e79687f666263797f6261617d7f626e687e7e6863: 404 Client Error: Not Found for url: https://www.sakerhetspolisen.se/cdn-cgi/l/email-protection#0d326f626974306579797d283e4c283f4b283f4b7e6c66687f6568797e7d6261647e6863237e68283f4b7e6c66687f6568797e7e66746969283f4b6f616c6366687979687f20626e6520606c61616c7f283f4b7e796269207b646920646b746161636c69206c7b206f616c6366687979687f207e6260207964616165627f207f686a647e79687f666263797f6261617d7f626e687e7e68632365796061283f3d257b646c283f3d5e284e3e284c3966687f6568797e7d6261647e6863242b6c607d367e786f67686e79305e79284e3e284f3b69283f3d7b6469283f3d646b746161636c69283f3d6c7b283f3d6f616c6366687979687f283f3d7e6260283f3d7964616165284e3e284f3b7f283f3d7f686a647e79687f666263797f6261617d7f626e687e7e6863
21:47:39 [WARNING]   [HTTP error] https://www.sakerhetspolisen.se/cdn-cgi/l/email-protection#a49bc6cbc0dd99ccd0d0d48197e58196e28196e2d7c5cfc1d6ccc1d0d7d4cbc8cdd7c1ca8ad7c18196e2d7c5cfc1d6ccc1d0d7d7cfddc0c08196e2d7c5cfc1d6ccc1d0d7d7cfddc0c0d7c5d2d0c5c889d2cdc089d1d4d4ccc5cac0c8cdcac3c5d689cbc7cc89d7c5c9c5d6c6c1d0c1ca8accd0c9c88196948cd2cdc5819694f781e79781e590cfc1d6ccc1d0d7d4cbc8cdd7c1ca8d82c5c9d49fd7d1c6cec1c7d099f781e79781e590cfc1d6ccc1d0d7d7cfddc0c0d7c5d2d0c5c8819694d2cdc0819694d1d4d4ccc5cac0c8cdcac3c5d6819694cbc7cc819694d7c5c9c5d6c6c1d0c1ca: 404 Client Error: Not Found for url: https://www.sakerhetspolisen.se/cdn-cgi/l/email-protection#a49bc6cbc0dd99ccd0d0d48197e58196e28196e2d7c5cfc1d6ccc1d0d7d4cbc8cdd7c1ca8ad7c18196e2d7c5cfc1d6ccc1d0d7d7cfddc0c08196e2d7c5cfc1d6ccc1d0d7d7cfddc0c0d7c5d2d0c5c889d2cdc089d1d4d4ccc5cac0c8cdcac3c5d689cbc7cc89d7c5c9c5d6c6c1d0c1ca8accd0c9c88196948cd2cdc5819694f781e79781e590cfc1d6ccc1d0d7d4cbc8cdd7c1ca8d82c5c9d49fd7d1c6cec1c7d099f781e79781e590cfc1d6ccc1d0d7d7cfddc0c0d7c5d2d0c5c8819694d2cdc0819694d1d4d4ccc5cac0c8cdcac3c5d6819694cbc7cc819694d7c5c9c5d6c6c1d0c1ca
21:47:43 [WARNING]   [HTTP error] https://www.sakerhetspolisen.se/cdn-cgi/l/email-protection#6d520f020914500519191d485e2c485f2b485f2b1e0c06081f0508191e1d0201041e0803431e08485f2b1e0c06081f0508191e1e06140909485f2b1e0c06081f0508191e1e061409091e0c1b190c01401b040940181d1d050c03090104030a0c1f40020e05401e0c000c1f0f08190803485f2b040319081f030c190402030801010c400c190c0a0c03090803400200401e0c06081f0508191e1e061409094305190001485f5d451b040c485f5d3e482e5e482c5906081f0508191e1d0201041e0803444b0c001d561e180f07080e1950240319081f030c190402030801010c485f5d482e5e482c58190c0a0c03090803485f5d0200485f5d1e482e5e482c5906081f0508191e1e06140909: 404 Client Error: Not Found for url: https://www.sakerhetspolisen.se/cdn-cgi/l/email-protection#6d520f020914500519191d485e2c485f2b485f2b1e0c06081f0508191e1d0201041e0803431e08485f2b1e0c06081f0508191e1e06140909485f2b1e0c06081f0508191e1e061409091e0c1b190c01401b040940181d1d050c03090104030a0c1f40020e05401e0c000c1f0f08190803485f2b040319081f030c190402030801010c400c190c0a0c03090803400200401e0c06081f0508191e1e061409094305190001485f5d451b040c485f5d3e482e5e482c5906081f0508191e1d0201041e0803444b0c001d561e180f07080e1950240319081f030c190402030801010c485f5d482e5e482c58190c0a0c03090803485f5d0200485f5d1e482e5e482c5906081f0508191e1e06140909
21:47:47 [WARNING]   [HTTP error] https://www.sakerhetspolisen.se/cdn-cgi/l/email-protection#96a9f4f9f2efabfee2e2e6b3a5d7b3a4d0b3a4d0e5f7fdf3e4fef3e2e5e6f9faffe5f3f8b8e5f3b3a4d0e5f7fdf3e4fef3e2e5e5fdeff2f2b3a4d0e5f7fdf3e4fef3e2e5e5fdeff2f2e5f7e0e2f7fabbe0fff2bbe3e6e6fef7f8f2fafff8f1f7e4bbf9f5febbe5f7fbf7e4f4f3e2f3f8b3a4d0e5f7fbe4f7f2bbe0fff2bbe5f7fdf3e4fef3e2e5e5fdeff2f2e5f7e0e2f7fab8fee2fbfab3a4a6bee0fff7b3a4a6c5b3d5a5b3d7a2fdf3e4fef3e2e5e6f9faffe5f3f8bfb0f7fbe6ade5e3f4fcf3f5e2abc5f7fbe4b3d5a5b3d7a3f2b3a4a6e0fff2b3a4a6e5b3d5a5b3d7a2fdf3e4fef3e2e5e5fdeff2f2e5f7e0e2f7fa: 404 Client Error: Not Found for url: https://www.sakerhetspolisen.se/cdn-cgi/l/email-protection#96a9f4f9f2efabfee2e2e6b3a5d7b3a4d0b3a4d0e5f7fdf3e4fef3e2e5e6f9faffe5f3f8b8e5f3b3a4d0e5f7fdf3e4fef3e2e5e5fdeff2f2b3a4d0e5f7fdf3e4fef3e2e5e5fdeff2f2e5f7e0e2f7fabbe0fff2bbe3e6e6fef7f8f2fafff8f1f7e4bbf9f5febbe5f7fbf7e4f4f3e2f3f8b3a4d0e5f7fbe4f7f2bbe0fff2bbe5f7fdf3e4fef3e2e5e5fdeff2f2e5f7e0e2f7fab8fee2fbfab3a4a6bee0fff7b3a4a6c5b3d5a5b3d7a2fdf3e4fef3e2e5e6f9faffe5f3f8bfb0f7fbe6ade5e3f4fcf3f5e2abc5f7fbe4b3d5a5b3d7a3f2b3a4a6e0fff2b3a4a6e5b3d5a5b3d7a2fdf3e4fef3e2e5e5fdeff2f2e5f7e0e2f7fa
21:47:50 [WARNING]   [HTTP error] https://www.sakerhetspolisen.se/cdn-cgi/l/email-protection#241b464b405d194c50505401176501166201166257454f41564c415057544b484d57414a0a57410116625241564f5745494c4150414a0116624a4750011662545146484d4f45504d4b4a4156094256454a094a47500a4c5049480116140c524d45011614770167170165104f41564c415057544b484d57414a0d024549541f5751464e41475019745146484d4f45504d4b4a415601161442560167170165114a0116146a6770: 404 Client Error: Not Found for url: https://www.sakerhetspolisen.se/cdn-cgi/l/email-protection#241b464b405d194c50505401176501166201166257454f41564c415057544b484d57414a0a57410116625241564f5745494c4150414a0116624a4750011662545146484d4f45504d4b4a4156094256454a094a47500a4c5049480116140c524d45011614770167170165104f41564c415057544b484d57414a0d024549541f5751464e41475019745146484d4f45504d4b4a415601161442560167170165114a0116146a6770
21:47:54 [WARNING]   [HTTP error] https://www.sakerhetspolisen.se/cdn-cgi/l/email-protection#e09092859393a093818b859288859493908f8c8993858ece9385: 404 Client Error: Not Found for url: https://www.sakerhetspolisen.se/cdn-cgi/l/email-protection#e09092859393a093818b859288859493908f8c8993858ece9385
21:48:06 [WARNING]   [HTTP error] https://www.sakerhetspolisen.se/cdn-cgi/l/email-protection#b38cd1dcd7ca8edbc7c7c39680f29681f59681f5c0d2d8d6c1dbd6c7c0c3dcdfdac0d6dd9dc0d69681f5dcc5c1dad4d29ec0dad7dcc19681f5c3c1d6c0c0c1c6de9ddbc7dedf9681839bc5dad2968183e096f08096f287d8d6c1dbd6c7c0c3dcdfdac0d6dd9a95d2dec388c0c6d1d9d6d0c78ee3c1d6c0c0c1c6de: 404 Client Error: Not Found for url: https://www.sakerhetspolisen.se/cdn-cgi/l/email-protection#b38cd1dcd7ca8edbc7c7c39680f29681f59681f5c0d2d8d6c1dbd6c7c0c3dcdfdac0d6dd9dc0d69681f5dcc5c1dad4d29ec0dad7dcc19681f5c3c1d6c0c0c1c6de9ddbc7dedf9681839bc5dad2968183e096f08096f287d8d6c1dbd6c7c0c3dcdfdac0d6dd9a95d2dec388c0c6d1d9d6d0c78ee3c1d6c0c0c1c6de
21:48:19 [WARNING]   [HTTP error] https://www.sakerhetspolisen.se/cdn-cgi/l/email-protection#1566747e70677d706166657a797c66707b5566747e70677d706166657a797c66707b3b6670: 404 Client Error: Not Found for url: https://www.sakerhetspolisen.se/cdn-cgi/l/email-protection#1566747e70677d706166657a797c66707b5566747e70677d706166657a797c66707b3b6670
21:49:09 [WARNING]   [HTTP error] https://www.sakerhetspolisen.se/cdn-cgi/l/email-protection#9ca3fef3f8e5a1f4e8e8ecb9afddb9aedab9aedaeffdf7f9eef4f9e8efecf3f0f5eff9f2b2eff9b9aedaf3eaeef5fbfdb1eff5f8f3eeb9aedaf3e8f4f9eeb1f0fdf2fbe9fdfbf9efb2f4e8f1f0b9aeacb4eaf5fdb9aeaccfb9dfafb9dda8f7f9eef4f9e8efecf3f0f5eff9f2b5bafdf1eca7efe9fef6f9ffe8a1d3e8f4f9eeb9aeacf0fdf2fbe9fdfbf9ef: 404 Client Error: Not Found for url: https://www.sakerhetspolisen.se/cdn-cgi/l/email-protection#9ca3fef3f8e5a1f4e8e8ecb9afddb9aedab9aedaeffdf7f9eef4f9e8efecf3f0f5eff9f2b2eff9b9aedaf3eaeef5fbfdb1eff5f8f3eeb9aedaf3e8f4f9eeb1f0fdf2fbe9fdfbf9efb2f4e8f1f0b9aeacb4eaf5fdb9aeaccfb9dfafb9dda8f7f9eef4f9e8efecf3f0f5eff9f2b5bafdf1eca7efe9fef6f9ffe8a1d3e8f4f9eeb9aeacf0fdf2fbe9fdfbf9ef
21:49:20 [WARNING]   [HTTP error] https://www.sakerhetspolisen.se/cdn-cgi/l/email-protection#d2edb0bdb6abefbaa6a6a2f7e193f7e094f7e094a1b3b9b7a0bab7a6a1a2bdbebba1b7bcfca1b7f7e094bdbfffa1b3b9b7a0bab7a6a1a2bdbebba1b7bcf7e094a1b3b9b7a0bab7a6a1a2bdbebba1b7bca1ffa7a2a2b6a0b3b5fcbaa6bfbef7e0e2faa4bbb3f7e0e281f791e1f793e6b9b7a0bab7a6a1a2bdbebba1b7bcfbf4b3bfa2e9a1a7b0b8b7b1a6ef81f791e1f793e6b9b7a0bab7a6a1a2bdbebba1b7bca1f7e0e2a7a2a2b6a0b3b5: 404 Client Error: Not Found for url: https://www.sakerhetspolisen.se/cdn-cgi/l/email-protection#d2edb0bdb6abefbaa6a6a2f7e193f7e094f7e094a1b3b9b7a0bab7a6a1a2bdbebba1b7bcfca1b7f7e094bdbfffa1b3b9b7a0bab7a6a1a2bdbebba1b7bcf7e094a1b3b9b7a0bab7a6a1a2bdbebba1b7bca1ffa7a2a2b6a0b3b5fcbaa6bfbef7e0e2faa4bbb3f7e0e281f791e1f793e6b9b7a0bab7a6a1a2bdbebba1b7bcfbf4b3bfa2e9a1a7b0b8b7b1a6ef81f791e1f793e6b9b7a0bab7a6a1a2bdbebba1b7bca1f7e0e2a7a2a2b6a0b3b5
21:49:25 [WARNING]   [HTTP error] https://www.sakerhetspolisen.se/cdn-cgi/l/email-protection#7c431e131805411408080c594f3d594e3a594e3a0f1d17190e1419080f0c1310150f1912520f19594e3a1311510f1d17190e1419080f0c1310150f1912594e3a0f08050e1215121b51131f1451090c0c1a1310161215121b5214081110594e4c540a151d594e4c2f593f4f593d4817190e1419080f0c1310150f1912555a1d110c470f091e16191f08412f08050e1215121b594e4c131f14594e4c090c0c1a593f4f593e4a10161215121b: 404 Client Error: Not Found for url: https://www.sakerhetspolisen.se/cdn-cgi/l/email-protection#7c431e131805411408080c594f3d594e3a594e3a0f1d17190e1419080f0c1310150f1912520f19594e3a1311510f1d17190e1419080f0c1310150f1912594e3a0f08050e1215121b51131f1451090c0c1a1310161215121b5214081110594e4c540a151d594e4c2f593f4f593d4817190e1419080f0c1310150f1912555a1d110c470f091e16191f08412f08050e1215121b594e4c131f14594e4c090c0c1a593f4f593e4a10161215121b
21:49:29 [WARNING]   [HTTP error] https://www.sakerhetspolisen.se/cdn-cgi/l/email-protection#c1fea3aea5b8fca9b5b5b1e4f280e4f387e4f387b2a0aaa4b3a9a4b5b2b1aeada8b2a4afefb2a4e4f387aeacecb2a0aaa4b3a9a4b5b2b1aeada8b2a4afe4f387b2b5b8b3afa8afa6ecaea2a9ecb4b1b1a7aeadabafa8afa6e4f387a3a4a9a0afa5ada8afa6eca0b7ecb1a4b3b2aeafb4b1b1a6a8a7b5a4b3efa9b5acade4f3f1e9b7a8a0e4f3f192e482f2e480f5aaa4b3a9a4b5b2b1aeada8b2a4afe8e7a0acb1fab2b4a3aba4a2b5fc83a4a9a0afa5ada8afa6e4f3f1a0b7e4f3f1b1a4b3b2aeafb4b1b1a6a8a7b5a4b3: 404 Client Error: Not Found for url: https://www.sakerhetspolisen.se/cdn-cgi/l/email-protection#c1fea3aea5b8fca9b5b5b1e4f280e4f387e4f387b2a0aaa4b3a9a4b5b2b1aeada8b2a4afefb2a4e4f387aeacecb2a0aaa4b3a9a4b5b2b1aeada8b2a4afe4f387b2b5b8b3afa8afa6ecaea2a9ecb4b1b1a7aeadabafa8afa6e4f387a3a4a9a0afa5ada8afa6eca0b7ecb1a4b3b2aeafb4b1b1a6a8a7b5a4b3efa9b5acade4f3f1e9b7a8a0e4f3f192e482f2e480f5aaa4b3a9a4b5b2b1aeada8b2a4afe8e7a0acb1fab2b4a3aba4a2b5fc83a4a9a0afa5ada8afa6e4f3f1a0b7e4f3f1b1a4b3b2aeafb4b1b1a6a8a7b5a4b3
21:49:34 [WARNING]   [HTTP error] https://www.sakerhetspolisen.se/cdn-cgi/l/email-protection#ad92cfc2c9d490c5d9d9dd889eec889feb889febdeccc6c8dfc5c8d9deddc2c1c4dec8c383dec8889febc2c080deccc6c8dfc5c8d9deddc2c1c4dec8c3889febded9d4dfc3c4c3ca80c2cec580d8ddddcbc2c1c7c3c4c3ca889febdec8c6dfc8d9c8dede83c5d9c0c1889f9d85dbc4cc889f9dfe88ee9e88ec99c6c8dfc5c8d9deddc2c1c4dec8c3848bccc0dd96ded8cfc7c8ced990fec8c6dfc8d9c8dede: 404 Client Error: Not Found for url: https://www.sakerhetspolisen.se/cdn-cgi/l/email-protection#ad92cfc2c9d490c5d9d9dd889eec889feb889febdeccc6c8dfc5c8d9deddc2c1c4dec8c383dec8889febc2c080deccc6c8dfc5c8d9deddc2c1c4dec8c3889febded9d4dfc3c4c3ca80c2cec580d8ddddcbc2c1c7c3c4c3ca889febdec8c6dfc8d9c8dede83c5d9c0c1889f9d85dbc4cc889f9dfe88ee9e88ec99c6c8dfc5c8d9deddc2c1c4dec8c3848bccc0dd96ded8cfc7c8ced990fec8c6dfc8d9c8dede
21:49:39 [WARNING]   [HTTP error] https://www.sakerhetspolisen.se/cdn-cgi/l/email-protection#6d520f020914500519191d485e2c485f2b485f2b1e0c06081f0508191e1d0201041e0803431e08485f2b0200401e0c06081f0508191e1d0201041e0803485f2b1e19141f0304030a40020e0540181d1d0b0201070304030a485f2b1e060c09081e190c03094305190001485f5d451b040c485f5d3e482e5e482c5906081f0508191e1d0201041e0803444b0c001d561e180f07080e19503e060c09081e19482e5e482c580309: 404 Client Error: Not Found for url: https://www.sakerhetspolisen.se/cdn-cgi/l/email-protection#6d520f020914500519191d485e2c485f2b485f2b1e0c06081f0508191e1d0201041e0803431e08485f2b0200401e0c06081f0508191e1d0201041e0803485f2b1e19141f0304030a40020e0540181d1d0b0201070304030a485f2b1e060c09081e190c03094305190001485f5d451b040c485f5d3e482e5e482c5906081f0508191e1d0201041e0803444b0c001d561e180f07080e19503e060c09081e19482e5e482c580309
21:49:43 [WARNING]   [HTTP error] https://www.sakerhetspolisen.se/cdn-cgi/l/email-protection#fb889a909e89939e8f888b949792889e95bb889a909e89939e8f888b949792889e95d5889e: 404 Client Error: Not Found for url: https://www.sakerhetspolisen.se/cdn-cgi/l/email-protection#fb889a909e89939e8f888b949792889e95bb889a909e89939e8f888b949792889e95d5889e
21:49:56 [WARNING]   [HTTP error] https://www.sakerhetspolisen.se/cdn-cgi/l/email-protection#ad92cfc2c9d490c5d9d9dd889eec889feb889febdeccc6c8dfc5c8d9deddc2c1c4dec8c383dec8889febc2c080deccc6c8dfc5c8d9deddc2c1c4dec8c3889febc2dfcaccc3c4deccd9c4c2c383c5d9c0c1889f9d85dbc4cc889f9dfe88ee9e88ec99c6c8dfc5c8d9deddc2c1c4dec8c3848bccc0dd96ded8cfc7c8ced990e2dfcaccc3c4deccd9c4c2c3: 404 Client Error: Not Found for url: https://www.sakerhetspolisen.se/cdn-cgi/l/email-protection#ad92cfc2c9d490c5d9d9dd889eec889feb889febdeccc6c8dfc5c8d9deddc2c1c4dec8c383dec8889febc2c080deccc6c8dfc5c8d9deddc2c1c4dec8c3889febc2dfcaccc3c4deccd9c4c2c383c5d9c0c1889f9d85dbc4cc889f9dfe88ee9e88ec99c6c8dfc5c8d9deddc2c1c4dec8c3848bccc0dd96ded8cfc7c8ced990e2dfcaccc3c4deccd9c4c2c3
21:49:59 [WARNING]   [HTTP error] https://www.sakerhetspolisen.se/cdn-cgi/l/email-protection#221d404d465b1f4a56565207116307106407106451434947504a475651524d4e4b51474c0c51470710644d4f0f51434947504a475651524d4e4b51474c0710644d5045434c4b5143564b4d4c07106451434947504a475651524d4e4b51414a4744474c0c4a564f4e0710120a544b43071012710761110763164947504a475651524d4e4b51474c0b04434f5219515740484741561f710761110763164947504a475651524d4e4b51414a4744474c: 404 Client Error: Not Found for url: https://www.sakerhetspolisen.se/cdn-cgi/l/email-protection#221d404d465b1f4a56565207116307106407106451434947504a475651524d4e4b51474c0c51470710644d4f0f51434947504a475651524d4e4b51474c0710644d5045434c4b5143564b4d4c07106451434947504a475651524d4e4b51414a4744474c0c4a564f4e0710120a544b43071012710761110763164947504a475651524d4e4b51474c0b04434f5219515740484741561f710761110763164947504a475651524d4e4b51414a4744474c
21:50:03 [WARNING]   [HTTP error] https://www.sakerhetspolisen.se/cdn-cgi/l/email-protection#0e316c616a7733667a7a7e2b3d4f2b3c482b3c487d6f656b7c666b7a7d7e6162677d6b60207d6b2b3c486163237d6f656b7c666b7a7d7e6162677d6b602b3c48617c696f60677d6f7a6761602b3c487d6f656b7c666b7a7d7e6162677d6b60237c6b696761606f627a20667a63622b3c3e2678676f2b3c3e5d2b4d3d2b4f3a656b7c666b7a7d7e6162677d6b6027286f637e357d7b6c646b6d7a335d2b4d3d2b4f3a656b7c666b7a7d7e6162677d6b602b3c3e7c6b696761606f627a: 404 Client Error: Not Found for url: https://www.sakerhetspolisen.se/cdn-cgi/l/email-protection#0e316c616a7733667a7a7e2b3d4f2b3c482b3c487d6f656b7c666b7a7d7e6162677d6b60207d6b2b3c486163237d6f656b7c666b7a7d7e6162677d6b602b3c48617c696f60677d6f7a6761602b3c487d6f656b7c666b7a7d7e6162677d6b60237c6b696761606f627a20667a63622b3c3e2678676f2b3c3e5d2b4d3d2b4f3a656b7c666b7a7d7e6162677d6b6027286f637e357d7b6c646b6d7a335d2b4d3d2b4f3a656b7c666b7a7d7e6162677d6b602b3c3e7c6b696761606f627a
21:50:11 [WARNING]   [HTTP error] https://www.sakerhetspolisen.se/cdn-cgi/l/email-protection#36095459524f0b5e42424613057713047013047045575d53445e53424546595a5f455358184553130470595b1b45575d53445e53424546595a5f455358130470454057441b46571b44535b5f45455344185e425b5a1304061e405f57130406651375051377025d53445e53424546595a5f4553581f10575b460d4543545c5355420b654057441304064613750513770313040644535b5f45455344: 404 Client Error: Not Found for url: https://www.sakerhetspolisen.se/cdn-cgi/l/email-protection#36095459524f0b5e42424613057713047013047045575d53445e53424546595a5f455358184553130470595b1b45575d53445e53424546595a5f455358130470454057441b46571b44535b5f45455344185e425b5a1304061e405f57130406651375051377025d53445e53424546595a5f4553581f10575b460d4543545c5355420b654057441304064613750513770313040644535b5f45455344
21:50:16 [WARNING]   [HTTP error] https://www.sakerhetspolisen.se/cdn-cgi/l/email-protection#0c7f6d67697e6469787f7c6360657f69624c7f6d67697e6469787f7c6360657f6962227f69: 404 Client Error: Not Found for url: https://www.sakerhetspolisen.se/cdn-cgi/l/email-protection#0c7f6d67697e6469787f7c6360657f69624c7f6d67697e6469787f7c6360657f6962227f69
21:50:20 [WARNING]   [HTTP error] https://www.sakerhetspolisen.se/cdn-cgi/l/email-protection#e5da878a819cd88d919195c0d6a4c0d7a3c0d7a396848e80978d809196958a898c96808bcb9680c0d7a38a88c896848e80978d809196958a898c96808bc0d7a3968488849787809180c8888081c8848b819784cb8d918889c0d7d5cd938c84c0d7d5b6c0a6d6c0a4d18e80978d809196958a898c96808bccc3848895de9690878f808691d8b68488849787809180c0d7d5888081c0d7d5848b819784: 404 Client Error: Not Found for url: https://www.sakerhetspolisen.se/cdn-cgi/l/email-protection#e5da878a819cd88d919195c0d6a4c0d7a3c0d7a396848e80978d809196958a898c96808bcb9680c0d7a38a88c896848e80978d809196958a898c96808bc0d7a3968488849787809180c8888081c8848b819784cb8d918889c0d7d5cd938c84c0d7d5b6c0a6d6c0a4d18e80978d809196958a898c96808bccc3848895de9690878f808691d8b68488849787809180c0d7d5888081c0d7d5848b819784
21:50:24 [WARNING]   [HTTP error] https://www.sakerhetspolisen.se/cdn-cgi/l/email-protection#152a777a716c287d61616530265430275330275366747e70677d706166657a797c66707b3b66703027537a783866747e70677d706166657a797c66707b302753637467387d7c66617a677c743b7d6178793027253d637c74302725463056263054217e70677d706166657a797c66707b3c337478652e6660777f7076612843305626305420673027257d7c66617a677c74: 404 Client Error: Not Found for url: https://www.sakerhetspolisen.se/cdn-cgi/l/email-protection#152a777a716c287d61616530265430275330275366747e70677d706166657a797c66707b3b66703027537a783866747e70677d706166657a797c66707b302753637467387d7c66617a677c743b7d6178793027253d637c74302725463056263054217e70677d706166657a797c66707b3c337478652e6660777f7076612843305626305420673027257d7c66617a677c74
21:50:28 [WARNING]   [HTTP error] https://www.sakerhetspolisen.se/cdn-cgi/l/email-protection#b58ad7dad1cc88ddc1c1c59086f49087f39087f3c6d4ded0c7ddd0c1c6c5dad9dcc6d0db9bc6d09087f3dddac1d0db98d8dac198c6c3d0c7dcd2d09087f3dddac1d0c198d3c7d4db98d3c7d4d8d8d4dbd1d098d8d4dec19bddc1d8d99087859dc3dcd4908785e690f68690f481ded0c7ddd0c1c6c5dad9dcc6d0db9c93d4d8c58ec6c0d7dfd0d6c188fddac1d0c1908785d3c790f68690f480db908785d3c790f68690f481d8d8d4dbd1d0908785d8d4dec1: 404 Client Error: Not Found for url: https://www.sakerhetspolisen.se/cdn-cgi/l/email-protection#b58ad7dad1cc88ddc1c1c59086f49087f39087f3c6d4ded0c7ddd0c1c6c5dad9dcc6d0db9bc6d09087f3dddac1d0db98d8dac198c6c3d0c7dcd2d09087f3dddac1d0c198d3c7d4db98d3c7d4d8d8d4dbd1d098d8d4dec19bddc1d8d99087859dc3dcd4908785e690f68690f481ded0c7ddd0c1c6c5dad9dcc6d0db9c93d4d8c58ec6c0d7dfd0d6c188fddac1d0c1908785d3c790f68690f480db908785d3c790f68690f481d8d8d4dbd1d0908785d8d4dec1
21:50:33 [WARNING]   [HTTP error] https://www.sakerhetspolisen.se/cdn-cgi/l/email-protection#c8f7aaa7acb1f5a0bcbcb8edfb89edfa8eedfa8ebba9a3adbaa0adbcbbb8a7a4a1bbada6e6bbadedfa8ea0a7bcada6e5a5a7bce5bbbeadbaa1afadedfa8ea0a7bcadbce5aebaa9a6e5aebaa9a5a5a9a6acade5a5a9a3bcedfa8ebba9e5bea9babea9bbe5ada6e5a9afada6bce6a0bca5a4edfaf8e0bea1a9edfaf89bed8bfbed89fca3adbaa0adbcbbb8a7a4a1bbada6e1eea9a5b8f3bbbdaaa2adabbcf59bed8bfbed89fdedfaf8beed8bfbed89fcbabea9bbedfaf8ada6edfaf8a9afada6bc: 404 Client Error: Not Found for url: https://www.sakerhetspolisen.se/cdn-cgi/l/email-protection#c8f7aaa7acb1f5a0bcbcb8edfb89edfa8eedfa8ebba9a3adbaa0adbcbbb8a7a4a1bbada6e6bbadedfa8ea0a7bcada6e5a5a7bce5bbbeadbaa1afadedfa8ea0a7bcadbce5aebaa9a6e5aebaa9a5a5a9a6acade5a5a9a3bcedfa8ebba9e5bea9babea9bbe5ada6e5a9afada6bce6a0bca5a4edfaf8e0bea1a9edfaf89bed8bfbed89fca3adbaa0adbcbbb8a7a4a1bbada6e1eea9a5b8f3bbbdaaa2adabbcf59bed8bfbed89fdedfaf8beed8bfbed89fcbabea9bbedfaf8ada6edfaf8a9afada6bc
21:50:38 [WARNING]   [HTTP error] https://www.sakerhetspolisen.se/cdn-cgi/l/email-protection#b986dbd6ddc084d1cdcdc99c8af89c8bff9c8bffcad8d2dccbd1dccdcac9d6d5d0cadcd797cadc9c8bffd1d6cddcd794d4d6cd94cacfdccbd0dedc9c8bffcddccbcbd6cbd0cad494d6dad194dcc1cdcbdcd4d0cad497d1cdd4d59c8b8991cfd0d89c8b89ea9cfa8a9cf88dd2dccbd1dccdcac9d6d5d0cadcd7909fd8d4c982caccdbd3dcdacd84eddccbcbd6cbd0cad49c8b89d6dad19c8b89dcc1cdcbdcd4d0cad4: 404 Client Error: Not Found for url: https://www.sakerhetspolisen.se/cdn-cgi/l/email-protection#b986dbd6ddc084d1cdcdc99c8af89c8bff9c8bffcad8d2dccbd1dccdcac9d6d5d0cadcd797cadc9c8bffd1d6cddcd794d4d6cd94cacfdccbd0dedc9c8bffcddccbcbd6cbd0cad494d6dad194dcc1cdcbdcd4d0cad497d1cdd4d59c8b8991cfd0d89c8b89ea9cfa8a9cf88dd2dccbd1dccdcac9d6d5d0cadcd7909fd8d4c982caccdbd3dcdacd84eddccbcbd6cbd0cad49c8b89d6dad19c8b89dcc1cdcbdcd4d0cad4
21:50:42 [WARNING]   [HTTP error] https://www.sakerhetspolisen.se/cdn-cgi/l/email-protection#cff0ada0abb6f2a7bbbbbfeafc8eeafd89eafd89bcaea4aabda7aabbbcbfa0a3a6bcaaa1e1bcaaeafd89a7a0bbaaa1e2a2a0bbe2bcb9aabda6a8aaeafd89bbaabdbda0bda6bca2e2a0aca7e2aab7bbbdaaa2a6bca2eafd89aaa1bcaea2aea8aabdaea1abaae2a8aebda1a6a1a8bcbfaabdbca0a1aabde1a7bba2a3eafdffe7b9a6aeeafdff9cea8cfcea8efba4aabda7aabbbcbfa0a3a6bcaaa1e6e9aea2bff4bcbaada5aaacbbf28aa1bcaea2aea8aabdaea1abaaeafdffa8ea8cfcea8efbbda1a6a1a8bcbfaabdbca0a1aabd: 404 Client Error: Not Found for url: https://www.sakerhetspolisen.se/cdn-cgi/l/email-protection#cff0ada0abb6f2a7bbbbbfeafc8eeafd89eafd89bcaea4aabda7aabbbcbfa0a3a6bcaaa1e1bcaaeafd89a7a0bbaaa1e2a2a0bbe2bcb9aabda6a8aaeafd89bbaabdbda0bda6bca2e2a0aca7e2aab7bbbdaaa2a6bca2eafd89aaa1bcaea2aea8aabdaea1abaae2a8aebda1a6a1a8bcbfaabdbca0a1aabde1a7bba2a3eafdffe7b9a6aeeafdff9cea8cfcea8efba4aabda7aabbbcbfa0a3a6bcaaa1e6e9aea2bff4bcbaada5aaacbbf28aa1bcaea2aea8aabdaea1abaaeafdffa8ea8cfcea8efbbda1a6a1a8bcbfaabdbca0a1aabd
21:50:45 [WARNING]   [HTTP error] https://www.sakerhetspolisen.se/cdn-cgi/l/email-protection#635c010c071a5e0b17171346502246512546512510020806110b061710130c0f0a10060d4d10064651250b0c17060d4e0e0c174e101506110a0406465125170611110c110a100e4e0c000b4e061b1711060e0a100e46512515020f07100106090208020d07064e061b1711060e0a100e4d0b170e0f4651534b150a02465153304620504622570806110b061710130c0f0a10060d4a45020e1358101601090600175e354620504622560f07100106090208020d0706465153061b1711060e0a100e: 404 Client Error: Not Found for url: https://www.sakerhetspolisen.se/cdn-cgi/l/email-protection#635c010c071a5e0b17171346502246512546512510020806110b061710130c0f0a10060d4d10064651250b0c17060d4e0e0c174e101506110a0406465125170611110c110a100e4e0c000b4e061b1711060e0a100e46512515020f07100106090208020d07064e061b1711060e0a100e4d0b170e0f4651534b150a02465153304620504622570806110b061710130c0f0a10060d4a45020e1358101601090600175e354620504622560f07100106090208020d0706465153061b1711060e0a100e
21:50:49 [WARNING]   [HTTP error] https://www.sakerhetspolisen.se/cdn-cgi/l/email-protection#69560b060d1054011d1d194c5a284c5b2f4c5b2f1a08020c1b010c1d1a190605001a0c07471a0c4c5b2f01061d0c074404061d441a1f0c1b000e0c4c5b2f01061d4404061d440a0c071d1b080508441a1d081d1a050c0d0700070e0c0747011d04054c5b59411f00084c5b593a4c2a5a4c285d020c1b010c1d1a190605001a0c07404f080419521a1c0b030c0a1d5421061d4c5b5904061d4c5b590a0c071d1b0805084c5b591a1d081d1a050c0d0700070e0c07: 404 Client Error: Not Found for url: https://www.sakerhetspolisen.se/cdn-cgi/l/email-protection#69560b060d1054011d1d194c5a284c5b2f4c5b2f1a08020c1b010c1d1a190605001a0c07471a0c4c5b2f01061d0c074404061d441a1f0c1b000e0c4c5b2f01061d4404061d440a0c071d1b080508441a1d081d1a050c0d0700070e0c0747011d04054c5b59411f00084c5b593a4c2a5a4c285d020c1b010c1d1a190605001a0c07404f080419521a1c0b030c0a1d5421061d4c5b5904061d4c5b590a0c071d1b0805084c5b591a1d081d1a050c0d0700070e0c07
21:50:52 [WARNING]   [HTTP error] https://www.sakerhetspolisen.se/cdn-cgi/l/email-protection#132c717c776a2e7b67676336205236215536215560727876617b766760637c7f7a60767d3d60763621557b7c67767d3e7e7c673e606576617a74763621557e726060757c6160677c61767f6076657263767d3d7b677e7f3621233b657a72362123403650203652277876617b766760637c7f7a60767d3a35727e6328606671797670672e5e7260607536502036512561606736502036512561767f6076657263767d: 404 Client Error: Not Found for url: https://www.sakerhetspolisen.se/cdn-cgi/l/email-protection#132c717c776a2e7b67676336205236215536215560727876617b766760637c7f7a60767d3d60763621557b7c67767d3e7e7c673e606576617a74763621557e726060757c6160677c61767f6076657263767d3d7b677e7f3621233b657a72362123403650203652277876617b766760637c7f7a60767d3a35727e6328606671797670672e5e7260607536502036512561606736502036512561767f6076657263767d
21:50:57 [WARNING]   [HTTP error] https://www.sakerhetspolisen.se/cdn-cgi/l/email-protection#231c414c475a1e4b57575306106206116506116550424846514b465750534c4f4a50464d0d50460611654b4c57464d0e4e4c570e505546514a44460611654e425050454c5150574c51464f5046554253464d061165515a50480e5746484d4a48424d50484245454d4a4d440d4b574e4f0611130b554a42061113700660100662174846514b465750534c4f4a50464d0a05424e5318505641494640571e715a50480611135746484d4a48424d50484245454d4a4d44: 404 Client Error: Not Found for url: https://www.sakerhetspolisen.se/cdn-cgi/l/email-protection#231c414c475a1e4b57575306106206116506116550424846514b465750534c4f4a50464d0d50460611654b4c57464d0e4e4c570e505546514a44460611654e425050454c5150574c51464f5046554253464d061165515a50480e5746484d4a48424d50484245454d4a4d440d4b574e4f0611130b554a42061113700660100662174846514b465750534c4f4a50464d0a05424e5318505641494640571e715a50480611135746484d4a48424d50484245454d4a4d44
21:51:02 [WARNING]   [HTTP error] https://www.sakerhetspolisen.se/cdn-cgi/l/email-protection#d6a5b7bdb3a4beb3a2a5a5bdafb2b296a5b7bdb3a4beb3a2a5a6b9babfa5b3b8f8a5b3: 404 Client Error: Not Found for url: https://www.sakerhetspolisen.se/cdn-cgi/l/email-protection#d6a5b7bdb3a4beb3a2a5a5bdafb2b296a5b7bdb3a4beb3a2a5a6b9babfa5b3b8f8a5b3
21:51:06 [WARNING]   [HTTP error] https://www.sakerhetspolisen.se/cdn-cgi/l/email-protection#655a070a011c580d11111540562440572340572316040e00170d001116150a090c16000b4b160040572316040e00170d001116160e1c01014057230a084816040e00170d001116160e1c01014b0d1108094057554d130c04405755364026564024510e00170d001116150a090c16000b4c430408155e1610070f000611582a08405755164026564024510e00170d001116160e1c0101: 404 Client Error: Not Found for url: https://www.sakerhetspolisen.se/cdn-cgi/l/email-protection#655a070a011c580d11111540562440572340572316040e00170d001116150a090c16000b4b160040572316040e00170d001116160e1c01014057230a084816040e00170d001116160e1c01014b0d1108094057554d130c04405755364026564024510e00170d001116150a090c16000b4c430408155e1610070f000611582a08405755164026564024510e00170d001116160e1c0101
21:51:10 [WARNING]   [HTTP error] https://www.sakerhetspolisen.se/cdn-cgi/l/email-protection#2152404a445349445552524a5845456152404a445349445552514e4d4852444f0f5244: 404 Client Error: Not Found for url: https://www.sakerhetspolisen.se/cdn-cgi/l/email-protection#2152404a445349445552524a5845456152404a445349445552514e4d4852444f0f5244
21:51:38 [INFO]   → Found 2 PDFs on https://www.sakerhetspolisen.se/sakerhetsskydd/aktuellt-inom-sakerhetsskydd/sakerhetspolisens-arbete-med-5g.html
21:51:43 [INFO]     [OK] 9ab3207d… |    39 KB | year=2022 (2020-2023) | fields=16
21:51:47 [INFO]     [OK] 9ab3207d… |    39 KB | year=2022 (2020-2023) | fields=16
21:51:51 [WARNING]   [HTTP error] https://www.sakerhetspolisen.se/cdn-cgi/l/email-protection#ac93cec3c8d591c4d8d8dc899fed899eea899eeadfcdc7c9dec4c9d8dfdcc3c0c5dfc9c282dfc9899eeadfcdc7c9dec4c9d8dfdfc7d5c8c8899eeacdc7d8d9c9c0c0d881c5c2c3c181dfcdc7c9dec4c9d8dfdfc7d5c8c882c4d8c1c0899e9c84dac5cd899e9cff89ef9f89ed98c7c9dec4c9d8dfdcc3c0c5dfc9c2858acdc1dc97dfd9cec6c9cfd891edc7d8d9c9c0c0d8899e9cc5c2c3c1899e9cdf89ef9f89ed98c7c9dec4c9d8dfdfc7d5c8c8: 404 Client Error: Not Found for url: https://www.sakerhetspolisen.se/cdn-cgi/l/email-protection#ac93cec3c8d591c4d8d8dc899fed899eea899eeadfcdc7c9dec4c9d8dfdcc3c0c5dfc9c282dfc9899eeadfcdc7c9dec4c9d8dfdfc7d5c8c8899eeacdc7d8d9c9c0c0d881c5c2c3c181dfcdc7c9dec4c9d8dfdfc7d5c8c882c4d8c1c0899e9c84dac5cd899e9cff89ef9f89ed98c7c9dec4c9d8dfdcc3c0c5dfc9c2858acdc1dc97dfd9cec6c9cfd891edc7d8d9c9c0c0d8899e9cc5c2c3c1899e9cdf89ef9f89ed98c7c9dec4c9d8dfdfc7d5c8c8
21:52:01 [WARNING]   [HTTP error] https://www.sakerhetspolisen.se/cdn-cgi/l/email-protection#013e636e65783c6975757124324024334724334772606a647369647572716e6d6872646f2f726424334772606a647369647572726a786565243347606f6c606d606f2c7768652c72606a647369647572696e75606f65642c69606f65646d7264732f69756c6d24333129776860243331522442322440356a647369647572716e6d6872646f2827606c713a7274636b6462753c406f6c2442322440356d606f243331776865243331722442322440356a647369647572696e75606f6564243331692442322440356f65646d726473: 404 Client Error: Not Found for url: https://www.sakerhetspolisen.se/cdn-cgi/l/email-protection#013e636e65783c6975757124324024334724334772606a647369647572716e6d6872646f2f726424334772606a647369647572726a786565243347606f6c606d606f2c7768652c72606a647369647572696e75606f65642c69606f65646d7264732f69756c6d24333129776860243331522442322440356a647369647572716e6d6872646f2827606c713a7274636b6462753c406f6c2442322440356d606f243331776865243331722442322440356a647369647572696e75606f6564243331692442322440356f65646d726473
21:52:05 [WARNING]   [HTTP error] https://www.sakerhetspolisen.se/cdn-cgi/l/email-protection#becddfd5dbccd6dbcacdcdd5c7dadafecddfd5dbccd6dbcacdced1d2d7cddbd090cddb: 404 Client Error: Not Found for url: https://www.sakerhetspolisen.se/cdn-cgi/l/email-protection#becddfd5dbccd6dbcacdcdd5c7dadafecddfd5dbccd6dbcacdced1d2d7cddbd090cddb
21:52:08 [WARNING]   [HTTP error] https://www.sakerhetspolisen.se/cdn-cgi/l/email-protection#3b0459545f4206534f4f4b1e087a1e097d1e097d485a505e49535e4f484b545752485e5515485e1e097d485a505e49535e4f484850425f5f1e097d4d5a5c575e5f5552555c5a4916485a505e49535e4f484850425f5f15534f56571e090b134d525a1e090b681e78081e7a0f505e49535e4f484b545752485e55121d5a564b00484e59515e584f066d1e78081e7a0f5c575e5f5552555c5a491e090b481e78081e7a0f505e49535e4f484850425f5f: 404 Client Error: Not Found for url: https://www.sakerhetspolisen.se/cdn-cgi/l/email-protection#3b0459545f4206534f4f4b1e087a1e097d1e097d485a505e49535e4f484b545752485e5515485e1e097d485a505e49535e4f484850425f5f1e097d4d5a5c575e5f5552555c5a4916485a505e49535e4f484850425f5f15534f56571e090b134d525a1e090b681e78081e7a0f505e49535e4f484b545752485e55121d5a564b00484e59515e584f066d1e78081e7a0f5c575e5f5552555c5a491e090b481e78081e7a0f505e49535e4f484850425f5f
21:52:13 [WARNING]   [HTTP error] https://www.sakerhetspolisen.se/cdn-cgi/l/email-protection#d3ecb1bcb7aaeebba7a7a3f6e092f6e195f6e195a0b2b8b6a1bbb6a7a0a3bcbfbaa0b6bdfda0b6f6e195a0b2b8b6a1bbb6a7a0a0b8aab7b7f6e195babdb5bca1beb2a7babcbda0b5babfbeb6a1fea0b2b8b6a1bbb6a7a0a0b8aab7b7fdbba7bebff6e1e3fba5bab2f6e1e380f690e0f692e7b8b6a1bbb6a7a0a3bcbfbaa0b6bdfaf5b2bea3e8a0a6b1b9b6b0a7ee9abdb5bca1beb2a7babcbda0b5babfbeb6a1f6e1e3a0f690e0f692e7b8b6a1bbb6a7a0a0b8aab7b7: 404 Client Error: Not Found for url: https://www.sakerhetspolisen.se/cdn-cgi/l/email-protection#d3ecb1bcb7aaeebba7a7a3f6e092f6e195f6e195a0b2b8b6a1bbb6a7a0a3bcbfbaa0b6bdfda0b6f6e195a0b2b8b6a1bbb6a7a0a0b8aab7b7f6e195babdb5bca1beb2a7babcbda0b5babfbeb6a1fea0b2b8b6a1bbb6a7a0a0b8aab7b7fdbba7bebff6e1e3fba5bab2f6e1e380f690e0f692e7b8b6a1bbb6a7a0a3bcbfbaa0b6bdfaf5b2bea3e8a0a6b1b9b6b0a7ee9abdb5bca1beb2a7babcbda0b5babfbeb6a1f6e1e3a0f690e0f692e7b8b6a1bbb6a7a0a0b8aab7b7
21:52:18 [WARNING]   [HTTP error] https://www.sakerhetspolisen.se/cdn-cgi/l/email-protection#ab94c9c4cfd296c3dfdfdb8e98ea8e99ed8e99edd8cac0ced9c3cedfd8dbc4c7c2d8cec585d8ce8e99edd8cac0ced9c3cedfd8d8c0d2cfcf8e99edc7cacc86cdc4d9c4d9cfc5c2c5cc86c4c8c386cdc4d9ced8c0d9c2cddfced985c3dfc6c78e999b83ddc2ca8e999bf88ee8988eea9fc0ced9c3cedfd8dbc4c7c2d8cec5828dcac6db90d8dec9c1cec8df96e7cacc8e99e88e999bcd8ee8988ee99dd9c4d9cfc5c2c5cc8e999bc4c8c38e999bcd8ee8988ee99dd9ced8c0d9c2cddfced9: 404 Client Error: Not Found for url: https://www.sakerhetspolisen.se/cdn-cgi/l/email-protection#ab94c9c4cfd296c3dfdfdb8e98ea8e99ed8e99edd8cac0ced9c3cedfd8dbc4c7c2d8cec585d8ce8e99edd8cac0ced9c3cedfd8d8c0d2cfcf8e99edc7cacc86cdc4d9c4d9cfc5c2c5cc86c4c8c386cdc4d9ced8c0d9c2cddfced985c3dfc6c78e999b83ddc2ca8e999bf88ee8988eea9fc0ced9c3cedfd8dbc4c7c2d8cec5828dcac6db90d8dec9c1cec8df96e7cacc8e99e88e999bcd8ee8988ee99dd9c4d9cfc5c2c5cc8e999bc4c8c38e999bcd8ee8988ee99dd9ced8c0d9c2cddfced9
21:52:22 [WARNING]   [HTTP error] https://www.sakerhetspolisen.se/cdn-cgi/l/email-protection#f4cb969b908dc99c808084d1c7b5d1c6b2d1c6b287959f91869c918087849b989d87919ada8791d1c6b287959f91869c918087879f8d9090d1c6b28691939d878091869f9b9a80869b9898da9c809998d1c6c4dc829d95d1c6c4a7d1b7c7d1b5c09f91869c918087849b989d87919addd2959984cf8781969e919780c9a691939d878091869f9b9a80869b9898: 404 Client Error: Not Found for url: https://www.sakerhetspolisen.se/cdn-cgi/l/email-protection#f4cb969b908dc99c808084d1c7b5d1c6b2d1c6b287959f91869c918087849b989d87919ada8791d1c6b287959f91869c918087879f8d9090d1c6b28691939d878091869f9b9a80869b9898da9c809998d1c6c4dc829d95d1c6c4a7d1b7c7d1b5c09f91869c918087849b989d87919addd2959984cf8781969e919780c9a691939d878091869f9b9a80869b9898
21:52:26 [WARNING]   [HTTP error] https://www.sakerhetspolisen.se/cdn-cgi/l/email-protection#433126242a30372631282c2d37312c2f2f0330222826312b263730332c2f2a30262d6d3026: 404 Client Error: Not Found for url: https://www.sakerhetspolisen.se/cdn-cgi/l/email-protection#433126242a30372631282c2d37312c2f2f0330222826312b263730332c2f2a30262d6d3026
21:53:06 [WARNING]   [HTTP error] https://www.sakerhetspolisen.se/cdn-cgi/l/email-protection#90aff2fff4e9adf8e4e4e0b5a3d1b5a2d6b5a2d6e3f1fbf5e2f8f5e4e3e0fffcf9e3f5febee3f5b5a2d6e3f1fbf5e2f8f5e4e3e3fbe9f4f4b5a2d6e2f5f7f9e3e4f5e2fbfffee4e2fffcfcb5a2d6f4f9f7f9e4f1fcbdf8f1fee4f5e2f9fef7bdf1e6bde2f5f7f9e3e4f5e2fbfffee4e2fffcfcf5e2bdfff3f8bde3f1fbf5e2f8f5e4e3e3fbe9f4f4e3f1e6e4f1fcbef8e4fdfcb5a2a0b8e6f9f1b5a2a0c3b5d3a3b5d1a4fbf5e2f8f5e4e3e0fffcf9e3f5feb9b6f1fde0abe3e5f2faf5f3e4add4f9f7f9e4f1fcb5a2a0f8f1fee4f5e2f9fef7b5a2a0f1e6b5a2a0e2f5f7f9e3e4f5e2fbfffee4e2fffcfcf5e2b5a2a0fff3f8b5a2a0e3b5d3a3b5d1a4fbf5e2f8f5e4e3e3fbe9f4f4e3f1e6e4f1fc: 404 Client Error: Not Found for url: https://www.sakerhetspolisen.se/cdn-cgi/l/email-protection#90aff2fff4e9adf8e4e4e0b5a3d1b5a2d6b5a2d6e3f1fbf5e2f8f5e4e3e0fffcf9e3f5febee3f5b5a2d6e3f1fbf5e2f8f5e4e3e3fbe9f4f4b5a2d6e2f5f7f9e3e4f5e2fbfffee4e2fffcfcb5a2d6f4f9f7f9e4f1fcbdf8f1fee4f5e2f9fef7bdf1e6bde2f5f7f9e3e4f5e2fbfffee4e2fffcfcf5e2bdfff3f8bde3f1fbf5e2f8f5e4e3e3fbe9f4f4e3f1e6e4f1fcbef8e4fdfcb5a2a0b8e6f9f1b5a2a0c3b5d3a3b5d1a4fbf5e2f8f5e4e3e0fffcf9e3f5feb9b6f1fde0abe3e5f2faf5f3e4add4f9f7f9e4f1fcb5a2a0f8f1fee4f5e2f9fef7b5a2a0f1e6b5a2a0e2f5f7f9e3e4f5e2fbfffee4e2fffcfcf5e2b5a2a0fff3f8b5a2a0e3b5d3a3b5d1a4fbf5e2f8f5e4e3e3fbe9f4f4e3f1e6e4f1fc
21:53:09 [WARNING]   [HTTP error] https://www.sakerhetspolisen.se/cdn-cgi/l/email-protection#d8aabdbfb1abacbdaab3b7b6acaab7b4b498abb9b3bdaab0bdacaba8b7b4b1abbdb6f6abbd: 404 Client Error: Not Found for url: https://www.sakerhetspolisen.se/cdn-cgi/l/email-protection#d8aabdbfb1abacbdaab3b7b6acaab7b4b498abb9b3bdaab0bdacaba8b7b4b1abbdb6f6abbd
21:53:16 [WARNING]   [HTTP error] https://www.sakerhetspolisen.se/cdn-cgi/l/email-protection#f2cd909d968bcf9a868682d7c1b3d7c0b4d7c0b481939997809a978681829d9e9b81979cdc8197d7c0b481939997809a97868181998b9696d7c0b481939f809396dc9a869f9ed7c0c2da849b93d7c0c2a1d7b1c1d7b3c69997809a978681829d9e9b81979cdbd4939f82c981879098979186cfa1939f80d7b1c1d7b3c796: 404 Client Error: Not Found for url: https://www.sakerhetspolisen.se/cdn-cgi/l/email-protection#f2cd909d968bcf9a868682d7c1b3d7c0b4d7c0b481939997809a978681829d9e9b81979cdc8197d7c0b481939997809a97868181998b9696d7c0b481939f809396dc9a869f9ed7c0c2da849b93d7c0c2a1d7b1c1d7b3c69997809a978681829d9e9b81979cdbd4939f82c981879098979186cfa1939f80d7b1c1d7b3c796
21:53:20 [WARNING]   [HTTP error] https://www.sakerhetspolisen.se/cdn-cgi/l/email-protection#754a171a110c481d01010550463450473350473306141e10071d100106051a191c06101b5b061050473306141e10071d100106061e0c111150473306141e10071d100106061e0c111106141b14190c065b1d0118195047455d031c14504745265036465034411e10071d100106051a191c06101b5c531418054e0600171f10160148265036465034411e10071d100106061e0c111106141b14190c06: 404 Client Error: Not Found for url: https://www.sakerhetspolisen.se/cdn-cgi/l/email-protection#754a171a110c481d01010550463450473350473306141e10071d100106051a191c06101b5b061050473306141e10071d100106061e0c111150473306141e10071d100106061e0c111106141b14190c065b1d0118195047455d031c14504745265036465034411e10071d100106051a191c06101b5c531418054e0600171f10160148265036465034411e10071d100106061e0c111106141b14190c06
21:53:24 [WARNING]   [HTTP error] https://www.sakerhetspolisen.se/cdn-cgi/l/email-protection#dce3beb3b8a5e1b4a8a8acf9ef9df9ee9af9ee9aafbdb7b9aeb4b9a8afacb3b0b5afb9b2f2afb9f9ee9aafbdb7b9aeb4b9a8afafb7a5b8b8f9ee9aafbdb7b9aeb4b9a8afb4b3a8f1b3bfb4f1b8b5b1b9b2afb5b3b2b9aebdb2b8b9f1bdb2a8bdbbb3b2b5afa8b5afb7bdf1bab3aeb1bdbbb3aef2b4a8b1b0f9eeecf4aab5bdf9eeec8ff99feff99de8b7b9aeb4b9a8afacb3b0b5afb9b2f5fabdb1ace7afa9beb6b9bfa8e18ff99feff99de8b7b9aeb4b9a8afb4b3a8f9eeecb3bfb4f9eeecb8b5b1b9b2afb5b3b2b9aebdb2b8b9f9eeecbdb2a8bdbbb3b2b5afa8b5afb7bdf9eeecbaf99feff99eeaaeb1f99feff99de9bbb3ae: 404 Client Error: Not Found for url: https://www.sakerhetspolisen.se/cdn-cgi/l/email-protection#dce3beb3b8a5e1b4a8a8acf9ef9df9ee9af9ee9aafbdb7b9aeb4b9a8afacb3b0b5afb9b2f2afb9f9ee9aafbdb7b9aeb4b9a8afafb7a5b8b8f9ee9aafbdb7b9aeb4b9a8afb4b3a8f1b3bfb4f1b8b5b1b9b2afb5b3b2b9aebdb2b8b9f1bdb2a8bdbbb3b2b5afa8b5afb7bdf1bab3aeb1bdbbb3aef2b4a8b1b0f9eeecf4aab5bdf9eeec8ff99feff99de8b7b9aeb4b9a8afacb3b0b5afb9b2f5fabdb1ace7afa9beb6b9bfa8e18ff99feff99de8b7b9aeb4b9a8afb4b3a8f9eeecb3bfb4f9eeecb8b5b1b9b2afb5b3b2b9aebdb2b8b9f9eeecbdb2a8bdbbb3b2b5afa8b5afb7bdf9eeecbaf99feff99eeaaeb1f99feff99de9bbb3ae
21:53:28 [WARNING]   [HTTP error] https://www.sakerhetspolisen.se/cdn-cgi/l/email-protection#d0a3b1bbb5a2b8b5a4a3a3bba9b4b490a3b1bbb5a2b8b5a4a3a0bfbcb9a3b5befea3b5: 404 Client Error: Not Found for url: https://www.sakerhetspolisen.se/cdn-cgi/l/email-protection#d0a3b1bbb5a2b8b5a4a3a3bba9b4b490a3b1bbb5a2b8b5a4a3a0bfbcb9a3b5befea3b5
21:53:33 [WARNING]   [HTTP error] https://www.sakerhetspolisen.se/cdn-cgi/l/email-protection#536c313c372a6e3b27272376601276611576611520323836213b362720233c3f3a20363d7d203676611520323836213b36272020382a373776611520323836213b36272020382a3737203227343221373621766115233621203c3d323f20323836213b36277d3b273e3f7661637b253a32766163007610607612673836213b362720233c3f3a20363d7a75323e2368202631393630276e033621203c3d323f207610607612673836213b3627: 404 Client Error: Not Found for url: https://www.sakerhetspolisen.se/cdn-cgi/l/email-protection#536c313c372a6e3b27272376601276611576611520323836213b362720233c3f3a20363d7d203676611520323836213b36272020382a373776611520323836213b36272020382a3737203227343221373621766115233621203c3d323f20323836213b36277d3b273e3f7661637b253a32766163007610607612673836213b362720233c3f3a20363d7a75323e2368202631393630276e033621203c3d323f207610607612673836213b3627
21:53:36 [WARNING]   [HTTP error] https://www.sakerhetspolisen.se/cdn-cgi/l/email-protection#88b7eae7ecf1b5e0fcfcf8adbbc9adbaceadbacefbe9e3edfae0edfcfbf8e7e4e1fbede6a6fbedadbacefbe9e3edfae0edfcfbfbe3f1ececadbacefbe9e3edfae0edfcfbfbe3f1ececfbe9fcefe9faecedfaadbaceeef1fbe1fbe3a5fbe9e3edfae0edfca6e0fce5e4adbab8a0fee1e9adbab8dbadcbbbadc9bce3edfae0edfcfbf8e7e4e1fbede6a1aee9e5f8b3fbfdeae2edebfcb5cef1fbe1fbe3adbab8fbadcbbbadc9bce3edfae0edfc: 404 Client Error: Not Found for url: https://www.sakerhetspolisen.se/cdn-cgi/l/email-protection#88b7eae7ecf1b5e0fcfcf8adbbc9adbaceadbacefbe9e3edfae0edfcfbf8e7e4e1fbede6a6fbedadbacefbe9e3edfae0edfcfbfbe3f1ececadbacefbe9e3edfae0edfcfbfbe3f1ececfbe9fcefe9faecedfaadbaceeef1fbe1fbe3a5fbe9e3edfae0edfca6e0fce5e4adbab8a0fee1e9adbab8dbadcbbbadc9bce3edfae0edfcfbf8e7e4e1fbede6a1aee9e5f8b3fbfdeae2edebfcb5cef1fbe1fbe3adbab8fbadcbbbadc9bce3edfae0edfc
21:53:40 [WARNING]   [HTTP error] https://www.sakerhetspolisen.se/cdn-cgi/l/email-protection#cff0ada0abb6f2a7bbbbbfeafc8eeafd89eafd89bcaea4aabda7aabbbcbfa0a3a6bcaaa1e1bcaaeafd89bcaea4aabda7aabbbcbca4b6ababeafd89bcaea4aabda7aabbbcbca4b6ababbcaebba8aebdabaabdeafd89a6a1a9a0bda2aebba6a0a1bcbcaea4aabda7aabbe1a7bba2a3eafdffe7b9a6aeeafdff9cea8cfcea8efba4aabda7aabbbcbfa0a3a6bcaaa1e6e9aea2bff4bcbaada5aaacbbf286a1a9a0bda2aebba6a0a1bcbcea8cfcea8efba4aabda7aabb: 404 Client Error: Not Found for url: https://www.sakerhetspolisen.se/cdn-cgi/l/email-protection#cff0ada0abb6f2a7bbbbbfeafc8eeafd89eafd89bcaea4aabda7aabbbcbfa0a3a6bcaaa1e1bcaaeafd89bcaea4aabda7aabbbcbca4b6ababeafd89bcaea4aabda7aabbbcbca4b6ababbcaebba8aebdabaabdeafd89a6a1a9a0bda2aebba6a0a1bcbcaea4aabda7aabbe1a7bba2a3eafdffe7b9a6aeeafdff9cea8cfcea8efba4aabda7aabbbcbfa0a3a6bcaaa1e6e9aea2bff4bcbaada5aaacbbf286a1a9a0bda2aebba6a0a1bcbcea8cfcea8efba4aabda7aabb
21:53:44 [WARNING]   [HTTP error] https://www.sakerhetspolisen.se/cdn-cgi/l/email-protection#81bee3eee5f8bce9f5f5f1a4b2c0a4b3c7a4b3c7f2e0eae4f3e9e4f5f2f1eeede8f2e4efaff2e4a4b3c7f2e0eae4f3e9e4f5f2f2eaf8e5e5a4b3c7f5e8ededf2f8eff2ecf8efe5e8e6e9e4f5e4f3afe9f5eceda4b3b1a9f7e8e0a4b3b1d2a4c2b2a4c0b5eae4f3e9e4f5f2f1eeede8f2e4efa8a7e0ecf1baf2f4e3ebe4e2f5bcd5e8ededf2f8eff2ecf8efe5e8e6e9e4f5e4f3: 404 Client Error: Not Found for url: https://www.sakerhetspolisen.se/cdn-cgi/l/email-protection#81bee3eee5f8bce9f5f5f1a4b2c0a4b3c7a4b3c7f2e0eae4f3e9e4f5f2f1eeede8f2e4efaff2e4a4b3c7f2e0eae4f3e9e4f5f2f2eaf8e5e5a4b3c7f5e8ededf2f8eff2ecf8efe5e8e6e9e4f5e4f3afe9f5eceda4b3b1a9f7e8e0a4b3b1d2a4c2b2a4c0b5eae4f3e9e4f5f2f1eeede8f2e4efa8a7e0ecf1baf2f4e3ebe4e2f5bcd5e8ededf2f8eff2ecf8efe5e8e6e9e4f5e4f3
21:53:52 [WARNING]   [HTTP error] https://www.sakerhetspolisen.se/cdn-cgi/l/email-protection#605f020f04195d0814141045532145522645522613010b051208051413100f0c0913050e4e130545522613010b051208051413130b19040445522614090c0c13190e4e08140d0c45525048160901455250334523534521540b051208051413100f0c0913050e4946010d105b1315020a0503145d34090c0c13190e: 404 Client Error: Not Found for url: https://www.sakerhetspolisen.se/cdn-cgi/l/email-protection#605f020f04195d0814141045532145522645522613010b051208051413100f0c0913050e4e130545522613010b051208051413130b19040445522614090c0c13190e4e08140d0c45525048160901455250334523534521540b051208051413100f0c0913050e4946010d105b1315020a0503145d34090c0c13190e
21:53:56 [WARNING]   [HTTP error] https://www.sakerhetspolisen.se/cdn-cgi/l/email-protection#79461b161d0044110d0d095c4a385c4b3f5c4b3f0a18121c0b111c0d0a091615100a1c17570a1c5c4b3f0a18121c0b111c0d0a0a12001d1d5c4b3f160f1c0b15180d1c150a1c54180f540f1c0b120a1814111c0d57110d14155c4b49510f10185c4b492a5c3a4a5c384d121c0b111c0d0a091615100a1c17505f181409420a0c1b131c1a0d445c3a4a5c404f0f1c0b155c3a4a5c384c0d1c150a1c5c4b49180f5c4b490f1c0b120a1814111c0d: 404 Client Error: Not Found for url: https://www.sakerhetspolisen.se/cdn-cgi/l/email-protection#79461b161d0044110d0d095c4a385c4b3f5c4b3f0a18121c0b111c0d0a091615100a1c17570a1c5c4b3f0a18121c0b111c0d0a0a12001d1d5c4b3f160f1c0b15180d1c150a1c54180f540f1c0b120a1814111c0d57110d14155c4b49510f10185c4b492a5c3a4a5c384d121c0b111c0d0a091615100a1c17505f181409420a0c1b131c1a0d445c3a4a5c404f0f1c0b155c3a4a5c384c0d1c150a1c5c4b49180f5c4b490f1c0b120a1814111c0d
21:54:00 [WARNING]   [HTTP error] https://www.sakerhetspolisen.se/cdn-cgi/l/email-protection#dee1bcb1baa7e3b6aaaaaefbed9ffbec98fbec98adbfb5bbacb6bbaaadaeb1b2b7adbbb0f0adbbfbec98a8bbacb5adbfb3b6bbaabbb0fbec98b5b1b0aaacbfadaeb7b1b0bfb9bbf0b6aab3b2fbeceef6a8b7bffbecee8dfb9dedfb9feab5bbacb6bbaaadaeb1b2b7adbbb0f7f8bfb3aee5adabbcb4bbbdaae395b1b0aaacbfadaeb7b1b0bfb9bb: 404 Client Error: Not Found for url: https://www.sakerhetspolisen.se/cdn-cgi/l/email-protection#dee1bcb1baa7e3b6aaaaaefbed9ffbec98fbec98adbfb5bbacb6bbaaadaeb1b2b7adbbb0f0adbbfbec98a8bbacb5adbfb3b6bbaabbb0fbec98b5b1b0aaacbfadaeb7b1b0bfb9bbf0b6aab3b2fbeceef6a8b7bffbecee8dfb9dedfb9feab5bbacb6bbaaadaeb1b2b7adbbb0f7f8bfb3aee5adabbcb4bbbdaae395b1b0aaacbfadaeb7b1b0bfb9bb
21:54:05 [WARNING]   [HTTP error] https://www.sakerhetspolisen.se/cdn-cgi/l/email-protection#e4db868b809dd98c909094c1d7a5c1d6a2c1d6a297858f81968c819097948b888d97818aca9781c1d6a29281968f9785898c8190818ac1d6a28f8b8a90968597948d8b8a858381c1d6a2919088858a80978f85c9808d96818f908d8a9281979081968d8a838596ca8c908988c1d6d4cc928d85c1d6d4b7c1a7d7c1a5d08f81968c819097948b888d97818acdc2858994df9791868e818790d9b19088c1a7d7c1a5d08a80978f85c1d6d4808d96818f908d8a9281979081968d8a838596: 404 Client Error: Not Found for url: https://www.sakerhetspolisen.se/cdn-cgi/l/email-protection#e4db868b809dd98c909094c1d7a5c1d6a2c1d6a297858f81968c819097948b888d97818aca9781c1d6a29281968f9785898c8190818ac1d6a28f8b8a90968597948d8b8a858381c1d6a2919088858a80978f85c9808d96818f908d8a9281979081968d8a838596ca8c908988c1d6d4cc928d85c1d6d4b7c1a7d7c1a5d08f81968c819097948b888d97818acdc2858994df9791868e818790d9b19088c1a7d7c1a5d08a80978f85c1d6d4808d96818f908d8a9281979081968d8a838596
21:54:10 [WARNING]   [HTTP error] https://www.sakerhetspolisen.se/cdn-cgi/l/email-protection#efd08d808b96d2879b9b9fcadcaecadda9cadda99c8e848a9d878a9b9c9f8083869c8a81c19c8acadda9998a9d849c8e82878a9b8a81cadda98480819b9d8e9b8a9d9d809d869c82c1879b8283cadddfc799868ecadddfbccaacdccaaedb848a9d878a9b9c9f8083869c8a81c6c98e829fd49c9a8d858a8c9bd2a480819b9d8e9b8a9d9d809d869c82: 404 Client Error: Not Found for url: https://www.sakerhetspolisen.se/cdn-cgi/l/email-protection#efd08d808b96d2879b9b9fcadcaecadda9cadda99c8e848a9d878a9b9c9f8083869c8a81c19c8acadda9998a9d849c8e82878a9b8a81cadda98480819b9d8e9b8a9d9d809d869c82c1879b8283cadddfc799868ecadddfbccaacdccaaedb848a9d878a9b9c9f8083869c8a81c6c98e829fd49c9a8d858a8c9bd2a480819b9d8e9b8a9d9d809d869c82
21:54:14 [WARNING]   [HTTP error] https://www.sakerhetspolisen.se/cdn-cgi/l/email-protection#033c616c677a3e6b77777326304226314526314570626866716b667770736c6f6a70666d2d70662631457566716870626e6b6677666d263145686c6d777162776671716c716a706e26314570626e75667168626d7071626766772d6b776e6f2631332b756a62263133502640302642376866716b667770736c6f6a70666d2a25626e7338707661696660773e50626e75667168626d7071264030264236676677: 404 Client Error: Not Found for url: https://www.sakerhetspolisen.se/cdn-cgi/l/email-protection#033c616c677a3e6b77777326304226314526314570626866716b667770736c6f6a70666d2d70662631457566716870626e6b6677666d263145686c6d777162776671716c716a706e26314570626e75667168626d7071626766772d6b776e6f2631332b756a62263133502640302642376866716b667770736c6f6a70666d2a25626e7338707661696660773e50626e75667168626d7071264030264236676677
21:54:19 [WARNING]   [HTTP error] https://www.sakerhetspolisen.se/cdn-cgi/l/email-protection#37085558534e0a5f43434712047612057112057144565c52455f52434447585b5e4452591944521205714152455c44565a5f524352591205715c58594345564352454558455e445a12057156435245415659535645521a514556591a5c5859515b5e5c43585a4556535259195f435a5b1205071f415e56120507641274041276035c52455f52434447585b5e4452591e11565a470c4442555d5254430a127404120f024352454112740412760359535645521205075145127404127602591205075c5859515b5e5c43585a45127404127602535259: 404 Client Error: Not Found for url: https://www.sakerhetspolisen.se/cdn-cgi/l/email-protection#37085558534e0a5f43434712047612057112057144565c52455f52434447585b5e4452591944521205714152455c44565a5f524352591205715c58594345564352454558455e445a12057156435245415659535645521a514556591a5c5859515b5e5c43585a4556535259195f435a5b1205071f415e56120507641274041276035c52455f52434447585b5e4452591e11565a470c4442555d5254430a127404120f024352454112740412760359535645521205075145127404127602591205075c5859515b5e5c43585a45127404127602535259
21:54:24 [WARNING]   [HTTP error] https://www.sakerhetspolisen.se/cdn-cgi/l/email-protection#437c212c273a7e2b37373366700266710566710530222826312b263730332c2f2a30262d6d30266671053526312830222e2b2637262d667105282c2d373122372631312c312a302e6671052f222d24302a28372a24376e2231212637266e2e2c376e372631312c312a302e6d2b372e2f6671736b352a22667173106600706602772826312b263730332c2f2a30262d6a65222e3378303621292620377e0f6600706602762d24302a28372a24376671732231212637266671732e2c37667173372631312c312a302e: 404 Client Error: Not Found for url: https://www.sakerhetspolisen.se/cdn-cgi/l/email-protection#437c212c273a7e2b37373366700266710566710530222826312b263730332c2f2a30262d6d30266671053526312830222e2b2637262d667105282c2d373122372631312c312a302e6671052f222d24302a28372a24376e2231212637266e2e2c376e372631312c312a302e6d2b372e2f6671736b352a22667173106600706602772826312b263730332c2f2a30262d6a65222e3378303621292620377e0f6600706602762d24302a28372a24376671732231212637266671732e2c37667173372631312c312a302e
21:54:28 [WARNING]   [HTTP error] https://www.sakerhetspolisen.se/cdn-cgi/l/email-protection#132c717c776a2e7b67676336205236215536215560727876617b766760637c7f7a60767d3d60763621556576617860727e7b7667767d362155757c61757267677d7a7d746060786a77773d7b677e7f3621233b657a72362123403650203652277876617b766760637c7f7a60767d3a35727e6328606671797670672e5536502036512561757267677d7a7d746060786a7777: 404 Client Error: Not Found for url: https://www.sakerhetspolisen.se/cdn-cgi/l/email-protection#132c717c776a2e7b67676336205236215536215560727876617b766760637c7f7a60767d3d60763621556576617860727e7b7667767d362155757c61757267677d7a7d746060786a77773d7b677e7f3621233b657a72362123403650203652277876617b766760637c7f7a60767d3a35727e6328606671797670672e5536502036512561757267677d7a7d746060786a7777
21:54:31 [WARNING]   [HTTP error] https://www.sakerhetspolisen.se/cdn-cgi/l/email-protection#724d101d160b4f1a06060257413357403457403401131917001a170601021d1e1b01171c5c01175740340417001901131f1a1706171c574034021700011d1c01190b16165c1a061f1e5740425a041b13574042215731415733461917001a170601021d1e1b01171c5b54131f0249010710181711064f221700011d1c01190b1616: 404 Client Error: Not Found for url: https://www.sakerhetspolisen.se/cdn-cgi/l/email-protection#724d101d160b4f1a06060257413357403457403401131917001a170601021d1e1b01171c5c01175740340417001901131f1a1706171c574034021700011d1c01190b16165c1a061f1e5740425a041b13574042215731415733461917001a170601021d1e1b01171c5b54131f0249010710181711064f221700011d1c01190b1616
21:54:35 [WARNING]   [HTTP error] https://www.sakerhetspolisen.se/cdn-cgi/l/email-protection#1c237e737865217468686c392f5d392e5a392e5a6f7d77796e7479686f6c7370756f7972326f79392e5a6a796e776f7d717479687972392e5a6c796e6f73726f77657878392e5a70756a6a7d7768796e3274687170392e2c346a757d392e2c4f395f2f395d2877796e7479686f6c7370756f7972353a7d716c276f697e76797f682150756a6a7d7768796e: 404 Client Error: Not Found for url: https://www.sakerhetspolisen.se/cdn-cgi/l/email-protection#1c237e737865217468686c392f5d392e5a392e5a6f7d77796e7479686f6c7370756f7972326f79392e5a6a796e776f7d717479687972392e5a6c796e6f73726f77657878392e5a70756a6a7d7768796e3274687170392e2c346a757d392e2c4f395f2f395d2877796e7479686f6c7370756f7972353a7d716c276f697e76797f682150756a6a7d7768796e
21:54:40 [WARNING]   [HTTP error] https://www.sakerhetspolisen.se/cdn-cgi/l/email-protection#ac93cec3c8d591c4d8d8dc899fed899eea899eeadfcdc7c9dec4c9d8dfdcc3c0c5dfc9c282dfc9899eeadac9dec7dfcdc1c4c9d8c9c2899eeac5cfc7c981dfdcdec5c8c2c5c2cb82c4d8c1c0899e9c84dac5cd899e9cff89ef9f89ed98c7c9dec4c9d8dfdcc3c0c5dfc9c2858acdc1dc97dfd9cec6c9cfd891e5cfc7c981dfdcdec5c8c2c5c2cb: 404 Client Error: Not Found for url: https://www.sakerhetspolisen.se/cdn-cgi/l/email-protection#ac93cec3c8d591c4d8d8dc899fed899eea899eeadfcdc7c9dec4c9d8dfdcc3c0c5dfc9c282dfc9899eeadac9dec7dfcdc1c4c9d8c9c2899eeac5cfc7c981dfdcdec5c8c2c5c2cb82c4d8c1c0899e9c84dac5cd899e9cff89ef9f89ed98c7c9dec4c9d8dfdcc3c0c5dfc9c2858acdc1dc97dfd9cec6c9cfd891e5cfc7c981dfdcdec5c8c2c5c2cb
21:54:43 [WARNING]   [HTTP error] https://www.sakerhetspolisen.se/cdn-cgi/l/email-protection#cef1aca1aab7f3a6bababeebfd8febfc88ebfc88bdafa5abbca6abbabdbea1a2a7bdaba0e0bdabebfc88b8abbca5bdafa3a6abbaaba0ebfc88bbbaa2afa0a0a7a0a9bdafbcaba0aaaba0e0a6baa3a2ebfcfee6b8a7afebfcfe9deb8dfdeb8ffaa5abbca6abbabdbea1a2a7bdaba0e7e8afa3bef5bdbbaca4abadbaf39bbaa2eb8dfdeb8ffaa0a0a7a0a9bdeb8dfdeb8ffabcaba0aaaba0: 404 Client Error: Not Found for url: https://www.sakerhetspolisen.se/cdn-cgi/l/email-protection#cef1aca1aab7f3a6bababeebfd8febfc88ebfc88bdafa5abbca6abbabdbea1a2a7bdaba0e0bdabebfc88b8abbca5bdafa3a6abbaaba0ebfc88bbbaa2afa0a0a7a0a9bdafbcaba0aaaba0e0a6baa3a2ebfcfee6b8a7afebfcfe9deb8dfdeb8ffaa5abbca6abbabdbea1a2a7bdaba0e7e8afa3bef5bdbbaca4abadbaf39bbaa2eb8dfdeb8ffaa0a0a7a0a9bdeb8dfdeb8ffabcaba0aaaba0
21:54:47 [WARNING]   [HTTP error] https://www.sakerhetspolisen.se/cdn-cgi/l/email-protection#f0cf929f9489cd98848480d5c3b1d5c2b6d5c2b683919b958298958483809f9c9983959ede8395d5c2b68695829b83919d989584959ed5c2b6859e94958282918484959c8395918292958495de98849d9cd5c2c0d8869991d5c2c0a3d5b3c3d5b1c49b958298958483809f9c9983959ed9d6919d80cb8385929a959384cda59e94958282d5b3c3d5b1c48484959c8395918292958495: 404 Client Error: Not Found for url: https://www.sakerhetspolisen.se/cdn-cgi/l/email-protection#f0cf929f9489cd98848480d5c3b1d5c2b6d5c2b683919b958298958483809f9c9983959ede8395d5c2b68695829b83919d989584959ed5c2b6859e94958282918484959c8395918292958495de98849d9cd5c2c0d8869991d5c2c0a3d5b3c3d5b1c49b958298958483809f9c9983959ed9d6919d80cb8385929a959384cda59e94958282d5b3c3d5b1c48484959c8395918292958495
21:54:51 [WARNING]   [HTTP error] https://www.sakerhetspolisen.se/cdn-cgi/l/email-protection#330c515c574a0e5b47474316007216017516017540525856415b564740435c5f5a40565d1d40561601754556415840525e5b5647565d16017546474156575d5a5d541d5b475e5f1601031b455a52160103601670001672075856415b564740435c5f5a40565d1a15525e4308404651595650470e66474156575d5a5d54: 404 Client Error: Not Found for url: https://www.sakerhetspolisen.se/cdn-cgi/l/email-protection#330c515c574a0e5b47474316007216017516017540525856415b564740435c5f5a40565d1d40561601754556415840525e5b5647565d16017546474156575d5a5d541d5b475e5f1601031b455a52160103601670001672075856415b564740435c5f5a40565d1a15525e4308404651595650470e66474156575d5a5d54
21:54:55 [WARNING]   [HTTP error] https://www.sakerhetspolisen.se/cdn-cgi/l/email-protection#615e030e05185c0915151144522044532744532712000a041309041512110e0d0812040f4f12044453271704130a12000c090415040f445327000f000d18124f09150c0d44535149170800445351324422524420550a041309041512110e0d0812040f4847000c115a1214030b0402155c200f000d1812: 404 Client Error: Not Found for url: https://www.sakerhetspolisen.se/cdn-cgi/l/email-protection#615e030e05185c0915151144522044532744532712000a041309041512110e0d0812040f4f12044453271704130a12000c090415040f445327000f000d18124f09150c0d44535149170800445351324422524420550a041309041512110e0d0812040f4847000c115a1214030b0402155c200f000d1812
21:54:59 [WARNING]   [HTTP error] https://www.sakerhetspolisen.se/cdn-cgi/l/email-protection#211e434e45581c4955555104126004136704136752404a445349445552514e4d4852444f0f52440413675744534a52404c494455444f041367425843445352404a44534944550f49554c4d04131109574840041311720462120460154a445349445552514e4d4852444f0807404c511a5254434b4442551c6258434453520462120460154a4453494455: 404 Client Error: Not Found for url: https://www.sakerhetspolisen.se/cdn-cgi/l/email-protection#211e434e45581c4955555104126004136704136752404a445349445552514e4d4852444f0f52440413675744534a52404c494455444f041367425843445352404a44534944550f49554c4d04131109574840041311720462120460154a445349445552514e4d4852444f0807404c511a5254434b4442551c6258434453520462120460154a4453494455
21:55:02 [WARNING]   [HTTP error] https://www.sakerhetspolisen.se/cdn-cgi/l/email-protection#112e737e75682c7965656134225034235734235762707a746379746562617e7d7862747f3f62743423576774637a62707c797465747f342357726873746362707a74637974653423577f7262723f79657c7d34232139677870342321423452223450257a746379746562617e7d7862747f3837707c612a6264737b7472652c5f524252: 404 Client Error: Not Found for url: https://www.sakerhetspolisen.se/cdn-cgi/l/email-protection#112e737e75682c7965656134225034235734235762707a746379746562617e7d7862747f3f62743423576774637a62707c797465747f342357726873746362707a74637974653423577f7262723f79657c7d34232139677870342321423452223450257a746379746562617e7d7862747f3837707c612a6264737b7472652c5f524252
21:55:05 [INFO]   → Found 3 PDFs on https://www.sakerhetspolisen.se/ovriga-sidor/other-languages/english-engelska/nct.html
21:55:09 [INFO]     [OK] 6710de38… |  1066 KB | year=2025 (2024-2025) | fields=40
21:55:15 [INFO]     [OK] 3aec1dcd… |   836 KB | year=2025 (2024-2025) | fields=103
21:55:18 [INFO]     [OK] c9eb353c… |   669 KB | year=2025 (2024-2025) | fields=40
21:55:22 [INFO]   → Found 1 PDFs on http://sakerhetspolisen.se/ovriga-sidor/nyheter/nyheter/2026-02-10-bedomning-av-terrorhotet-2026.html
21:55:26 [INFO]     [OK] d6f068ad… |  4081 KB | year=2026 (post-2026) | fields=41
21:55:48 [INFO]   → Found 4 PDFs on http://sakerhetspolisen.se/om-sakerhetspolisen/publikationer/sakerhetspolisens-lagesbilder.html
21:55:52 [INFO]     [OK] ce5603da… | 17295 KB | year=2024 (2024-2025) | fields=41
21:55:58 [INFO]     [OK] f48b68cd… | 14353 KB | year=2023 (2020-2023) | fields=38
21:56:03 [INFO]     [OK] 30a33a5e… |  5724 KB | year=2022 (2020-2023) | fields=41
21:56:07 [INFO]     [OK] c7488729… | 10061 KB | year=2022 (2020-2023) | fields=33
21:56:15 [INFO]   → Found 18 PDFs on http://sakerhetspolisen.se/sakerhetsskydd/blanketter-och-mallar.html
21:56:20 [INFO]     [OK] ea98353f… |   268 KB | year=2026 (post-2026) | fields=32
21:56:24 [INFO]     [OK] 68517964… |   117 KB | year=2022 (2020-2023) | fields=16
21:56:27 [INFO]     [OK] 6b54631f… |   116 KB | year=2023 (2020-2023) | fields=16
21:56:32 [INFO]     [OK] 54d391b9… |   123 KB | year=2024 (2024-2025) | fields=16
21:56:35 [INFO]     [OK] f219d015… |   129 KB | year=2021 (2020-2023) | fields=18
21:56:40 [INFO]     [OK] 9ff83fd2… |   102 KB | year=2021 (2020-2023) | fields=38
21:56:44 [INFO]     [OK] 382becfd… |   100 KB | year=2021 (2020-2023) | fields=38
21:56:48 [INFO]     [OK] c0d814af… |   172 KB | year=2026 (post-2026) | fields=30
21:56:52 [INFO]     [OK] 2f988917… |   224 KB | year=2026 (post-2026) | fields=30
21:56:57 [INFO]     [OK] ebd8db58… |   124 KB | year=2023 (2020-2023) | fields=16
21:56:57 [INFO]   [CAP] Reached 10-file limit for this page. Moving to other pages.
21:57:07 [INFO]   → Found 1 PDFs on http://sakerhetspolisen.se/sakerhetsskydd/sakerhetsskyddsavtal-vid-upphandlingar-och-samarbeten.html
21:57:10 [INFO]     [OK] e6cadba1… |  1410 KB | year=2023 (2020-2023) | fields=41
21:57:25 [INFO]   → Found 9 PDFs on http://sakerhetspolisen.se/verksamheten/nct/publikationer-fran-nct.html
21:57:29 [INFO]     [OK] 6710de38… |  1066 KB | year=2025 (2024-2025) | fields=40
21:57:33 [INFO]     [OK] fe6a91e8… |  1076 KB | year=2025 (2024-2025) | fields=40
21:57:38 [INFO]     [OK] e244db7c… |  3678 KB | year=2026 (post-2026) | fields=40
21:57:43 [INFO]     [OK] 9306605e… |  2920 KB | year=2025 (2024-2025) | fields=40
21:57:48 [INFO]     [OK] 82f24eeb… |  2742 KB | year=2025 (2024-2025) | fields=66
21:57:52 [INFO]     [OK] ba2483c2… |   840 KB | year=2025 (2024-2025) | fields=34
21:57:57 [INFO]     [OK] 309c50aa… |  6968 KB | year=2026 (post-2026) | fields=39
21:58:02 [INFO]     [OK] c9eb353c… |   669 KB | year=2025 (2024-2025) | fields=40
21:58:08 [INFO]     [OK] 3aec1dcd… |   836 KB | year=2025 (2024-2025) | fields=103
21:58:43 [WARNING]   [HTTP error] https://www.sakerhetspolisen.se/cdn-cgi/l/email-protection#cff0ada0abb6f2a7bbbbbfeafc8eeafd89eafd89bcaea4aabda7aabbbcbfa0a3a6bcaaa1e1bcaaeafd89b9aabda4bcaea2a7aabbaaa1eafd89a1acbbeafd89a1aebba6a0a1aaa3a3bbe2acaaa1bbbdbaa2e2a9a0bde2bbaabdbda0bda7a0bbadaaaba0a2a1a6a1a8e1a7bba2a3eafdffe7b9a6aeeafdff9cea8cfcea8efba4aabda7aabbbcbfa0a3a6bcaaa1e6e9aea2bff4bcbaada5aaacbbf281aebba6a0a1aaa3a3bbeafdffacaaa1bbbdbaa2eafdffa9ea8cfcea8df9bdeafdffbbaabdbda0bda7a0bbadaaabea8cfcea8df9a2a1a6a1a8: 404 Client Error: Not Found for url: https://www.sakerhetspolisen.se/cdn-cgi/l/email-protection#cff0ada0abb6f2a7bbbbbfeafc8eeafd89eafd89bcaea4aabda7aabbbcbfa0a3a6bcaaa1e1bcaaeafd89b9aabda4bcaea2a7aabbaaa1eafd89a1acbbeafd89a1aebba6a0a1aaa3a3bbe2acaaa1bbbdbaa2e2a9a0bde2bbaabdbda0bda7a0bbadaaaba0a2a1a6a1a8e1a7bba2a3eafdffe7b9a6aeeafdff9cea8cfcea8efba4aabda7aabbbcbfa0a3a6bcaaa1e6e9aea2bff4bcbaada5aaacbbf281aebba6a0a1aaa3a3bbeafdffacaaa1bbbdbaa2eafdffa9ea8cfcea8df9bdeafdffbbaabdbda0bda7a0bbadaaabea8cfcea8df9a2a1a6a1a8
21:58:59 [WARNING]   [HTTP error] https://www.sakerhetspolisen.se/cdn-cgi/l/email-protection#605f020f04195d0814141045532145522645522613010b051208051413100f0c0913050e4e13054552260a0f0202014d080f134d0f13134552260114144d0112020514014d080f134d13010b051208051413100f0c0913050e4e08140d0c45525048160901455250334523534521540b051208051413100f0c0913050e4946010d105b1315020a0503145d211414455250011202051401455250080f13455250334523534521540b051208051413100f0c0913050e: 404 Client Error: Not Found for url: https://www.sakerhetspolisen.se/cdn-cgi/l/email-protection#605f020f04195d0814141045532145522645522613010b051208051413100f0c0913050e4e13054552260a0f0202014d080f134d0f13134552260114144d0112020514014d080f134d13010b051208051413100f0c0913050e4e08140d0c45525048160901455250334523534521540b051208051413100f0c0913050e4946010d105b1315020a0503145d211414455250011202051401455250080f13455250334523534521540b051208051413100f0c0913050e
21:59:02 [WARNING]   [HTTP error] https://www.sakerhetspolisen.se/cdn-cgi/l/email-protection#f9c69b969d80c4918d8d89dccab8dccbbfdccbbf8a98929c8b919c8d8a899695908a9c97d78a9cdccbbf93969b9b98d491968ad4968a8adccbbf8b9c928b808d9c8b90979e8a898b969a9c8a8a9c97d7918d9495dccbc9d18f9098dccbc9aadcbacadcb8cd929c8b919c8d8a899695908a9c97d0df989489c28a8c9b939c9a8dc4ab9c928b808d9c8b90979e8a898b969a9c8a8a9c97: 404 Client Error: Not Found for url: https://www.sakerhetspolisen.se/cdn-cgi/l/email-protection#f9c69b969d80c4918d8d89dccab8dccbbfdccbbf8a98929c8b919c8d8a899695908a9c97d78a9cdccbbf93969b9b98d491968ad4968a8adccbbf8b9c928b808d9c8b90979e8a898b969a9c8a8a9c97d7918d9495dccbc9d18f9098dccbc9aadcbacadcb8cd929c8b919c8d8a899695908a9c97d0df989489c28a8c9b939c9a8dc4ab9c928b808d9c8b90979e8a898b969a9c8a8a9c97
21:59:06 [WARNING]   [HTTP error] https://www.sakerhetspolisen.se/cdn-cgi/l/email-protection#655a070a011c580d11111540562440572340572316040e00170d001116150a090c16000b4b16004057230f0a070704480d0a16480a1616405723031704020a17480a060d48161304174b0d1108094057554d130c04405755364026564024510e00170d001116150a090c16000b4c430408155e1610070f000611582317402656402450020a174057550a060d40575516130417: 404 Client Error: Not Found for url: https://www.sakerhetspolisen.se/cdn-cgi/l/email-protection#655a070a011c580d11111540562440572340572316040e00170d001116150a090c16000b4b16004057230f0a070704480d0a16480a1616405723031704020a17480a060d48161304174b0d1108094057554d130c04405755364026564024510e00170d001116150a090c16000b4c430408155e1610070f000611582317402656402450020a174057550a060d40575516130417
21:59:14 [WARNING]   [HTTP error] https://www.sakerhetspolisen.se/cdn-cgi/l/email-protection#8eb1ece1eaf7b3e6fafafeabbdcfabbcc8abbcc8fdefe5ebfce6ebfafdfee1e2e7fdebe0a0fdebabbcc8e4e1ececefa3e6e1fda3e1fdfdabbcc8e4e1ececefa3e3ebeaa3e7faa3e1ede6a3faebe5e0e7e5a0e6fae3e2abbcbea6f8e7efabbcbeddabcdbdabcfbae5ebfce6ebfafdfee1e2e7fdebe0a7a8efe3feb5fdfbece4ebedfab3c4e1ececefabbcbee3ebeaabbcbee7faabbcbee1ede6abbcbefaebe5e0e7e5: 404 Client Error: Not Found for url: https://www.sakerhetspolisen.se/cdn-cgi/l/email-protection#8eb1ece1eaf7b3e6fafafeabbdcfabbcc8abbcc8fdefe5ebfce6ebfafdfee1e2e7fdebe0a0fdebabbcc8e4e1ececefa3e6e1fda3e1fdfdabbcc8e4e1ececefa3e3ebeaa3e7faa3e1ede6a3faebe5e0e7e5a0e6fae3e2abbcbea6f8e7efabbcbeddabcdbdabcfbae5ebfce6ebfafdfee1e2e7fdebe0a7a8efe3feb5fdfbece4ebedfab3c4e1ececefabbcbee3ebeaabbcbee7faabbcbee1ede6abbcbefaebe5e0e7e5
21:59:19 [WARNING]   [HTTP error] https://www.sakerhetspolisen.se/cdn-cgi/l/email-protection#19267b767d6024716d6d693c2a583c2b5f3c2b5f6a78727c6b717c6d6a697675706a7c77376a7c3c2b5f73767b7b783471766a34766a6a3c2b5f747c7d786b7b7c6d786b69766b6d6b786d6d3c2b5f7a717c7f347f766b3475767278757f766b6a766b737770777e34767a713470776d7c6b776a7c6b6f707a7c37716d74753c2b29316f70783c2b294a3c5a2a3c582d727c6b717c6d6a697675706a7c77303f787469226a6c7b737c7a6d245a717c7f3c2b297f3c5a2a3c5b2f6b3c2b2975767278757f3c5a2a3c5b2f6b6a3c5a2a3c5b2f6b737770777e3c2b29767a713c2b2970776d7c6b776a7c6b6f707a7c: 404 Client Error: Not Found for url: https://www.sakerhetspolisen.se/cdn-cgi/l/email-protection#19267b767d6024716d6d693c2a583c2b5f3c2b5f6a78727c6b717c6d6a697675706a7c77376a7c3c2b5f73767b7b783471766a34766a6a3c2b5f747c7d786b7b7c6d786b69766b6d6b786d6d3c2b5f7a717c7f347f766b3475767278757f766b6a766b737770777e34767a713470776d7c6b776a7c6b6f707a7c37716d74753c2b29316f70783c2b294a3c5a2a3c582d727c6b717c6d6a697675706a7c77303f787469226a6c7b737c7a6d245a717c7f3c2b297f3c5a2a3c5b2f6b3c2b2975767278757f3c5a2a3c5b2f6b6a3c5a2a3c5b2f6b737770777e3c2b29767a713c2b2970776d7c6b776a7c6b6f707a7c
21:59:23 [WARNING]   [HTTP error] https://www.sakerhetspolisen.se/cdn-cgi/l/email-protection#9fa0fdf0fbe6a2f7ebebefbaacdebaadd9baadd9ecfef4faedf7faebeceff0f3f6ecfaf1b1ecfabaadd9f5f0fdfdfeb2f7f0ecb2f0ececbaadd9f2fafbfeedfdfaebfeedeff0edebedfeebebbaadd9fcf6e9f6f3b2eaebedfafbfeedfab1f7ebf2f3baadafb7e9f6febaadafccbadcacbadeabf4faedf7faebeceff0f3f6ecfaf1b6b9fef2efa4eceafdf5fafceba2dcf6e9f6f3baadafeaebedfafbfeedfa: 404 Client Error: Not Found for url: https://www.sakerhetspolisen.se/cdn-cgi/l/email-protection#9fa0fdf0fbe6a2f7ebebefbaacdebaadd9baadd9ecfef4faedf7faebeceff0f3f6ecfaf1b1ecfabaadd9f5f0fdfdfeb2f7f0ecb2f0ececbaadd9f2fafbfeedfdfaebfeedeff0edebedfeebebbaadd9fcf6e9f6f3b2eaebedfafbfeedfab1f7ebf2f3baadafb7e9f6febaadafccbadcacbadeabf4faedf7faebeceff0f3f6ecfaf1b6b9fef2efa4eceafdf5fafceba2dcf6e9f6f3baadafeaebedfafbfeedfa
21:59:28 [WARNING]   [HTTP error] https://www.sakerhetspolisen.se/cdn-cgi/l/email-protection#8cb3eee3e8f5b1e4f8f8fca9bfcda9becaa9becaffede7e9fee4e9f8fffce3e0e5ffe9e2a2ffe9a9becae6e3eeeeeda1e4e3ffa1e3ffffa9becae1e9e8edfeeee9f8edfefce3fef8feedf8f8a9becaf9e2e8e9fefeedf8f8e9e0ffe9e4ede2e8e0edebebedfee9a2e4f8e1e0a9bebca4fae5eda9bebcdfa9cfbfa9cdb8e7e9fee4e9f8fffce3e0e5ffe9e2a5aaede1fcb7fff9eee6e9eff8b1d9e2e8e9fefea9cfbfa9cdb8f8f8e9e0ffe9e4ede2e8e0a9cfbfa9cdb8ebebedfee9: 404 Client Error: Not Found for url: https://www.sakerhetspolisen.se/cdn-cgi/l/email-protection#8cb3eee3e8f5b1e4f8f8fca9bfcda9becaa9becaffede7e9fee4e9f8fffce3e0e5ffe9e2a2ffe9a9becae6e3eeeeeda1e4e3ffa1e3ffffa9becae1e9e8edfeeee9f8edfefce3fef8feedf8f8a9becaf9e2e8e9fefeedf8f8e9e0ffe9e4ede2e8e0edebebedfee9a2e4f8e1e0a9bebca4fae5eda9bebcdfa9cfbfa9cdb8e7e9fee4e9f8fffce3e0e5ffe9e2a5aaede1fcb7fff9eee6e9eff8b1d9e2e8e9fefea9cfbfa9cdb8f8f8e9e0ffe9e4ede2e8e0a9cfbfa9cdb8ebebedfee9
21:59:31 [WARNING]   [HTTP error] https://www.sakerhetspolisen.se/cdn-cgi/l/email-protection#320d505d564b0f5a46464217017317007417007441535957405a574641425d5e5b41575c1c4157170074585d5050531f5a5d411f5d41411700745f575653405057465340425d4046405346461700744142535c5340571c5a465f5e1700021a445b53170002611771011773065957405a574641425d5e5b41575c1b14535f4209414750585751460f6142535c534057: 404 Client Error: Not Found for url: https://www.sakerhetspolisen.se/cdn-cgi/l/email-protection#320d505d564b0f5a46464217017317007417007441535957405a574641425d5e5b41575c1c4157170074585d5050531f5a5d411f5d41411700745f575653405057465340425d4046405346461700744142535c5340571c5a465f5e1700021a445b53170002611771011773065957405a574641425d5e5b41575c1b14535f4209414750585751460f6142535c534057
21:59:35 [WARNING]   [HTTP error] https://www.sakerhetspolisen.se/cdn-cgi/l/email-protection#b58ad7dad1cc88ddc1c1c59086f49087f39087f3c6d4ded0c7ddd0c1c6c5dad9dcc6d0db9bc6d09087f3dfdad7d7d498dddac698dac6c69087f3d8d0d1d4c7d7d0c1d4c7c5dac7c1c7d4c1c19087f3d4d1d8dcdbdcc6c1c7d4c1dac79bddc1d8d99087859dc3dcd4908785e690f68690f481ded0c7ddd0c1c6c5dad9dcc6d0db9c93d4d8c58ec6c0d7dfd0d6c188f4d1d8dcdbdcc6c1c7d4c190f68690f783c7: 404 Client Error: Not Found for url: https://www.sakerhetspolisen.se/cdn-cgi/l/email-protection#b58ad7dad1cc88ddc1c1c59086f49087f39087f3c6d4ded0c7ddd0c1c6c5dad9dcc6d0db9bc6d09087f3dfdad7d7d498dddac698dac6c69087f3d8d0d1d4c7d7d0c1d4c7c5dac7c1c7d4c1c19087f3d4d1d8dcdbdcc6c1c7d4c1dac79bddc1d8d99087859dc3dcd4908785e690f68690f481ded0c7ddd0c1c6c5dad9dcc6d0db9c93d4d8c58ec6c0d7dfd0d6c188f4d1d8dcdbdcc6c1c7d4c190f68690f783c7
21:59:39 [WARNING]   [HTTP error] https://www.sakerhetspolisen.se/cdn-cgi/l/email-protection#0c336e636875316478787c293f4d293e4a293e4a7f6d67697e6469787f7c6360657f6962227f69293e4a66636e6e6d2164637f21637f7f293e4a6169686d7e6e69786d7e7c637e787e6d7878293e4a676d6060687e657a6d7e692264786160293e3c247a656d293e3c5f294f3f294d3867697e6469787f7c6360657f6962252a6d617c377f796e66696f783147294f3f294d386060687e657a6d7e69: 404 Client Error: Not Found for url: https://www.sakerhetspolisen.se/cdn-cgi/l/email-protection#0c336e636875316478787c293f4d293e4a293e4a7f6d67697e6469787f7c6360657f6962227f69293e4a66636e6e6d2164637f21637f7f293e4a6169686d7e6e69786d7e7c637e787e6d7878293e4a676d6060687e657a6d7e692264786160293e3c247a656d293e3c5f294f3f294d3867697e6469787f7c6360657f6962252a6d617c377f796e66696f783147294f3f294d386060687e657a6d7e69
21:59:43 [WARNING]   [HTTP error] https://www.sakerhetspolisen.se/cdn-cgi/l/email-protection#1a2578757e6327726e6e6a3f295b3f285c3f285c697b717f68727f6e696a757673697f7434697f3f285c707578787b37727569377569693f285c777f7e7b68787f6e7b686a75686e687b6e6e3f285c6a6963717576757d34726e77763f282a326c737b3f282a493f59293f5b2e717f68727f6e696a757673697f74333c7b776a21696f78707f796e274a6963717576757d: 404 Client Error: Not Found for url: https://www.sakerhetspolisen.se/cdn-cgi/l/email-protection#1a2578757e6327726e6e6a3f295b3f285c3f285c697b717f68727f6e696a757673697f7434697f3f285c707578787b37727569377569693f285c777f7e7b68787f6e7b686a75686e687b6e6e3f285c6a6963717576757d34726e77763f282a326c737b3f282a493f59293f5b2e717f68727f6e696a757673697f74333c7b776a21696f78707f796e274a6963717576757d
21:59:47 [WARNING]   [HTTP error] https://www.sakerhetspolisen.se/cdn-cgi/l/email-protection#36095459524f0b5e42424613057713047013047045575d53445e53424546595a5f4553581845531304705c595454571b5e59451b5945451304705b53525744545342574446594442445742421304705a5f4040575d42185e425b5a1304061e405f57130406651375051377025d53445e53424546595a5f4553581f10575b460d4543545c5355420b7a5f4040575d42: 404 Client Error: Not Found for url: https://www.sakerhetspolisen.se/cdn-cgi/l/email-protection#36095459524f0b5e42424613057713047013047045575d53445e53424546595a5f4553581845531304705c595454571b5e59451b5945451304705b53525744545342574446594442445742421304705a5f4040575d42185e425b5a1304061e405f57130406651375051377025d53445e53424546595a5f4553581f10575b460d4543545c5355420b7a5f4040575d42
21:59:52 [WARNING]   [HTTP error] https://www.sakerhetspolisen.se/cdn-cgi/l/email-protection#fac598959e83c7928e8e8adfc9bbdfc8bcdfc8bc899b919f88929f8e898a959693899f94d4899fdfc8bc909598989bd7929589d7958989dfc8bc979f9e9b88989f8e9b888a95888e889b8e8edfc8bc8f8e889f9e9b889fd4928e9796dfc8cad28c939bdfc8caa9dfb9c9dfbbce919f88929f8e898a959693899f94d3dc9b978ac1898f98909f998ec7af8e889f9e9b889f: 404 Client Error: Not Found for url: https://www.sakerhetspolisen.se/cdn-cgi/l/email-protection#fac598959e83c7928e8e8adfc9bbdfc8bcdfc8bc899b919f88929f8e898a959693899f94d4899fdfc8bc909598989bd7929589d7958989dfc8bc979f9e9b88989f8e9b888a95888e889b8e8edfc8bc8f8e889f9e9b889fd4928e9796dfc8cad28c939bdfc8caa9dfb9c9dfbbce919f88929f8e898a959693899f94d3dc9b978ac1898f98909f998ec7af8e889f9e9b889f
21:59:57 [WARNING]   [HTTP error] https://www.sakerhetspolisen.se/cdn-cgi/l/email-protection#1c237e737865217468686c392f5d392e5a392e5a6f7d77796e7479686f6c7370756f7972326f79392e5a76737e7e7d3174736f31736f6f392e5a7179787d6e7e79687d6e6c736e686e7d6868392e5a7568317a736e79726f7577796e3274687170392e2c346a757d392e2c4f395f2f395d2877796e7479686f6c7370756f7972353a7d716c276f697e76797f68215568317a736e79726f7577796e: 404 Client Error: Not Found for url: https://www.sakerhetspolisen.se/cdn-cgi/l/email-protection#1c237e737865217468686c392f5d392e5a392e5a6f7d77796e7479686f6c7370756f7972326f79392e5a76737e7e7d3174736f31736f6f392e5a7179787d6e7e79687d6e6c736e686e7d6868392e5a7568317a736e79726f7577796e3274687170392e2c346a757d392e2c4f395f2f395d2877796e7479686f6c7370756f7972353a7d716c276f697e76797f68215568317a736e79726f7577796e
22:00:00 [WARNING]   [HTTP error] https://www.sakerhetspolisen.se/cdn-cgi/l/email-protection#c2fda0ada6bbffaab6b6b2e7f183e7f084e7f084b1a3a9a7b0aaa7b6b1b2adaeabb1a7acecb1a7e7f084a8ada0a0a3efaaadb1efadb1b1e7f084afa7a6a3b0a0a7b6a3b0b2adb0b6b0a3b6b6e7f084abb6efa3b0a9abb6a7a9b6ecaab6afaee7f0f2eab4aba3e7f0f291e781f1e783f6a9a7b0aaa7b6b1b2adaeabb1a7acebe4a3afb2f9b1b7a0a8a7a1b6ff8bb6efa3b0a9abb6a7a9b6: 404 Client Error: Not Found for url: https://www.sakerhetspolisen.se/cdn-cgi/l/email-protection#c2fda0ada6bbffaab6b6b2e7f183e7f084e7f084b1a3a9a7b0aaa7b6b1b2adaeabb1a7acecb1a7e7f084a8ada0a0a3efaaadb1efadb1b1e7f084afa7a6a3b0a0a7b6a3b0b2adb0b6b0a3b6b6e7f084abb6efa3b0a9abb6a7a9b6ecaab6afaee7f0f2eab4aba3e7f0f291e781f1e783f6a9a7b0aaa7b6b1b2adaeabb1a7acebe4a3afb2f9b1b7a0a8a7a1b6ff8bb6efa3b0a9abb6a7a9b6
22:00:05 [WARNING]   [HTTP error] https://www.sakerhetspolisen.se/cdn-cgi/l/email-protection#bb84d9d4dfc286d3cfcfcb9e88fa9e89fd9e89fdc8dad0dec9d3decfc8cbd4d7d2c8ded595c8de9e89fdd1d4d9d9da96d3d4c896d4c8c89e89fdd6dedfdac9d9decfdac9cbd4c9cfc9dacfcf9e89fdd2cf96c8dad0dec9d3decfc8c8cbded8d2dad7d2c8cf95d3cfd6d79e898b93cdd2da9e898be89ef8889efa8fd0dec9d3decfc8cbd4d7d2c8ded5929ddad6cb80c8ced9d1ded8cf86f2cf96c89ef8889efa8fd0dec9d3decfc8c8cbded8d2dad7d2c8cf: 404 Client Error: Not Found for url: https://www.sakerhetspolisen.se/cdn-cgi/l/email-protection#bb84d9d4dfc286d3cfcfcb9e88fa9e89fd9e89fdc8dad0dec9d3decfc8cbd4d7d2c8ded595c8de9e89fdd1d4d9d9da96d3d4c896d4c8c89e89fdd6dedfdac9d9decfdac9cbd4c9cfc9dacfcf9e89fdd2cf96c8dad0dec9d3decfc8c8cbded8d2dad7d2c8cf95d3cfd6d79e898b93cdd2da9e898be89ef8889efa8fd0dec9d3decfc8cbd4d7d2c8ded5929ddad6cb80c8ced9d1ded8cf86f2cf96c89ef8889efa8fd0dec9d3decfc8c8cbded8d2dad7d2c8cf
22:00:10 [WARNING]   [HTTP error] https://www.sakerhetspolisen.se/cdn-cgi/l/email-protection#77481518130e4a1f03030752443652453152453104161c12051f12030407181b1e0412195904125245311d181515165a1f18045a1804045245311a12131605151203160507180503051603035245311f1619131b1610101605125a1c181903051604071e1819161012591f031a1b5245475f011e16524547245234445236431c12051f12030407181b1e0412195e51161a074c0402151d1214034a3f1619131b52344452364310101605125245471c181903051604071e1819161012: 404 Client Error: Not Found for url: https://www.sakerhetspolisen.se/cdn-cgi/l/email-protection#77481518130e4a1f03030752443652453152453104161c12051f12030407181b1e0412195904125245311d181515165a1f18045a1804045245311a12131605151203160507180503051603035245311f1619131b1610101605125a1c181903051604071e1819161012591f031a1b5245475f011e16524547245234445236431c12051f12030407181b1e0412195e51161a074c0402151d1214034a3f1619131b52344452364310101605125245471c181903051604071e1819161012
22:00:14 [WARNING]   [HTTP error] https://www.sakerhetspolisen.se/cdn-cgi/l/email-protection#80bfe2efe4f9bde8f4f4f0a5b3c1a5b2c6a5b2c6f3e1ebe5f2e8e5f4f3f0efece9f3e5eeaef3e5a5b2c6eaefe2e2e1ade8eff3adeff3f3a5b2c6ede5e4e1f2e2e5f4e1f2f0eff2f4f2e1f4f4a5b2c6f4e5ebeee9f3ebadf5eee4e5f2f2e1f4f4e5ecf3e5e1eee1ecf9f4e9ebe5f2aee8f4edeca5b2b0a8f6e9e1a5b2b0d3a5c3b3a5c1b4ebe5f2e8e5f4f3f0efece9f3e5eea9a6e1edf0bbf3f5e2eae5e3f4bdd4e5ebeee9f3eba5b2b0f5eee4e5f2f2a5c3b3a5c1b4f4f4e5ecf3e5e1eee1ecf9f4e9ebe5f2: 404 Client Error: Not Found for url: https://www.sakerhetspolisen.se/cdn-cgi/l/email-protection#80bfe2efe4f9bde8f4f4f0a5b3c1a5b2c6a5b2c6f3e1ebe5f2e8e5f4f3f0efece9f3e5eeaef3e5a5b2c6eaefe2e2e1ade8eff3adeff3f3a5b2c6ede5e4e1f2e2e5f4e1f2f0eff2f4f2e1f4f4a5b2c6f4e5ebeee9f3ebadf5eee4e5f2f2e1f4f4e5ecf3e5e1eee1ecf9f4e9ebe5f2aee8f4edeca5b2b0a8f6e9e1a5b2b0d3a5c3b3a5c1b4ebe5f2e8e5f4f3f0efece9f3e5eea9a6e1edf0bbf3f5e2eae5e3f4bdd4e5ebeee9f3eba5b2b0f5eee4e5f2f2a5c3b3a5c1b4f4f4e5ecf3e5e1eee1ecf9f4e9ebe5f2
22:00:39 [WARNING]   [HTTP error] https://www.sakerhetspolisen.se/cdn-cgi/l/email-protection#5c633e333825613428282c796f1d796e1a796e1a2f3d37392e3439282f2c3330352f3932722f39796e1a36333e3e3d7134332f71332f2f796e1a283530302f3d28283d7128363d322f28392e7234283130796e6c742a353d796e6c0f791f6f791d6837392e3439282f2c3330352f3932757a3d312c672f293e36393f2861083530302f3d28283d796e6c2836791f6f791d68322f28392e: 404 Client Error: Not Found for url: https://www.sakerhetspolisen.se/cdn-cgi/l/email-protection#5c633e333825613428282c796f1d796e1a796e1a2f3d37392e3439282f2c3330352f3932722f39796e1a36333e3e3d7134332f71332f2f796e1a283530302f3d28283d7128363d322f28392e7234283130796e6c742a353d796e6c0f791f6f791d6837392e3439282f2c3330352f3932757a3d312c672f293e36393f2861083530302f3d28283d796e6c2836791f6f791d68322f28392e
22:00:43 [WARNING]   [HTTP error] https://www.sakerhetspolisen.se/cdn-cgi/l/email-protection#0d326f626974306579797d283e4c283f4b283f4b7e6c66687f6568797e7d6261647e6863237e68283f4b67626f6f6c2065627e20627e7e283f4b6f61642061647b7b6c66792365796061283f3d257b646c283f3d5e284e3e284c3966687f6568797e7d6261647e6863242b6c607d367e786f67686e79304f6164283f3d61647b7b6c6679: 404 Client Error: Not Found for url: https://www.sakerhetspolisen.se/cdn-cgi/l/email-protection#0d326f626974306579797d283e4c283f4b283f4b7e6c66687f6568797e7d6261647e6863237e68283f4b67626f6f6c2065627e20627e7e283f4b6f61642061647b7b6c66792365796061283f3d257b646c283f3d5e284e3e284c3966687f6568797e7d6261647e6863242b6c607d367e786f67686e79304f6164283f3d61647b7b6c6679
22:00:48 [WARNING]   [HTTP error] https://www.sakerhetspolisen.se/cdn-cgi/l/email-protection#2f434659594e445b5c5d4a445d565b4a5d4641486f5c4e444a5d474a5b5c5f4043465c4a41015c4a: 404 Client Error: Not Found for url: https://www.sakerhetspolisen.se/cdn-cgi/l/email-protection#2f434659594e445b5c5d4a445d565b4a5d4641486f5c4e444a5d474a5b5c5f4043465c4a41015c4a
22:00:52 [WARNING]   [HTTP error] https://www.sakerhetspolisen.se/cdn-cgi/l/email-protection#fbc499949f82c6938f8f8bdec8badec9bddec9bd889a909e89939e8f888b949792889e95d5889edec9bd919499999ad6939488d6948888dec9bd999792d697928d8d9a908fdec9bd9d899a9c9489d6949893d6888d9a89d69496d6919499999e8fd6889496d697928d8d9a908fd5938f9697dec9cbd38d929adec9cba8deb8c8debacf909e89939e8f888b949792889e95d2dd9a968bc0888e99919e988fc6bd89deb8c8debace9c9489dec9cb949893dec9cb888d9a89dec9cb9496dec9cb919499999e8fdec9cb889496dec9cb97928d8d9a908f: 404 Client Error: Not Found for url: https://www.sakerhetspolisen.se/cdn-cgi/l/email-protection#fbc499949f82c6938f8f8bdec8badec9bddec9bd889a909e89939e8f888b949792889e95d5889edec9bd919499999ad6939488d6948888dec9bd999792d697928d8d9a908fdec9bd9d899a9c9489d6949893d6888d9a89d69496d6919499999e8fd6889496d697928d8d9a908fd5938f9697dec9cbd38d929adec9cba8deb8c8debacf909e89939e8f888b949792889e95d2dd9a968bc0888e99919e988fc6bd89deb8c8debace9c9489dec9cb949893dec9cb888d9a89dec9cb9496dec9cb919499999e8fdec9cb889496dec9cb97928d8d9a908f
22:00:55 [WARNING]   [HTTP error] https://www.sakerhetspolisen.se/cdn-cgi/l/email-protection#e3dc818c879ade8b979793c6d0a2c6d1a5c6d1a590828886918b869790938c8f8a90868dcd9086c6d1a5898c818182ce8b8c90ce8c9090c6d1a5818f8ace8f8a9595828897c6d1a58f8a958697ce908c8ece8f8a9595828897cd8b978e8fc6d1d3cb958a82c6d1d3b0c6a0d0c6a2d78886918b869790938c8f8a90868dcac5828e93d890968189868097deaf8a958697c6d1d3908c8ec6d1d38f8a9595828897: 404 Client Error: Not Found for url: https://www.sakerhetspolisen.se/cdn-cgi/l/email-protection#e3dc818c879ade8b979793c6d0a2c6d1a5c6d1a590828886918b869790938c8f8a90868dcd9086c6d1a5898c818182ce8b8c90ce8c9090c6d1a5818f8ace8f8a9595828897c6d1a58f8a958697ce908c8ece8f8a9595828897cd8b978e8fc6d1d3cb958a82c6d1d3b0c6a0d0c6a2d78886918b869790938c8f8a90868dcac5828e93d890968189868097deaf8a958697c6d1d3908c8ec6d1d38f8a9595828897
22:00:59 [WARNING]   [HTTP error] https://www.sakerhetspolisen.se/cdn-cgi/l/email-protection#7f401d101b0642170b0b0f5a4c3e5a4d395a4d390c1e141a0d171a0b0c0f1013160c1a11510c1a5a4d3915101d1d1e5217100c52100c0c5a4d391d131652131609091e140b5a4d390b0d1e111611180c0b160f0c51170b12135a4d4f5709161e5a4d4f2c5a3c4c5a3e4b141a0d171a0b0c0f1013160c1a1156591e120f440c0a1d151a1c0b422b0d5a3c4c5a3e4b111611180c0b160f0c: 404 Client Error: Not Found for url: https://www.sakerhetspolisen.se/cdn-cgi/l/email-protection#7f401d101b0642170b0b0f5a4c3e5a4d395a4d390c1e141a0d171a0b0c0f1013160c1a11510c1a5a4d3915101d1d1e5217100c52100c0c5a4d391d131652131609091e140b5a4d390b0d1e111611180c0b160f0c51170b12135a4d4f5709161e5a4d4f2c5a3c4c5a3e4b141a0d171a0b0c0f1013160c1a1156591e120f440c0a1d151a1c0b422b0d5a3c4c5a3e4b111611180c0b160f0c
22:01:03 [WARNING]   [HTTP error] https://www.sakerhetspolisen.se/cdn-cgi/l/email-protection#506f323f34296d3824242075631175621675621623313b352238352423203f3c3923353e7e23357562163a3f3232317d383f237d3f232375621638227d20317d23313b352238352423203f3c3923353e7e38243d3c75626078263931756260037513637511643b352238352423203f3c3923353e7976313d206b2325323a3533246d180275626020751363751165756260037513637511643b352238352423203f3c3923353e: 404 Client Error: Not Found for url: https://www.sakerhetspolisen.se/cdn-cgi/l/email-protection#506f323f34296d3824242075631175621675621623313b352238352423203f3c3923353e7e23357562163a3f3232317d383f237d3f232375621638227d20317d23313b352238352423203f3c3923353e7e38243d3c75626078263931756260037513637511643b352238352423203f3c3923353e7976313d206b2325323a3533246d180275626020751363751165756260037513637511643b352238352423203f3c3923353e
22:01:07 [WARNING]   [HTTP error] https://www.sakerhetspolisen.se/cdn-cgi/l/email-protection#3e015c515a4703564a4a4e1b0d7f1b0c781b0c784d5f555b4c565b4a4d4e5152574d5b50104d5b1b0c7851484c57595f134d575a514c1b0c785047565b4a5b4c1b0c785047565b4a5b4c1b0c780c0e0c08130e0a130c0a135f4a5f521358514c13594c514813515c5b56514c5759135c5b585f4a4a5057505913535b5a13565b53525759134b4e4e5957584a10564a53521b0c0e1648575f1b0c0e6d1b7d0d1b7f0a555b4c565b4a4d4e5152574d5b5017185f534e054d4b5c545b5d4a031b7d0d1b060b4a5f521b0c0e581b7d0d1b7c084c1b0c0e594c51481b0c0e515c5b561b7d0d1b7c084c57591b0c0e5c5b585f4a4a505750591b0c0e535b5a1b0c0e565b535257591b0c0e4b4e4e5957584a: 404 Client Error: Not Found for url: https://www.sakerhetspolisen.se/cdn-cgi/l/email-protection#3e015c515a4703564a4a4e1b0d7f1b0c781b0c784d5f555b4c565b4a4d4e5152574d5b50104d5b1b0c7851484c57595f134d575a514c1b0c785047565b4a5b4c1b0c785047565b4a5b4c1b0c780c0e0c08130e0a130c0a135f4a5f521358514c13594c514813515c5b56514c5759135c5b585f4a4a5057505913535b5a13565b53525759134b4e4e5957584a10564a53521b0c0e1648575f1b0c0e6d1b7d0d1b7f0a555b4c565b4a4d4e5152574d5b5017185f534e054d4b5c545b5d4a031b7d0d1b060b4a5f521b0c0e581b7d0d1b7c084c1b0c0e594c51481b0c0e515c5b561b7d0d1b7c084c57591b0c0e5c5b585f4a4a505750591b0c0e535b5a1b0c0e565b535257591b0c0e4b4e4e5957584a
22:01:12 [WARNING]   [HTTP error] https://www.sakerhetspolisen.se/cdn-cgi/l/email-protection#fbc499949f82c6938f8f8bdec8badec9bddec9bd889a909e89939e8f888b949792889e95d5889edec9bd948d89929c9ad688929f9489dec9bd9582939e8f9e89dec9bd9582939e8f9e89dec9bdc9cbc9cdd6cbcfd6c9cbd6939a908f9a9fd6969288888f9a95908fd69d9489d69c89948d8fd6889a99948f9a9c9ed5938f9697dec9cbd38d929adec9cba8deb8c8debacf909e89939e8f888b949792889e95d2dd9a968bc0888e99919e988fc6b3deb8c8debacf908f9a9fdec9cb969288888fdeb8c8debacf95908fdec9cb9ddeb8c8deb9cd89dec9cb9c89948d8fdec9cb889a99948f9a9c9e: 404 Client Error: Not Found for url: https://www.sakerhetspolisen.se/cdn-cgi/l/email-protection#fbc499949f82c6938f8f8bdec8badec9bddec9bd889a909e89939e8f888b949792889e95d5889edec9bd948d89929c9ad688929f9489dec9bd9582939e8f9e89dec9bd9582939e8f9e89dec9bdc9cbc9cdd6cbcfd6c9cbd6939a908f9a9fd6969288888f9a95908fd69d9489d69c89948d8fd6889a99948f9a9c9ed5938f9697dec9cbd38d929adec9cba8deb8c8debacf909e89939e8f888b949792889e95d2dd9a968bc0888e99919e988fc6b3deb8c8debacf908f9a9fdec9cb969288888fdeb8c8debacf95908fdec9cb9ddeb8c8deb9cd89dec9cb9c89948d8fdec9cb889a99948f9a9c9e
22:01:28 [INFO]   → Found 1 PDFs on https://sakerhetspolisen.se/om-sakerhetspolisen/publikationer/personlig-sakerhet.html
22:01:33 [INFO]     [OK] b10d385c… |  5374 KB | year=2026 (post-2026) | fields=30
22:01:39 [INFO]   → Found 4 PDFs on https://sakerhetspolisen.se/om-sakerhetspolisen/publikationer/sakerhetspolisens-lagesbilder.html
22:01:44 [INFO]     [OK] ce5603da… | 17295 KB | year=2024 (2024-2025) | fields=41
22:01:49 [INFO]     [OK] f48b68cd… | 14353 KB | year=2023 (2020-2023) | fields=38
22:01:54 [INFO]     [OK] 30a33a5e… |  5724 KB | year=2022 (2020-2023) | fields=41
22:01:57 [INFO]     [OK] c7488729… | 10061 KB | year=2022 (2020-2023) | fields=33
22:02:06 [INFO]   → Found 18 PDFs on https://sakerhetspolisen.se/sakerhetsskydd/blanketter-och-mallar.html
22:02:10 [INFO]     [OK] ea98353f… |   268 KB | year=2026 (post-2026) | fields=32
22:02:15 [INFO]     [OK] 68517964… |   117 KB | year=2022 (2020-2023) | fields=16
22:02:18 [INFO]     [OK] 6b54631f… |   116 KB | year=2023 (2020-2023) | fields=16
22:02:22 [INFO]     [OK] 54d391b9… |   123 KB | year=2024 (2024-2025) | fields=16
22:02:25 [INFO]     [OK] f219d015… |   129 KB | year=2021 (2020-2023) | fields=18
22:02:28 [INFO]     [OK] 9ff83fd2… |   102 KB | year=2021 (2020-2023) | fields=38
22:02:32 [INFO]     [OK] 382becfd… |   100 KB | year=2021 (2020-2023) | fields=38
22:02:36 [INFO]     [OK] c0d814af… |   172 KB | year=2026 (post-2026) | fields=30
22:02:40 [INFO]     [OK] 2f988917… |   224 KB | year=2026 (post-2026) | fields=30
22:02:45 [INFO]     [OK] ebd8db58… |   124 KB | year=2023 (2020-2023) | fields=16
22:02:45 [INFO]   [CAP] Reached 10-file limit for this page. Moving to other pages.
22:02:54 [INFO]   → Found 1 PDFs on https://sakerhetspolisen.se/sakerhetsskydd/sakerhetsskyddsavtal-vid-upphandlingar-och-samarbeten.html
22:02:58 [INFO]     [OK] e6cadba1… |  1410 KB | year=2023 (2020-2023) | fields=41
22:03:11 [INFO]   → Found 10 PDFs on https://sakerhetspolisen.se/verksamheten/nct/publikationer-fran-nct.html
22:03:15 [INFO]     [OK] 6710de38… |  1066 KB | year=2025 (2024-2025) | fields=40
22:03:19 [INFO]     [OK] d6f068ad… |  4081 KB | year=2026 (post-2026) | fields=41
22:03:23 [INFO]     [OK] fe6a91e8… |  1076 KB | year=2025 (2024-2025) | fields=40
22:03:28 [INFO]     [OK] e244db7c… |  3678 KB | year=2026 (post-2026) | fields=40
22:03:32 [INFO]     [OK] 9306605e… |  2920 KB | year=2025 (2024-2025) | fields=40
22:03:37 [INFO]     [OK] 82f24eeb… |  2742 KB | year=2025 (2024-2025) | fields=66
22:03:41 [INFO]     [OK] ba2483c2… |   840 KB | year=2025 (2024-2025) | fields=34
22:03:45 [INFO]     [OK] 309c50aa… |  6968 KB | year=2026 (post-2026) | fields=39
22:03:49 [INFO]     [OK] c9eb353c… |   669 KB | year=2025 (2024-2025) | fields=40
22:03:52 [INFO]     [OK] 3aec1dcd… |   836 KB | year=2025 (2024-2025) | fields=103
22:04:20 [WARNING]   [HTTP error] https://www.sakerhetspolisen.se/cdn-cgi/l/email-protection#77481518130e4a1f03030752443652453152453104161c12051f12030407181b1e0412195904125245311801051e10165a041e131805524531190e1f12031205524531190e1f12031205524531454745415a47435a46415a0712050418195a1f161c0316135a1a1e04040316191c035a1118055a0312050518051505180303591f031a1b5245475f011e16524547245234445236431c12051f12030407181b1e0412195e51161a074c0402151d1214034a2712050418195245471f5234445236431c0316135245471a1e040403523444523643191c0352454711523444523541055245470312050518051505180303: 404 Client Error: Not Found for url: https://www.sakerhetspolisen.se/cdn-cgi/l/email-protection#77481518130e4a1f03030752443652453152453104161c12051f12030407181b1e0412195904125245311801051e10165a041e131805524531190e1f12031205524531190e1f12031205524531454745415a47435a46415a0712050418195a1f161c0316135a1a1e04040316191c035a1118055a0312050518051505180303591f031a1b5245475f011e16524547245234445236431c12051f12030407181b1e0412195e51161a074c0402151d1214034a2712050418195245471f5234445236431c0316135245471a1e040403523444523643191c0352454711523444523541055245470312050518051505180303
22:04:34 [INFO]   → Found 2 PDFs on https://www.sakerhetspolisen.se/ovriga-sidor/other-languages/english-engelska/about-the-swedish-security-service/organisation.html
22:04:39 [INFO]     [OK] f5321725… |   155 KB | year=2022 (2020-2023) | fields=13
22:04:42 [INFO]     [OK] 972d53be… |   251 KB | year=2022 (2020-2023) | fields=13
22:05:44 [INFO]   → Found 1 PDFs on https://www.sakerhetspolisen.se/ovriga-sidor/other-languages/english-engelska/press-room/the-swedish-security-services-annual-assesments/swedish-security-service-yearbook-2020.html
22:05:50 [INFO]     [OK] b47fa1a6… |  5826 KB | year=2021 (2020-2023) | fields=37
22:06:11 [WARNING]   [HTTP error] https://www.sakerhetspolisen.se/cdn-cgi/l/email-protection#295a48424c5b414c5d5a594645405a4c47695a48424c5b414c5d5a594645405a4c47075a4c: 404 Client Error: Not Found for url: https://www.sakerhetspolisen.se/cdn-cgi/l/email-protection#295a48424c5b414c5d5a594645405a4c47695a48424c5b414c5d5a594645405a4c47075a4c
22:06:16 [WARNING]   [HTTP error] https://www.sakerhetspolisen.se/cdn-cgi/l/email-protection#d7a4b6bcb2a5bfb2a3a4a7b8bbbea4b2b997a4b6bcb2a5bfb2a3a4a7b8bbbea4b2b9f9a4b2: 404 Client Error: Not Found for url: https://www.sakerhetspolisen.se/cdn-cgi/l/email-protection#d7a4b6bcb2a5bfb2a3a4a7b8bbbea4b2b997a4b6bcb2a5bfb2a3a4a7b8bbbea4b2b9f9a4b2
22:06:19 [WARNING]   [HTTP error] https://www.sakerhetspolisen.se/cdn-cgi/l/email-protection#8ab5e8e5eef3b7e2fefefaafb9cbafb8ccafb8ccf9ebe1eff8e2effef9fae5e6e3f9efe4a4f9efafb8cce5fcf8e3edeba7f9e3eee5f8afb8ccfee3e6e6edebe4ede6e3ede2effef9f8efeee5ede5f8efe6f9efa4e2fee7e6afb8baa2fce3ebafb8bad9afc9b9afcbbee1eff8e2effef9fae5e6e3f9efe4a3acebe7fab1f9ffe8e0efe9feb7dee3e6e6edafc9b9afcbbee4ede6e3ede2effef9f8efeee5edafc9b9afc8bcf8efe6f9ef: 404 Client Error: Not Found for url: https://www.sakerhetspolisen.se/cdn-cgi/l/email-protection#8ab5e8e5eef3b7e2fefefaafb9cbafb8ccafb8ccf9ebe1eff8e2effef9fae5e6e3f9efe4a4f9efafb8cce5fcf8e3edeba7f9e3eee5f8afb8ccfee3e6e6edebe4ede6e3ede2effef9f8efeee5ede5f8efe6f9efa4e2fee7e6afb8baa2fce3ebafb8bad9afc9b9afcbbee1eff8e2effef9fae5e6e3f9efe4a3acebe7fab1f9ffe8e0efe9feb7dee3e6e6edafc9b9afcbbee4ede6e3ede2effef9f8efeee5edafc9b9afc8bcf8efe6f9ef
22:06:24 [WARNING]   [HTTP error] https://www.sakerhetspolisen.se/cdn-cgi/l/email-protection#546b363b302d693c20202471671571661271661227353f31263c312027243b383d27313a7a27317166123b22263d333579273d303b267166123b39793f353f3b267a3c2039387166647c223d35716664077117677115603f31263c312027243b383d27313a7d723539246f2721363e313720691b397166643f353f3b26: 404 Client Error: Not Found for url: https://www.sakerhetspolisen.se/cdn-cgi/l/email-protection#546b363b302d693c20202471671571661271661227353f31263c312027243b383d27313a7a27317166123b22263d333579273d303b267166123b39793f353f3b267a3c2039387166647c223d35716664077117677115603f31263c312027243b383d27313a7d723539246f2721363e313720691b397166643f353f3b26
22:06:28 [WARNING]   [HTTP error] https://www.sakerhetspolisen.se/cdn-cgi/l/email-protection#1c237e737865217468686c392f5d392e5a392e5a6f7d77796e7479686f6c7370756f7972326f79392e5a7371316f7d77796e7479686f6c7370756f7972392e5a6a7d6e3174756f68736e757d392e5a7a6e7d72317d6e77756a796831747d727879706f796e317a6e7d723174756f68736e757972392e5a74797170757b316f776e757a68317d6a317f75686e73726f7d7a683175316c736f68777372686e73707079723274687170392e2c346a757d392e2c4f395f2f395d2877796e7479686f6c7370756f7972353a7d716c276f697e76797f682154797170757b392e2c6f776e757a68392e2c7d6a392e2c7f75686e73726f7d7a68392e2c75392e2c6c736f68777372686e7370707972: 404 Client Error: Not Found for url: https://www.sakerhetspolisen.se/cdn-cgi/l/email-protection#1c237e737865217468686c392f5d392e5a392e5a6f7d77796e7479686f6c7370756f7972326f79392e5a7371316f7d77796e7479686f6c7370756f7972392e5a6a7d6e3174756f68736e757d392e5a7a6e7d72317d6e77756a796831747d727879706f796e317a6e7d723174756f68736e757972392e5a74797170757b316f776e757a68317d6a317f75686e73726f7d7a683175316c736f68777372686e73707079723274687170392e2c346a757d392e2c4f395f2f395d2877796e7479686f6c7370756f7972353a7d716c276f697e76797f682154797170757b392e2c6f776e757a68392e2c7d6a392e2c7f75686e73726f7d7a68392e2c75392e2c6c736f68777372686e7370707972
22:06:32 [WARNING]   [HTTP error] https://www.sakerhetspolisen.se/cdn-cgi/l/email-protection#c6f9a4a9a2bffbaeb2b2b6e3f587e3f480e3f480b5a7ada3b4aea3b2b5b6a9aaafb5a3a8e8b5a3e3f480a9abebb5a7ada3b4aea3b2b5b6a9aaafb5a3a8e3f480b0a7b4ebaeafb5b2a9b4afa7e3f480a0b4a7a8eba7b4adafb0a3b2ebaea7a8a2a3aab5a3b4eba0b4a7a8ebaeafb5b2a9b4afa3a8e3f480b5b6afa9a8ada7b4b2a7eba0b4a7a8ebf7fff0f6ebb2a7aaa3b2e8aeb2abaae3f4f6eeb0afa7e3f4f695e385f5e387f2ada3b4aea3b2b5b6a9aaafb5a3a8efe0a7abb6fdb5b3a4aca3a5b2fb95b6afa9a8ada7b4b2a7e3f4f6a0b4e385f5e387f3a8e3f4f6f7fff0f6ebb2a7aaa3b2: 404 Client Error: Not Found for url: https://www.sakerhetspolisen.se/cdn-cgi/l/email-protection#c6f9a4a9a2bffbaeb2b2b6e3f587e3f480e3f480b5a7ada3b4aea3b2b5b6a9aaafb5a3a8e8b5a3e3f480a9abebb5a7ada3b4aea3b2b5b6a9aaafb5a3a8e3f480b0a7b4ebaeafb5b2a9b4afa7e3f480a0b4a7a8eba7b4adafb0a3b2ebaea7a8a2a3aab5a3b4eba0b4a7a8ebaeafb5b2a9b4afa3a8e3f480b5b6afa9a8ada7b4b2a7eba0b4a7a8ebf7fff0f6ebb2a7aaa3b2e8aeb2abaae3f4f6eeb0afa7e3f4f695e385f5e387f2ada3b4aea3b2b5b6a9aaafb5a3a8efe0a7abb6fdb5b3a4aca3a5b2fb95b6afa9a8ada7b4b2a7e3f4f6a0b4e385f5e387f3a8e3f4f6f7fff0f6ebb2a7aaa3b2
22:06:36 [WARNING]   [HTTP error] https://www.sakerhetspolisen.se/cdn-cgi/l/email-protection#1e217c717a6723766a6a6e3b2d5f3b2c583b2c586d7f757b6c767b6a6d6e7172776d7b70306d7b3b2c587173336d7f757b6c767b6a6d6e7172776d7b703b2c58687f6c3376776d6a716c777f3b2c58786c7f70337f6c7577687b6a33767f707a7b726d7b6c33786c7f703376776d6a716c777b703b2c586d7f337f686d7271747f7a7b6d336d6a777933697b70707b6c6d6a6c717330766a73723b2c2e3668777f3b2c2e4d3b5d2d3b5f2a757b6c767b6a6d6e7172776d7b7037387f736e256d6b7c747b7d6a234d3b5d2d3b5f2b3b2c2e7f686d723b5d2d3b5c28747f7a7b6d3b2c2e4d6a77793b2c2e497b70707b6c6d6a6c3b5d2d3b5c2873: 404 Client Error: Not Found for url: https://www.sakerhetspolisen.se/cdn-cgi/l/email-protection#1e217c717a6723766a6a6e3b2d5f3b2c583b2c586d7f757b6c767b6a6d6e7172776d7b70306d7b3b2c587173336d7f757b6c767b6a6d6e7172776d7b703b2c58687f6c3376776d6a716c777f3b2c58786c7f70337f6c7577687b6a33767f707a7b726d7b6c33786c7f703376776d6a716c777b703b2c586d7f337f686d7271747f7a7b6d336d6a777933697b70707b6c6d6a6c717330766a73723b2c2e3668777f3b2c2e4d3b5d2d3b5f2a757b6c767b6a6d6e7172776d7b7037387f736e256d6b7c747b7d6a234d3b5d2d3b5f2b3b2c2e7f686d723b5d2d3b5c28747f7a7b6d3b2c2e4d6a77793b2c2e497b70707b6c6d6a6c3b5d2d3b5c2873
22:06:45 [WARNING]   [HTTP error] https://www.sakerhetspolisen.se/cdn-cgi/l/email-protection#f7c89598938eca9f838387d2c4b6d2c5b1d2c5b184969c92859f92838487989b9e849299d98492d2c5b1989ada84969c92859f92838487989b9e849299d2c5b1819685da9f9e848398859e96d2c5b191859699da96859c9e819283da9f969993929b849285da91859699da9f9e848398859e9299d2c5b19f929a9b9e9083da83929b929085969ad99f839a9bd2c5c7df819e96d2c5c7a4d2b4c4d2b6c39c92859f92838487989b9e849299ded1969a87cc8482959d929483cabf929a9b9e9083d2c5c783929b929085969a: 404 Client Error: Not Found for url: https://www.sakerhetspolisen.se/cdn-cgi/l/email-protection#f7c89598938eca9f838387d2c4b6d2c5b1d2c5b184969c92859f92838487989b9e849299d98492d2c5b1989ada84969c92859f92838487989b9e849299d2c5b1819685da9f9e848398859e96d2c5b191859699da96859c9e819283da9f969993929b849285da91859699da9f9e848398859e9299d2c5b19f929a9b9e9083da83929b929085969ad99f839a9bd2c5c7df819e96d2c5c7a4d2b4c4d2b6c39c92859f92838487989b9e849299ded1969a87cc8482959d929483cabf929a9b9e9083d2c5c783929b929085969a
22:06:48 [WARNING]   [HTTP error] https://www.sakerhetspolisen.se/cdn-cgi/l/email-protection#350a575a514c085d41414510067410077310077346545e50475d504146455a595c46505b1b46501007735a581846545e50475d504146455a595c46505b10077346414c475b5c5b52185a565d18404545535a595f5b5c5b5210077357505d545b51595c5b5218544318455047465a5b404545525c534150471b5d4158591007051d435c54100705661076061074015e50475d504146455a595c46505b1c135458450e4640575f5056410877505d545b51595c5b521007055443100705455047465a5b404545525c53415047: 404 Client Error: Not Found for url: https://www.sakerhetspolisen.se/cdn-cgi/l/email-protection#350a575a514c085d41414510067410077310077346545e50475d504146455a595c46505b1b46501007735a581846545e50475d504146455a595c46505b10077346414c475b5c5b52185a565d18404545535a595f5b5c5b5210077357505d545b51595c5b5218544318455047465a5b404545525c534150471b5d4158591007051d435c54100705661076061074015e50475d504146455a595c46505b1c135458450e4640575f5056410877505d545b51595c5b521007055443100705455047465a5b404545525c53415047
22:06:53 [WARNING]   [HTTP error] https://www.sakerhetspolisen.se/cdn-cgi/l/email-protection#39065b565d4004514d4d491c0a781c0b7f1c0b7f4a58525c4b515c4d4a495655504a5c57174a5c1c0b7f4a58525c4b515c4d4a4a52405d5d1c0b7f58524d4c5c55554d1450575654144a58525c4b515c4d4a4a52405d5d1c0b7f5b5c4a554c4d145654144a58525c4b515c4d4a5255584a4a17514d54551c0b09114f50581c0b096a1c7a0a1c780d525c4b515c4d4a495655504a5c57101f585449024a4c5b535c5a4d047b5c4a554c4d1c0b0956541c0b094a1c7a0a1c780d525c4b515c4d4a5255584a4a: 404 Client Error: Not Found for url: https://www.sakerhetspolisen.se/cdn-cgi/l/email-protection#39065b565d4004514d4d491c0a781c0b7f1c0b7f4a58525c4b515c4d4a495655504a5c57174a5c1c0b7f4a58525c4b515c4d4a4a52405d5d1c0b7f58524d4c5c55554d1450575654144a58525c4b515c4d4a4a52405d5d1c0b7f5b5c4a554c4d145654144a58525c4b515c4d4a5255584a4a17514d54551c0b09114f50581c0b096a1c7a0a1c780d525c4b515c4d4a495655504a5c57101f585449024a4c5b535c5a4d047b5c4a554c4d1c0b0956541c0b094a1c7a0a1c780d525c4b515c4d4a5255584a4a
22:07:42 [WARNING]   [HTTP error] https://www.sakerhetspolisen.se/cdn-cgi/l/email-protection#ecd38e838895d18498989cc9dfadc9deaac9deaa9f8d87899e8489989f9c8380859f8982c29f89c9deaa839a9e858b8dc19f8588839ec9deaa9c9e899f9f9e9981c9deaa9c9e899f9f8e858088899ec284988180c9dedcc49a858dc9dedcbfc9afdfc9add887899e8489989f9c8380859f8982c5ca8d819cd79f998e86898f98d1bc9e899f9f8e858088899e: 404 Client Error: Not Found for url: https://www.sakerhetspolisen.se/cdn-cgi/l/email-protection#ecd38e838895d18498989cc9dfadc9deaac9deaa9f8d87899e8489989f9c8380859f8982c29f89c9deaa839a9e858b8dc19f8588839ec9deaa9c9e899f9f9e9981c9deaa9c9e899f9f8e858088899ec284988180c9dedcc49a858dc9dedcbfc9afdfc9add887899e8489989f9c8380859f8982c5ca8d819cd79f998e86898f98d1bc9e899f9f8e858088899e
22:07:47 [WARNING]   [HTTP error] https://www.sakerhetspolisen.se/ovriga-sidor/pressrum/www.youtube.com/@sakerhetspolisensverige4435: 404 Client Error: Not Found for url: https://www.sakerhetspolisen.se/ovriga-sidor/pressrum/www.youtube.com/@sakerhetspolisensverige4435
22:07:51 [WARNING]   [HTTP error] https://www.sakerhetspolisen.se/cdn-cgi/l/email-protection#f4cb969b908dc99c808084d1c7b5d1c6b2d1c6b287959f91869c918087849b989d87919ada8791d1c6b29b82869d9395d9879d909b86d1c6b28486918787868199d1c6b2879b979d959895d99991909d9186da9c809998d1c6c4dc829d95d1c6c4a7d1b7c7d1b5c09f91869c918087849b989d87919addd2959984cf8781969e919780c9a79b979d959895d1c6c49991909d9186: 404 Client Error: Not Found for url: https://www.sakerhetspolisen.se/cdn-cgi/l/email-protection#f4cb969b908dc99c808084d1c7b5d1c6b2d1c6b287959f91869c918087849b989d87919ada8791d1c6b29b82869d9395d9879d909b86d1c6b28486918787868199d1c6b2879b979d959895d99991909d9186da9c809998d1c6c4dc829d95d1c6c4a7d1b7c7d1b5c09f91869c918087849b989d87919addd2959984cf8781969e919780c9a79b979d959895d1c6c49991909d9186
22:07:55 [WARNING]   [HTTP error] https://www.sakerhetspolisen.se/cdn-cgi/l/email-protection#7f401d101b0642170b0b0f5a4c3e5a4d395a4d390c1e141a0d171a0b0c0f1013160c1a11510c1a5a4d3910090d16181e520c161b100d5a4d391410110b1e140b1e52100c0c5a4d391410110b1e140b1e521b1a520d1a181610111e131e521410110b100d1a1151170b12135a4d4f5709161e5a4d4f2c5a3c4c5a3e4b141a0d171a0b0c0f1013160c1a1156591e120f440c0a1d151a1c0b423410110b1e140b1e5a4d4f1b1a5a4d4f0d1a181610111e131e5a4d4f1410110b100d1a11: 404 Client Error: Not Found for url: https://www.sakerhetspolisen.se/cdn-cgi/l/email-protection#7f401d101b0642170b0b0f5a4c3e5a4d395a4d390c1e141a0d171a0b0c0f1013160c1a11510c1a5a4d3910090d16181e520c161b100d5a4d391410110b1e140b1e52100c0c5a4d391410110b1e140b1e521b1a520d1a181610111e131e521410110b100d1a1151170b12135a4d4f5709161e5a4d4f2c5a3c4c5a3e4b141a0d171a0b0c0f1013160c1a1156591e120f440c0a1d151a1c0b423410110b1e140b1e5a4d4f1b1a5a4d4f0d1a181610111e131e5a4d4f1410110b100d1a11
22:07:59 [WARNING]   [HTTP error] https://www.sakerhetspolisen.se/cdn-cgi/l/email-protection#102f727f74692d7864646035235135225635225663717b756278756463607f7c7963757e3e63753522567f66627977713d6379747f623522567b7f7e64717b64713d7f636335225665606078717e747c797e773e78647d7c35222038667971352220433553233551247b756278756463607f7c7963757e3936717d602b6365727a7573642d45606078717e747c797e77: 404 Client Error: Not Found for url: https://www.sakerhetspolisen.se/cdn-cgi/l/email-protection#102f727f74692d7864646035235135225635225663717b756278756463607f7c7963757e3e63753522567f66627977713d6379747f623522567b7f7e64717b64713d7f636335225665606078717e747c797e773e78647d7c35222038667971352220433553233551247b756278756463607f7c7963757e3936717d602b6365727a7573642d45606078717e747c797e77
22:08:03 [WARNING]   [HTTP error] https://www.sakerhetspolisen.se/cdn-cgi/l/email-protection#2d124f424954104559595d081e6c081f6b081f6b5e4c46485f4548595e5d4241445e4843035e48081f6b425b5f444a4c005e4449425f081f6b425945485f00414c434a584c4a485e081f6b4c4b005e4242404c4c4144005e42404c41445e464c0345594041081f1d055b444c081f1d7e086e1e086c1946485f4548595e5d4241445e4843040b4c405d165e584f47484e59106c4b081f1d5e4242404c4c4144081f1d055e42404c41445e464c04: 404 Client Error: Not Found for url: https://www.sakerhetspolisen.se/cdn-cgi/l/email-protection#2d124f424954104559595d081e6c081f6b081f6b5e4c46485f4548595e5d4241445e4843035e48081f6b425b5f444a4c005e4449425f081f6b425945485f00414c434a584c4a485e081f6b4c4b005e4242404c4c4144005e42404c41445e464c0345594041081f1d055b444c081f1d7e086e1e086c1946485f4548595e5d4241445e4843040b4c405d165e584f47484e59106c4b081f1d5e4242404c4c4144081f1d055e42404c41445e464c04
22:08:07 [WARNING]   [HTTP error] https://www.sakerhetspolisen.se/cdn-cgi/l/email-protection#4c732e232835712438383c697f0d697e0a697e0a3f2d27293e2429383f3c2320253f2922623f29697e0a233a3e252b2d613f2528233e697e0a233824293e61202d222b392d2b293f697e0a2a3e2d222f2d253f612a3e2d223f272d6224382120697e7c643a252d697e7c1f690f7f690d7827293e2429383f3c2320253f2922656a2d213c773f392e26292f38710a3e2d22690f7f690d7b2d253f697e7c642a3e2d223f272d65: 404 Client Error: Not Found for url: https://www.sakerhetspolisen.se/cdn-cgi/l/email-protection#4c732e232835712438383c697f0d697e0a697e0a3f2d27293e2429383f3c2320253f2922623f29697e0a233a3e252b2d613f2528233e697e0a233824293e61202d222b392d2b293f697e0a2a3e2d222f2d253f612a3e2d223f272d6224382120697e7c643a252d697e7c1f690f7f690d7827293e2429383f3c2320253f2922656a2d213c773f392e26292f38710a3e2d22690f7f690d7b2d253f697e7c642a3e2d223f272d65
22:08:11 [WARNING]   [HTTP error] https://www.sakerhetspolisen.se/cdn-cgi/l/email-protection#043b666b607d396c70707421374521364221364277656f61766c617077746b686d77616a2a77612136426b72766d636529776d606b762136426b706c61762968656a63716563617721364277716b69616f776d29626d6a776f652a6c7069682136342c726d65213634572147372145306f61766c617077746b686d77616a2d226569743f7771666e6167703957716b69616f776d2136342c626d6a776f652d: 404 Client Error: Not Found for url: https://www.sakerhetspolisen.se/cdn-cgi/l/email-protection#043b666b607d396c70707421374521364221364277656f61766c617077746b686d77616a2a77612136426b72766d636529776d606b762136426b706c61762968656a63716563617721364277716b69616f776d29626d6a776f652a6c7069682136342c726d65213634572147372145306f61766c617077746b686d77616a2d226569743f7771666e6167703957716b69616f776d2136342c626d6a776f652d
22:08:15 [WARNING]   [HTTP error] https://www.sakerhetspolisen.se/cdn-cgi/l/email-protection#e8d78a878c91d5809c9c98cddba9cddaaecddaae9b89838d9a808d9c9b988784819b8d86c69b8dcddaae879e9a818f89c59b818c879acddaae879c808d9ac58489868f9d898f8d9bcddaae8c8d9d9c9b8b80c59c919b8389c6809c8584cddad8c09e8189cddad8bbcdabdbcda9dc838d9a808d9c9b988784819b8d86c1ce898598d39b9d8a828d8b9cd5ac8d9d9c9b8b80cddad8c09c919b8389c1: 404 Client Error: Not Found for url: https://www.sakerhetspolisen.se/cdn-cgi/l/email-protection#e8d78a878c91d5809c9c98cddba9cddaaecddaae9b89838d9a808d9c9b988784819b8d86c69b8dcddaae879e9a818f89c59b818c879acddaae879c808d9ac58489868f9d898f8d9bcddaae8c8d9d9c9b8b80c59c919b8389c6809c8584cddad8c09e8189cddad8bbcdabdbcda9dc838d9a808d9c9b988784819b8d86c1ce898598d39b9d8a828d8b9cd5ac8d9d9c9b8b80cddad8c09c919b8389c1
22:08:19 [WARNING]   [HTTP error] https://www.sakerhetspolisen.se/cdn-cgi/l/email-protection#f8c79a979c81c5908c8c88ddcbb9ddcabeddcabe8b99939d8a909d8c8b889794918b9d96d68b9dddcabe978e8a919f99d58b919c978addcabe978c909d8ad59499969f8d999f9d8bddcabe9c998e8e918b9995919f9194949191d596978a9c8b9995918b9399d6908c9594ddcac8d08e9199ddcac8abddbbcbddb9cc939d8a909d8c8b889794918b9d96d1de999588c38b8d9a929d9b8cc5bc998e8e918bddbbcbddb9c995919f9194949191ddcac8d096978a9c8b9995918b9399d1: 404 Client Error: Not Found for url: https://www.sakerhetspolisen.se/cdn-cgi/l/email-protection#f8c79a979c81c5908c8c88ddcbb9ddcabeddcabe8b99939d8a909d8c8b889794918b9d96d68b9dddcabe978e8a919f99d58b919c978addcabe978c909d8ad59499969f8d999f9d8bddcabe9c998e8e918b9995919f9194949191d596978a9c8b9995918b9399d6908c9594ddcac8d08e9199ddcac8abddbbcbddb9cc939d8a909d8c8b889794918b9d96d1de999588c38b8d9a929d9b8cc5bc998e8e918bddbbcbddb9c995919f9194949191ddcac8d096978a9c8b9995918b9399d1
22:08:23 [WARNING]   [HTTP error] https://www.sakerhetspolisen.se/cdn-cgi/l/email-protection#b18ed3ded5c88cd9c5c5c19482f09483f79483f7c2d0dad4c3d9d4c5c2c1deddd8c2d4df9fc2d49483f7dec7c3d8d6d09cc2d8d5dec39483f7dec5d9d4c39cddd0dfd6c4d0d6d4c29483f7d4c2c1d0dfdedd9cc2c1d0dfc2dad09fd9c5dcdd94838199c7d8d0948381e294f28294f085dad4c3d9d4c5c2c1deddd8c2d4df9897d0dcc18ac2c4d3dbd4d2c58cf4c2c1d094f28294f380dedd94838199c2c1d0dfc2dad098: 404 Client Error: Not Found for url: https://www.sakerhetspolisen.se/cdn-cgi/l/email-protection#b18ed3ded5c88cd9c5c5c19482f09483f79483f7c2d0dad4c3d9d4c5c2c1deddd8c2d4df9fc2d49483f7dec7c3d8d6d09cc2d8d5dec39483f7dec5d9d4c39cddd0dfd6c4d0d6d4c29483f7d4c2c1d0dfdedd9cc2c1d0dfc2dad09fd9c5dcdd94838199c7d8d0948381e294f28294f085dad4c3d9d4c5c2c1deddd8c2d4df9897d0dcc18ac2c4d3dbd4d2c58cf4c2c1d094f28294f380dedd94838199c2c1d0dfc2dad098
22:08:27 [WARNING]   [HTTP error] https://www.sakerhetspolisen.se/cdn-cgi/l/email-protection#98a7faf7fce1a5f0ecece8bdabd9bdaadebdaadeebf9f3fdeaf0fdecebe8f7f4f1ebfdf6b6ebfdbdaadef7eeeaf1fff9b5ebf1fcf7eabdaadef7ecf0fdeab5f4f9f6ffedf9fffdebbdaadef5fdf9f6f3f1fdf4f1b5ecf7eaf6fdfcf9f4ebfef1f6ebf3f9b6f0ecf5f4bdaaa8b0eef1f9bdaaa8cbbddbabbdd9acf3fdeaf0fdecebe8f7f4f1ebfdf6b1bef9f5e8a3ebedfaf2fdfbeca5d5fdbddbabbdd9acf6f3f1fdf4f1bdaaa8b0ecf7eaf6fdfcf9f4ebfef1f6ebf3f9b1: 404 Client Error: Not Found for url: https://www.sakerhetspolisen.se/cdn-cgi/l/email-protection#98a7faf7fce1a5f0ecece8bdabd9bdaadebdaadeebf9f3fdeaf0fdecebe8f7f4f1ebfdf6b6ebfdbdaadef7eeeaf1fff9b5ebf1fcf7eabdaadef7ecf0fdeab5f4f9f6ffedf9fffdebbdaadef5fdf9f6f3f1fdf4f1b5ecf7eaf6fdfcf9f4ebfef1f6ebf3f9b6f0ecf5f4bdaaa8b0eef1f9bdaaa8cbbddbabbdd9acf3fdeaf0fdecebe8f7f4f1ebfdf6b1bef9f5e8a3ebedfaf2fdfbeca5d5fdbddbabbdd9acf6f3f1fdf4f1bdaaa8b0ecf7eaf6fdfcf9f4ebfef1f6ebf3f9b1
22:08:31 [WARNING]   [HTTP error] https://www.sakerhetspolisen.se/cdn-cgi/l/email-protection#724d101d160b4f1a06060257413357403457403401131917001a170601021d1e1b01171c5c01175740341d04001b15135f011b161d005740341d061a17005f1e131c150713151701574034001d1f131c1b5f111a1b105f13001e1b5c1a061f1e5740425a041b13574042215731415733461917001a170601021d1e1b01171c5b54131f0249010710181711064f201d1f131c1b574042573146574a361a1b1057404213001e1b: 404 Client Error: Not Found for url: https://www.sakerhetspolisen.se/cdn-cgi/l/email-protection#724d101d160b4f1a06060257413357403457403401131917001a170601021d1e1b01171c5c01175740341d04001b15135f011b161d005740341d061a17005f1e131c150713151701574034001d1f131c1b5f111a1b105f13001e1b5c1a061f1e5740425a041b13574042215731415733461917001a170601021d1e1b01171c5b54131f0249010710181711064f201d1f131c1b574042573146574a361a1b1057404213001e1b
22:08:35 [WARNING]   [HTTP error] https://www.sakerhetspolisen.se/cdn-cgi/l/email-protection#605f020f04195d0814141045532145522645522613010b051208051413100f0c0913050e4e13054552260f16120907014d1309040f124552260f140805124d0c010e071501070513455226120f0d010e094d030809024d0b010c0405120113084e08140d0c45525048160901455250334523534521540b051208051413100f0c0913050e4946010d105b1315020a0503145d320f0d010e09455250030809024552500b010c040512011308: 404 Client Error: Not Found for url: https://www.sakerhetspolisen.se/cdn-cgi/l/email-protection#605f020f04195d0814141045532145522645522613010b051208051413100f0c0913050e4e13054552260f16120907014d1309040f124552260f140805124d0c010e071501070513455226120f0d010e094d030809024d0b010c0405120113084e08140d0c45525048160901455250334523534521540b051208051413100f0c0913050e4946010d105b1315020a0503145d320f0d010e09455250030809024552500b010c040512011308
22:08:38 [WARNING]   [HTTP error] https://www.sakerhetspolisen.se/cdn-cgi/l/email-protection#5427353f31263c312027243b383d27313a1427353f31263c312027243b383d27313a7a2731: 404 Client Error: Not Found for url: https://www.sakerhetspolisen.se/cdn-cgi/l/email-protection#5427353f31263c312027243b383d27313a1427353f31263c312027243b383d27313a7a2731
22:08:42 [WARNING]   [HTTP error] https://www.sakerhetspolisen.se/cdn-cgi/l/email-protection#211e434e45581c4955555104126004136704136752404a445349445552514e4d4852444f0f52440413674e57534846400c5248454e530413674e554944530c4d404f465440464452041367534e4c404f480c5248430c4d4e574053400f49554c4d04131109574840041311720462120460154a445349445552514e4d4852444f0807404c511a5254434b4442551c734e4c404f4804131104621404601048430413620413114d4e57405340: 404 Client Error: Not Found for url: https://www.sakerhetspolisen.se/cdn-cgi/l/email-protection#211e434e45581c4955555104126004136704136752404a445349445552514e4d4852444f0f52440413674e57534846400c5248454e530413674e554944530c4d404f465440464452041367534e4c404f480c5248430c4d4e574053400f49554c4d04131109574840041311720462120460154a445349445552514e4d4852444f0807404c511a5254434b4442551c734e4c404f4804131104621404601048430413620413114d4e57405340
22:08:46 [WARNING]   [HTTP error] https://www.sakerhetspolisen.se/cdn-cgi/l/email-protection#d0efb2bfb4a9edb8a4a4a0f5e391f5e296f5e296a3b1bbb5a2b8b5a4a3a0bfbcb9a3b5befea3b5f5e296bfa6a2b9b7b1fda3b9b4bfa2f5e296bfa4b8b5a2fdbcb1beb7a5b1b7b5a3f5e296a3a2a0a3bbb9fdb2bfa3b1bea3bbb9fdb8a2a6b1a4a3bbb9fda3b5a2b2b9a3bbb1fdb2bfa3beb9a3bbb1fdbba2bfb1a4b9a3bbb1feb8a4bdbcf5e2e0f8a6b9b1f5e2e083f593e3f591e4bbb5a2b8b5a4a3a0bfbcb9a3b5bef9f6b1bda0eba3a5b2bab5b3a4ed83a2a0a3bbb9f5e293f5e2e0b2bfa3b1bea3bbb9f5e293f5e2e0b8a2a6b1a4a3bbb9f5e2e0f8a3b5a2b2b9a3bbb1f5e293f5e2e0b2bfa3beb9a3bbb1f5e293f5e2e0bba2bfb1a4b9a3bbb1f9: 404 Client Error: Not Found for url: https://www.sakerhetspolisen.se/cdn-cgi/l/email-protection#d0efb2bfb4a9edb8a4a4a0f5e391f5e296f5e296a3b1bbb5a2b8b5a4a3a0bfbcb9a3b5befea3b5f5e296bfa6a2b9b7b1fda3b9b4bfa2f5e296bfa4b8b5a2fdbcb1beb7a5b1b7b5a3f5e296a3a2a0a3bbb9fdb2bfa3b1bea3bbb9fdb8a2a6b1a4a3bbb9fda3b5a2b2b9a3bbb1fdb2bfa3beb9a3bbb1fdbba2bfb1a4b9a3bbb1feb8a4bdbcf5e2e0f8a6b9b1f5e2e083f593e3f591e4bbb5a2b8b5a4a3a0bfbcb9a3b5bef9f6b1bda0eba3a5b2bab5b3a4ed83a2a0a3bbb9f5e293f5e2e0b2bfa3b1bea3bbb9f5e293f5e2e0b8a2a6b1a4a3bbb9f5e2e0f8a3b5a2b2b9a3bbb1f5e293f5e2e0b2bfa3beb9a3bbb1f5e293f5e2e0bba2bfb1a4b9a3bbb1f9
22:08:50 [WARNING]   [HTTP error] https://www.sakerhetspolisen.se/ovriga-sidor/other-languages/english-engelska/about-the-security-service/contact-the-security-service.html: 404 Client Error: Not Found for url: https://www.sakerhetspolisen.se/ovriga-sidor/other-languages/english-engelska/about-the-security-service/contact-the-security-service.html
22:08:58 [WARNING]   [HTTP error] https://www.sakerhetspolisen.se/ovriga-sidor/other-languages/english-engelska/about-the-security-service/integrity-and-personal-data.html: 404 Client Error: Not Found for url: https://www.sakerhetspolisen.se/ovriga-sidor/other-languages/english-engelska/about-the-security-service/integrity-and-personal-data.html
22:09:01 [WARNING]   [HTTP error] https://www.sakerhetspolisen.se/ovriga-sidor/other-languages/english-engelska/about-the-security-service.html: 404 Client Error: Not Found for url: https://www.sakerhetspolisen.se/ovriga-sidor/other-languages/english-engelska/about-the-security-service.html
22:09:05 [WARNING]   [HTTP error] https://www.sakerhetspolisen.se/cdn-cgi/l/email-protection#320d505d564b0f5a46464217017317007417007441535957405a574641425d5e5b41575c1c415717007441535957405a57464141594b565617007453594647575e5e461f5b5c5d5f1f41535957405a57464141594b565617007441535957405a574641425d5e5b41575c1f4057445b56574053401f415b5c531f545d40574159405b544657401f5d5f1f41535957405a57464141594b56561f425f54411f00020000031c5a465f5e1700021a445b53170002611771011773065957405a574641425d5e5b41575c1b14535f4209414750585751460f611771011773065957405a574641425d5e5b41575c1700024057445b5657405340170002415b5c531700025417710117700440574159405b544657401700025d5f170002411771011773065957405a57464141594b56561700021a627f746117000200020000170173031b: 404 Client Error: Not Found for url: https://www.sakerhetspolisen.se/cdn-cgi/l/email-protection#320d505d564b0f5a46464217017317007417007441535957405a574641425d5e5b41575c1c415717007441535957405a57464141594b565617007453594647575e5e461f5b5c5d5f1f41535957405a57464141594b565617007441535957405a574641425d5e5b41575c1f4057445b56574053401f415b5c531f545d40574159405b544657401f5d5f1f41535957405a57464141594b56561f425f54411f00020000031c5a465f5e1700021a445b53170002611771011773065957405a574641425d5e5b41575c1b14535f4209414750585751460f611771011773065957405a574641425d5e5b41575c1700024057445b5657405340170002415b5c531700025417710117700440574159405b544657401700025d5f170002411771011773065957405a57464141594b56561700021a627f746117000200020000170173031b
22:09:08 [WARNING]   [HTTP error] https://www.sakerhetspolisen.se/cdn-cgi/l/email-protection#38075a575c4105504c4c481d0b791d0a7e1d0a7e4b59535d4a505d4c4b485754514b5d56164b5d1d0a7e4b59535d4a505d4c4b4b53415c5c1d0a7e59534c4d5d54544c1551565755154b59535d4a505d4c4b4b53415c5c1d0a7e4b4c575c55594c5d4a515954155357564c4a57545415594e154b59535d4a505d4c4b4b53415c5c16504c55541d0a08104e51591d0a086b1d7b0b1d790c535d4a505d4c4b485754514b5d56111e595548034b4d5a525d5b4c056b4c1d7b0b1d7a0e5c55594c5d4a5159541d0b791d0a087357564c4a5754541d0a08594e1d0a084b1d7b0b1d790c535d4a505d4c4b4b53415c5c: 404 Client Error: Not Found for url: https://www.sakerhetspolisen.se/cdn-cgi/l/email-protection#38075a575c4105504c4c481d0b791d0a7e1d0a7e4b59535d4a505d4c4b485754514b5d56164b5d1d0a7e4b59535d4a505d4c4b4b53415c5c1d0a7e59534c4d5d54544c1551565755154b59535d4a505d4c4b4b53415c5c1d0a7e4b4c575c55594c5d4a515954155357564c4a57545415594e154b59535d4a505d4c4b4b53415c5c16504c55541d0a08104e51591d0a086b1d7b0b1d790c535d4a505d4c4b485754514b5d56111e595548034b4d5a525d5b4c056b4c1d7b0b1d7a0e5c55594c5d4a5159541d0b791d0a087357564c4a5754541d0a08594e1d0a084b1d7b0b1d790c535d4a505d4c4b4b53415c5c
22:09:13 [WARNING]   [HTTP error] https://www.sakerhetspolisen.se/cdn-cgi/l/email-protection#09366b666d7034617d7d792c3a482c3b4f2c3b4f7a68626c7b616c7d7a796665607a6c67277a6c2c3b4f7a68626c7b616c7d7a7a62706d6d2c3b4f68627d7c6c65657d2460676664247a68626c7b616c7d7a7a62706d6d2c3b4f7a68626c7b616c7d7a796665607a6c672460676f667b246b6c6e7b6c79796c7d247b6c6e607a7d6c7b6266677d7b66656524606d27617d64652c3b39217f60682c3b395a2c4a3a2c483d626c7b616c7d7a796665607a6c67202f686479327a7c6b636c6a7d345a2c4a3a2c483d626c7b616c7d7a796665607a6c672c3b3960676f2c4a3a2c4b3f7b2c3b396b6c6e7b6c79796c7d2c3b397b6c6e607a7d6c7b6266677d7b66656524606d: 404 Client Error: Not Found for url: https://www.sakerhetspolisen.se/cdn-cgi/l/email-protection#09366b666d7034617d7d792c3a482c3b4f2c3b4f7a68626c7b616c7d7a796665607a6c67277a6c2c3b4f7a68626c7b616c7d7a7a62706d6d2c3b4f68627d7c6c65657d2460676664247a68626c7b616c7d7a7a62706d6d2c3b4f7a68626c7b616c7d7a796665607a6c672460676f667b246b6c6e7b6c79796c7d247b6c6e607a7d6c7b6266677d7b66656524606d27617d64652c3b39217f60682c3b395a2c4a3a2c483d626c7b616c7d7a796665607a6c67202f686479327a7c6b636c6a7d345a2c4a3a2c483d626c7b616c7d7a796665607a6c672c3b3960676f2c4a3a2c4b3f7b2c3b396b6c6e7b6c79796c7d2c3b397b6c6e607a7d6c7b6266677d7b66656524606d
22:09:18 [WARNING]   [HTTP error] https://www.sakerhetspolisen.se/cdn-cgi/l/email-protection#625d000d061b5f0a16161247512347502447502411030907100a071611120d0e0b11070c4c110747502411030907100a07161111091b060647502403091617070e0e164f0b0c0d0f4f11030907100a07161111091b0606475024120f4f11030907100a07161111091b060611030c030e1b114f4f4f0716164f040b09160b14164f071a070f12070e4c0a160f0e4750524a140b03475052314721514723560907100a071611120d0e0b11070c4b44030f1259111700080701165f322f475123475052314721514723560907100a07161111091b060611030c030e1b11475052472750475a52475b51475052071616475052040b09160b1416475052071a070f12070e: 404 Client Error: Not Found for url: https://www.sakerhetspolisen.se/cdn-cgi/l/email-protection#625d000d061b5f0a16161247512347502447502411030907100a071611120d0e0b11070c4c110747502411030907100a07161111091b060647502403091617070e0e164f0b0c0d0f4f11030907100a07161111091b0606475024120f4f11030907100a07161111091b060611030c030e1b114f4f4f0716164f040b09160b14164f071a070f12070e4c0a160f0e4750524a140b03475052314721514723560907100a071611120d0e0b11070c4b44030f1259111700080701165f322f475123475052314721514723560907100a07161111091b060611030c030e1b11475052472750475a52475b51475052071616475052040b09160b1416475052071a070f12070e
22:09:21 [WARNING]   [HTTP error] https://www.sakerhetspolisen.se/cdn-cgi/l/email-protection#340b565b504d095c40404411077511067211067247555f51465c514047445b585d47515a1a475111067247555f51465c514047475f4d5050110672555f404151585840195d5a5b591947555f51465c514047475f4d505011067247555f51465c514047475f4d50504755424055581919194755594251465f555a1959515858555a195258514619555a19404255194455464051461a5c4059581106041c425d55110604671177071175005f51465c514047445b585d47515a1d125559440f4741565e51574009671177071175005f51465c514047475f4d5050475542405558110604117106110c04110d071106044755594251465f555a11060459515858555a110604525851461106041177071175005a1106044042117707117501110604445546405146: 404 Client Error: Not Found for url: https://www.sakerhetspolisen.se/cdn-cgi/l/email-protection#340b565b504d095c40404411077511067211067247555f51465c514047445b585d47515a1a475111067247555f51465c514047475f4d5050110672555f404151585840195d5a5b591947555f51465c514047475f4d505011067247555f51465c514047475f4d50504755424055581919194755594251465f555a1959515858555a195258514619555a19404255194455464051461a5c4059581106041c425d55110604671177071175005f51465c514047445b585d47515a1d125559440f4741565e51574009671177071175005f51465c514047475f4d5050475542405558110604117106110c04110d071106044755594251465f555a11060459515858555a110604525851461106041177071175005a1106044042117707117501110604445546405146
22:09:26 [WARNING]   [HTTP error] https://www.sakerhetspolisen.se/cdn-cgi/l/email-protection#5e613c313a2763362a2a2e7b6d1f7b6c187b6c182d3f353b2c363b2a2d2e3132372d3b30702d3b7b6c182d3f353b2c363b2a2d2d35273a3a7b6c183f352a2b3b32322a7337303133732d3f353b2c363b2a2d2d35273a3a7b6c182e3373283f3a733f2c732d3f353b2c363b2a2d353f302d32373973283b2c352d3f33363b2a70362a33327b6c6e7628373f7b6c6e0d7b1d6d7b1f6a353b2c363b2a2d2e3132372d3b3077783f332e652d2b3c343b3d2a630e137b6d1f7b6c6e083f3a7b6c6e7b1d6d7b1f6a2c7b6c6e2d7b1d6d7b1f6a353b2c363b2a2d357b1d6d7b1f6a302d3237397b6c6e283b2c352d3f33363b2a: 404 Client Error: Not Found for url: https://www.sakerhetspolisen.se/cdn-cgi/l/email-protection#5e613c313a2763362a2a2e7b6d1f7b6c187b6c182d3f353b2c363b2a2d2e3132372d3b30702d3b7b6c182d3f353b2c363b2a2d2d35273a3a7b6c183f352a2b3b32322a7337303133732d3f353b2c363b2a2d2d35273a3a7b6c182e3373283f3a733f2c732d3f353b2c363b2a2d353f302d32373973283b2c352d3f33363b2a70362a33327b6c6e7628373f7b6c6e0d7b1d6d7b1f6a353b2c363b2a2d2e3132372d3b3077783f332e652d2b3c343b3d2a630e137b6d1f7b6c6e083f3a7b6c6e7b1d6d7b1f6a2c7b6c6e2d7b1d6d7b1f6a353b2c363b2a2d357b1d6d7b1f6a302d3237397b6c6e283b2c352d3f33363b2a
22:09:29 [WARNING]   [HTTP error] https://www.sakerhetspolisen.se/cdn-cgi/l/email-protection#56693439322f6b3e22222673651773641073641025373d33243e33222526393a3f25333878253373641025373d33243e332225253d2f3232736410373d2223333a3a227b3f38393b7b25373d33243e332225253d2f32327364103d39382224393a3a392425373d7b203f327b2433313f252233243d39382224393a3a783e223b3a7364667e203f37736466057315657317623d33243e33222526393a3f2533387f70373b266d2523343c3335226b1d39382224393a3a392425373d736466203f327364662433313f252233243d39382224393a3a: 404 Client Error: Not Found for url: https://www.sakerhetspolisen.se/cdn-cgi/l/email-protection#56693439322f6b3e22222673651773641073641025373d33243e33222526393a3f25333878253373641025373d33243e332225253d2f3232736410373d2223333a3a227b3f38393b7b25373d33243e332225253d2f32327364103d39382224393a3a392425373d7b203f327b2433313f252233243d39382224393a3a783e223b3a7364667e203f37736466057315657317623d33243e33222526393a3f2533387f70373b266d2523343c3335226b1d39382224393a3a392425373d736466203f327364662433313f252233243d39382224393a3a
22:09:32 [WARNING]   [HTTP error] https://www.sakerhetspolisen.se/cdn-cgi/l/email-protection#f5ca979a918cc89d818185d0c6b4d0c7b3d0c7b386949e90879d908186859a999c86909bdb8690d0c7b386949e90879d908186869e8c9191d0c7b3949e818090999981d89c9b9a98d886949e90879d908186869e8c9191d0c7b386949e90879d908186859a999c86909b86d8948797908190d8989091d8c092db9d819899d0c7c5dd839c94d0c7c5a6d0b6c6d0b4c19e90879d908186859a999c86909bdcd3949885ce8680979f909681c8a6d0b6c6d0b4c19e90879d908186859a999c86909b86d0c7c5948797908190d0c7c5989091d0c7c5c0b2: 404 Client Error: Not Found for url: https://www.sakerhetspolisen.se/cdn-cgi/l/email-protection#f5ca979a918cc89d818185d0c6b4d0c7b3d0c7b386949e90879d908186859a999c86909bdb8690d0c7b386949e90879d908186869e8c9191d0c7b3949e818090999981d89c9b9a98d886949e90879d908186869e8c9191d0c7b386949e90879d908186859a999c86909b86d8948797908190d8989091d8c092db9d819899d0c7c5dd839c94d0c7c5a6d0b6c6d0b4c19e90879d908186859a999c86909bdcd3949885ce8680979f909681c8a6d0b6c6d0b4c19e90879d908186859a999c86909b86d0c7c5948797908190d0c7c5989091d0c7c5c0b2
22:09:37 [WARNING]   [HTTP error] https://www.sakerhetspolisen.se/cdn-cgi/l/email-protection#9ba4f9f4ffe2a6f3efefebbea8dabea9ddbea9dde8faf0fee9f3feefe8ebf4f7f2e8fef5b5e8febea9ddf4ede9f2fcfab6e8f2fff4e9bea9ddeff2ebe8fab6e8faf0fee9f3feefe8ebf4f7f2e8fef5b5f3eff6f7bea9abb3edf2fabea9abc8bed8a8bedaaff0fee9f3feefe8ebf4f7f2e8fef5b2bdfaf6eba0e8eef9f1fef8efa6cff2ebe8fabea9abc8bed8a8bedaaff0fee9f3feefe8ebf4f7f2e8fef5: 404 Client Error: Not Found for url: https://www.sakerhetspolisen.se/cdn-cgi/l/email-protection#9ba4f9f4ffe2a6f3efefebbea8dabea9ddbea9dde8faf0fee9f3feefe8ebf4f7f2e8fef5b5e8febea9ddf4ede9f2fcfab6e8f2fff4e9bea9ddeff2ebe8fab6e8faf0fee9f3feefe8ebf4f7f2e8fef5b5f3eff6f7bea9abb3edf2fabea9abc8bed8a8bedaaff0fee9f3feefe8ebf4f7f2e8fef5b2bdfaf6eba0e8eef9f1fef8efa6cff2ebe8fabea9abc8bed8a8bedaaff0fee9f3feefe8ebf4f7f2e8fef5
22:09:42 [WARNING]   [HTTP error] https://www.sakerhetspolisen.se/cdn-cgi/l/email-protection#132c717c776a2e7b67676336205236215536215560727876617b766760637c7f7a60767d3d607636215560727876617b76676060786a777736215560727876617b76676060786a77776072677472617776613621557a7d757c617e72677a7c7d6060727876617b76673621557a7d7f7677723e60727e6172773e72656076767d77763e77617a7567607267677d7a7d743e72653e7a7d757c617e72677a7c7d60606a6067767e3d7b677e7f3621233b657a72362123403650203652277876617b766760637c7f7a60767d3a35727e6328606671797670672e5a7d7f76777236212360727e613650203652267736212372656076767d777636212377617a75676036502036522767677d7a7d7436212372653621237a7d757c617e72677a7c7d60606a6067767e: 404 Client Error: Not Found for url: https://www.sakerhetspolisen.se/cdn-cgi/l/email-protection#132c717c776a2e7b67676336205236215536215560727876617b766760637c7f7a60767d3d607636215560727876617b76676060786a777736215560727876617b76676060786a77776072677472617776613621557a7d757c617e72677a7c7d6060727876617b76673621557a7d7f7677723e60727e6172773e72656076767d77763e77617a7567607267677d7a7d743e72653e7a7d757c617e72677a7c7d60606a6067767e3d7b677e7f3621233b657a72362123403650203652277876617b766760637c7f7a60767d3a35727e6328606671797670672e5a7d7f76777236212360727e613650203652267736212372656076767d777636212377617a75676036502036522767677d7a7d7436212372653621237a7d757c617e72677a7c7d60606a6067767e
22:09:46 [WARNING]   [HTTP error] https://www.sakerhetspolisen.se/cdn-cgi/l/email-protection#09366b666d7034617d7d792c3a482c3b4f2c3b4f7a68626c7b616c7d7a796665607a6c67277a6c2c3b4f7a68626c7b616c7d7a7a62706d6d2c3b4f7d6065657a706727617d64652c3b39217f60682c3b395a2c4a3a2c483d626c7b616c7d7a796665607a6c67202f686479327a7c6b636c6a7d345d6065657a7067: 404 Client Error: Not Found for url: https://www.sakerhetspolisen.se/cdn-cgi/l/email-protection#09366b666d7034617d7d792c3a482c3b4f2c3b4f7a68626c7b616c7d7a796665607a6c67277a6c2c3b4f7a68626c7b616c7d7a7a62706d6d2c3b4f7d6065657a706727617d64652c3b39217f60682c3b395a2c4a3a2c483d626c7b616c7d7a796665607a6c67202f686479327a7c6b636c6a7d345d6065657a7067
22:10:55 [INFO]   → Found 2 PDFs on http://sakerhetspolisen.se/om-sakerhetspolisen/organisation/sakerhetspolischefen.html
22:10:59 [INFO]     [OK] 7a55b410… |   153 KB | year=2022 (2020-2023) | fields=13
22:11:04 [INFO]     [OK] eb480248… |   153 KB | year=2022 (2020-2023) | fields=13
22:11:13 [INFO]   → Found 233 PDFs on http://sakerhetspolisen.se/om-sakerhetspolisen/svar-pa-remisser.html
22:11:17 [INFO]     [OK] 9089eaef… |    82 KB | year=2026 (post-2026) | fields=16
22:11:21 [INFO]     [OK] 9187e105… |   113 KB | year=2026 (post-2026) | fields=16
22:11:25 [INFO]     [OK] 51dacb2e… |    92 KB | year=2025 (2024-2025) | fields=17
22:11:29 [INFO]     [OK] e3a840e3… |   100 KB | year=2025 (2024-2025) | fields=17
22:11:33 [INFO]     [OK] f9018d2f… |    97 KB | year=2024 (2024-2025) | fields=16
22:11:37 [INFO]     [OK] 81d42c36… |   141 KB | year=2024 (2024-2025) | fields=16
22:11:41 [INFO]     [OK] 1110efe5… |   101 KB | year=2024 (2024-2025) | fields=17
22:11:44 [INFO]     [OK] ed9b83e9… |   115 KB | year=2024 (2024-2025) | fields=17
22:12:01 [INFO]     [OK] 6292b5e9… |   215 KB | year=2026 (post-2026) | fields=17
22:12:04 [INFO]     [OK] 0e85bc18… |   146 KB | year=2025 (2024-2025) | fields=19
22:12:04 [INFO]   [CAP] Reached 10-file limit for this page. Moving to other pages.
22:12:09 [INFO]   → Found 1 PDFs on http://sakerhetspolisen.se/om-sakerhetspolisen/samarbete-med-andra.html
22:12:17 [INFO]     [OK] 4562e0b1… |  2612 KB | year=2026 (post-2026) | fields=19
22:12:29 [INFO]   → Found 3 PDFs on http://sakerhetspolisen.se/hoten-mot-sverige/hotet-fran-frammande-makt.html
22:12:43 [INFO]     [OK] 5869ac04… |   978 KB | year=2024 (2024-2025) | fields=44
22:12:47 [INFO]     [OK] eaa44fa1… |  1728 KB | year=2024 (2024-2025) | fields=39
22:12:47 [INFO]   Both quotas filled — moving to next authority
22:12:47 [INFO] 
[Säkerhetspolisen] Done. Pre-NIS2: 50/50  NIS2-prep: 50/50
22:12:47 [INFO] 
============================================================
Authority : Polismyndigheten
Tier      : 1
Quota left: 2020-2023=50  2024-2025=50
============================================================
22:13:24 [INFO]   → Found 1 PDFs on https://polisen.se/lagar-och-regler/ordningsvakter/
22:13:29 [INFO]     [OK] f5b8d29f… |  1139 KB | year=2025 (2024-2025) | fields=16
22:13:42 [INFO]   → Found 3 PDFs on https://polisen.se/lagar-och-regler/polismyndighetens-forfattningssamling/
22:13:46 [INFO]     [OK] bd4dee8c… |   408 KB | year=2026 (post-2026) | fields=16
22:13:50 [INFO]     [OK] 34d76cdb… |   233 KB | year=2026 (post-2026) | fields=39
22:13:54 [INFO]     [OK] 273bfe0f… |   121 KB | year=2026 (post-2026) | fields=39
22:14:15 [INFO]   → Found 1 PDFs on https://polisen.se/lagar-och-regler/trafik-och-fordon/ratt--och-sjofylleri/
22:14:19 [INFO]     [OK] bf761725… |   135 KB | year=2026 (post-2026) | fields=86
22:14:37 [INFO]   → Found 8 PDFs on https://polisen.se/lagar-och-regler/behandling-av-personuppgifter/dina-rattigheter/
22:14:46 [INFO]     [OK] aeafbe4a… |   187 KB | year=2026 (post-2026) | fields=37
22:14:51 [INFO]     [OK] 042ef1e6… |   132 KB | year=2026 (post-2026) | fields=24
22:15:00 [INFO]     [OK] 03948f84… |   867 KB | year=2026 (post-2026) | fields=37
22:15:04 [INFO]     [OK] 678fceea… |   133 KB | year=2026 (post-2026) | fields=24
22:15:13 [INFO]     [OK] 80a4f191… |   235 KB | year=2026 (post-2026) | fields=37
22:15:16 [INFO]     [OK] 2449b4f8… |   165 KB | year=2026 (post-2026) | fields=24
22:15:24 [INFO]     [OK] 29ec1f53… |   199 KB | year=2026 (post-2026) | fields=37
22:15:27 [INFO]     [OK] 1e401622… |   135 KB | year=2026 (post-2026) | fields=24
22:16:21 [INFO]   → Found 1 PDFs on https://polisen.se/lagar-och-regler/trafik-och-fordon/studentflak/
22:16:25 [INFO]     [OK] a900bc09… |  2471 KB | year=2026 (post-2026) | fields=35
22:16:50 [INFO]   → Found 6 PDFs on https://polisen.se/lagar-och-regler/boter/parkeringsanmarkning/
22:16:55 [INFO]     [OK] 301bbbea… |   213 KB | year=2025 (2024-2025) | fields=24
22:17:03 [INFO]     [OK] 7ff4fb0e… |  1577 KB | year=2025 (2024-2025) | fields=76
22:17:08 [INFO]     [OK] 301bbbea… |   213 KB | year=2025 (2024-2025) | fields=24
22:17:16 [INFO]     [OK] 7ff4fb0e… |  1577 KB | year=2025 (2024-2025) | fields=76
22:17:20 [INFO]     [OK] 4278527b… |    97 KB | year=2025 (2024-2025) | fields=24
22:17:29 [INFO]     [OK] 34d562fd… |  2542 KB | year=2025 (2024-2025) | fields=36
22:17:50 [INFO]   → Found 1 PDFs on https://polisen.se/lagar-och-regler/polisens-forordnanden/arbeta-som-fjallraddare/
22:18:00 [INFO]     [OK] 38170f48… |  6301 KB | year=2025 (2024-2025) | fields=34
22:18:04 [INFO]   → Found 2 PDFs on https://polisen.se/lagar-och-regler/polisens-forordnanden/flygplatskontrollant/
22:18:13 [INFO]     [OK] 7ced3c08… |   853 KB | year=2025 (2024-2025) | fields=34
22:18:18 [INFO]     [OK] b07d8e48… |   118 KB | year=2025 (2024-2025) | fields=21
22:19:06 [INFO]   → Found 10 PDFs on https://polisen.se/lagar-och-regler/resa-till-fran-sverige/granskontroll-till-sjoss/
22:19:10 [INFO]     [OK] ec8713a5… |   160 KB | year=2024 (2024-2025) | fields=17
22:19:14 [INFO]     [OK] 23a403ca… |   728 KB | year=2025 (2024-2025) | fields=10
22:19:24 [INFO]     [OK] f94e539e… |   866 KB | year=2025 (2024-2025) | fields=37
22:19:28 [INFO]     [OK] a545da39… |   109 KB | year=2025 (2024-2025) | fields=24
22:19:38 [INFO]     [OK] 3053a1bf… |  1569 KB | year=2025 (2024-2025) | fields=37
22:19:48 [INFO]     [OK] 3053a1bf… |  1569 KB | year=2025 (2024-2025) | fields=37
22:19:58 [INFO]     [OK] 902566ba… |  4466 KB | year=2025 (2024-2025) | fields=37
22:20:03 [INFO]     [OK] c776b9ee… |   171 KB | year=2025 (2024-2025) | fields=24
22:20:12 [INFO]     [OK] 902566ba… |  4466 KB | year=2025 (2024-2025) | fields=37
22:20:16 [INFO]     [OK] c776b9ee… |   171 KB | year=2025 (2024-2025) | fields=24
22:20:33 [INFO]   → Found 20 PDFs on https://polisen.se/lagar-och-regler/polismyndighetens-forfattningssamling---upphavda/
22:20:37 [INFO]     [OK] 5bf2df6b… |   115 KB | year=2026 (post-2026) | fields=38
22:20:42 [INFO]     [OK] 10f7acf5… |   106 KB | year=2026 (post-2026) | fields=38
22:20:46 [INFO]     [OK] 6bd7da72… |   107 KB | year=2026 (post-2026) | fields=39
22:20:49 [INFO]     [OK] 1017116b… |   111 KB | year=2025 (2024-2025) | fields=38
22:20:54 [INFO]     [OK] 26a36086… |    99 KB | year=2025 (2024-2025) | fields=38
22:20:57 [INFO]     [OK] ec1c58fb… |   113 KB | year=2024 (2024-2025) | fields=38
22:21:02 [INFO]     [OK] 78d5a3cf… |   173 KB | year=2024 (2024-2025) | fields=39
22:21:06 [INFO]     [OK] 6df1b832… |    97 KB | year=2024 (2024-2025) | fields=35
22:21:10 [INFO]     [OK] 42012c42… |   112 KB | year=2024 (2024-2025) | fields=38
22:21:15 [INFO]     [OK] dad85317… |   119 KB | year=2024 (2024-2025) | fields=36
22:21:15 [INFO]   [CAP] Reached 10-file limit for this page. Moving to other pages.
22:22:11 [INFO]   → Found 4 PDFs on https://polisen.se/lagar-och-regler/polisens-forordnanden/sjofarts-och-hamnskyddskontrollanter/utbildning-sjofartsskydd--och-hamnskyddskontrollanter/
22:22:21 [INFO]     [OK] 0e8be8d8… |  1293 KB | year=2025 (2024-2025) | fields=76
22:22:26 [INFO]     [OK] 020d0f36… |   108 KB | year=2025 (2024-2025) | fields=24
22:22:36 [INFO]     [OK] 40475244… |  1252 KB | year=2025 (2024-2025) | fields=76
22:22:39 [INFO]     [OK] fbacd659… |    95 KB | year=2025 (2024-2025) | fields=24
22:22:43 [INFO]   → Found 2 PDFs on https://polisen.se/lagar-och-regler/polisens-forordnanden/vagtransportledare/utbilda-dig-till-vagtransportledare/
22:22:54 [INFO]     [OK] 78672c2e… |  2038 KB | year=2025 (2024-2025) | fields=76
22:22:59 [INFO]     [OK] fd35d47f… |   136 KB | year=2025 (2024-2025) | fields=24
22:23:09 [INFO]   → Found 3 PDFs on https://polisen.se/lagar-och-regler/polisens-forordnanden/vagtransportledare/for-dig-som-arbetar-som-vagtransportledare/
22:23:20 [INFO]     [OK] 1b6a5970… |  4102 KB | year=2025 (2024-2025) | fields=37
22:23:24 [INFO]     [OK] d57dcbcf… |   178 KB | year=2025 (2024-2025) | fields=24
22:23:29 [INFO]     [OK] eaa0f1d7… |   127 KB | year=2025 (2024-2025) | fields=16
22:23:45 [INFO]   → Found 6 PDFs on https://polisen.se/lagar-och-regler/ordningsvakter/arbeta-som-ordningsvakt/it-stodet-nova/
22:23:54 [INFO]     [OK] cad836f6… |  1574 KB | year=2026 (post-2026) | fields=37
22:23:58 [INFO]     [OK] 9d6431a3… |   145 KB | year=2026 (post-2026) | fields=24
22:24:08 [INFO]     [OK] c10b0fc3… |  1595 KB | year=2026 (post-2026) | fields=37
22:24:12 [INFO]     [OK] 77723e19… |   170 KB | year=2026 (post-2026) | fields=24
22:24:18 [INFO]     [OK] 4d47d69e… |   877 KB | year=2025 (2024-2025) | fields=104
22:24:23 [INFO]     [OK] d288e905… |   226 KB | year=2026 (post-2026) | fields=20
22:24:31 [INFO]   → Found 3 PDFs on https://polisen.se/lagar-och-regler/ordningsvakter/utbildning-till-ordningsvakt/ordningsvaktsutbildningar/
22:24:36 [INFO]     [OK] 48b29a06… |   141 KB | year=2024 (2024-2025) | fields=7
22:24:40 [INFO]     [OK] f2c6bdcb… |    64 KB | year=2024 (2024-2025) | fields=8
22:24:44 [INFO]     [OK] 172a8358… |   117 KB | year=2024 (2024-2025) | fields=7
22:24:48 [INFO]   → Found 3 PDFs on https://polisen.se/lagar-och-regler/ordningsvakter/utbildning-till-ordningsvakt/ordningsvaktsutbildningar/grundutbildning/
22:24:53 [INFO]     [OK] 8a28d503… |   124 KB | year=2025 (2024-2025) | fields=18
22:25:02 [INFO]     [OK] db4309b6… |  4357 KB | year=2025 (2024-2025) | fields=37
22:25:07 [INFO]     [OK] 96493237… |   104 KB | year=2025 (2024-2025) | fields=24
22:25:24 [INFO]   → Found 1 PDFs on https://polisen.se/lagar-och-regler/resa-till-fran-sverige/tredjelandsmedborgare/entry-exit-system/
22:25:33 [INFO]     [OK] 2bd50543… |  4000 KB | year=2026 (post-2026) | fields=37
22:25:37 [INFO]   → Found 1 PDFs on https://polisen.se/lagar-och-regler/resa-till-fran-sverige/tredjelandsmedborgare/regler-for-vistelse-i-sverige/
22:25:43 [INFO]     [OK] 3f1e5d5f… |   216 KB | year=2026 (post-2026) | fields=18
22:26:00 [INFO]   → Found 10 PDFs on https://polisen.se/lagar-och-regler/polismyndighetens-forfattningssamling---upphavda/1/
22:26:04 [INFO]     [OK] 15b77856… |    97 KB | year=2024 (2024-2025) | fields=37
22:26:09 [INFO]     [OK] c979af4c… |   136 KB | year=2024 (2024-2025) | fields=39
22:26:13 [INFO]     [OK] bfa60d67… |    96 KB | year=2022 (2020-2023) | fields=37
22:26:16 [INFO]     [OK] faa768eb… |    98 KB | year=2022 (2020-2023) | fields=38
22:26:21 [INFO]     [OK] 6199077a… |   148 KB | year=2022 (2020-2023) | fields=37
22:26:25 [INFO]     [OK] dfaf7349… |    98 KB | year=2022 (2020-2023) | fields=38
22:26:29 [INFO]     [OK] 812b3daa… |    98 KB | year=2022 (2020-2023) | fields=37
22:26:33 [INFO]     [OK] 625fc7cb… |    96 KB | year=2022 (2020-2023) | fields=37
22:26:37 [INFO]     [OK] c89796ec… |    96 KB | year=2022 (2020-2023) | fields=37
22:26:41 [INFO]     [OK] 2dd9c651… |    97 KB | year=2022 (2020-2023) | fields=37
22:26:45 [INFO]   → Found 25 PDFs on https://polisen.se/lagar-och-regler/polismyndighetens-forfattningssamling---upphavda/2/
22:26:50 [INFO]     [OK] 13a1fd9a… |    98 KB | year=2022 (2020-2023) | fields=38
22:26:55 [INFO]     [OK] 305207c5… |    99 KB | year=2022 (2020-2023) | fields=38
22:26:59 [INFO]     [OK] 97691921… |    97 KB | year=2022 (2020-2023) | fields=37
22:27:03 [INFO]     [OK] da2018e6… |    97 KB | year=2022 (2020-2023) | fields=38
22:27:08 [INFO]     [OK] 28dbcb03… |   148 KB | year=2022 (2020-2023) | fields=38
22:27:11 [INFO]     [OK] 79bae593… |   110 KB | year=2022 (2020-2023) | fields=38
22:27:16 [INFO]     [OK] 5680f69c… |    98 KB | year=2025 (2024-2025) | fields=36
22:27:21 [INFO]     [OK] d3bd3893… |    97 KB | year=2022 (2020-2023) | fields=36
22:27:25 [INFO]     [OK] 2a77b8f0… |    96 KB | year=2022 (2020-2023) | fields=36
22:27:29 [INFO]     [OK] 74c1a596… |    26 KB | year=2020 (2020-2023) | fields=17
22:27:29 [INFO]   [CAP] Reached 10-file limit for this page. Moving to other pages.
22:27:33 [INFO]   → Found 25 PDFs on https://polisen.se/lagar-och-regler/polismyndighetens-forfattningssamling---upphavda/3/
22:27:37 [INFO]   → Found 6 PDFs on https://polisen.se/lagar-och-regler/polismyndighetens-forfattningssamling---upphavda/4/
22:27:43 [INFO]     [OK] a3758c17… |    17 KB | year=2025 (2024-2025) | fields=16
22:27:48 [INFO]     [OK] c121f2d2… |    72 KB | year=2025 (2024-2025) | fields=14
22:27:51 [INFO]     [OK] 63733aca… |    18 KB | year=2025 (2024-2025) | fields=13
22:27:54 [INFO]     [OK] c59d4eae… |    18 KB | year=2025 (2024-2025) | fields=13
22:28:12 [INFO]   → Found 1 PDFs on https://polisen.se/tjanster-tillstand/vapen-regler-och-tillstand/
22:28:15 [INFO]     [OK] dacab5fb… |  1900 KB | year=2026 (post-2026) | fields=21
22:28:19 [INFO]   → Found 14 PDFs on https://polisen.se/tjanster-tillstand/vapen-regler-och-tillstand/ansok-om-tillstand-for-vapen-och-vapendelar/blanketter-for-vapentillstand/
22:30:28 [INFO]   → Found 4 PDFs on https://polisen.se/tjanster-tillstand/vapen-regler-och-tillstand/europeiskt-skjutvapenpass/
22:30:48 [INFO]     [OK] 08c2df51… |   634 KB | year=2021 (2020-2023) | fields=32
22:30:53 [INFO]     [OK] 9c75b5be… |   105 KB | year=2021 (2020-2023) | fields=22
22:31:05 [INFO]   → Found 9 PDFs on https://polisen.se/tjanster-tillstand/vapen-regler-och-tillstand/formedling-vapen/
22:32:35 [INFO]   → Found 3 PDFs on https://polisen.se/tjanster-tillstand/vapen-regler-och-tillstand/ljuddampare/
22:33:03 [INFO]   → Found 2 PDFs on https://polisen.se/tjanster-tillstand/vapen-regler-och-tillstand/lana-vapen/
22:33:25 [INFO]   → Found 2 PDFs on https://polisen.se/tjanster-tillstand/vapen-regler-och-tillstand/markning/
22:33:46 [INFO]   → Found 2 PDFs on https://polisen.se/tjanster-tillstand/vapen-regler-och-tillstand/reparation-och-oversyn-av-vapen/
22:34:22 [INFO]   → Found 2 PDFs on https://polisen.se/tjanster-tillstand/vapen-regler-och-tillstand/vapenmagasin/
22:34:39 [INFO]   → Found 2 PDFs on https://polisen.se/tjanster-tillstand/vapen-regler-och-tillstand/vapenlicens-for-skytteforening/
22:34:59 [INFO]   → Found 5 PDFs on https://polisen.se/tjanster-tillstand/pass-och-nationellt-id-kort/giltiga-svenska-resehandlingar/kontroll-av-passnationellt-id-kort/
22:35:11 [INFO]     [OK] 2e5a4762… |   802 KB | year=2021 (2020-2023) | fields=18
22:35:16 [INFO]     [OK] 5c896b34… |  2220 KB | year=2022 (2020-2023) | fields=7
22:35:21 [INFO]     [OK] 356c8ca8… |  2910 KB | year=2022 (2020-2023) | fields=7
22:35:30 [INFO]   → Found 10 PDFs on https://polisen.se/tjanster-tillstand/e-tjanster-och-blanketter--a-o/blanketter/
22:35:37 [INFO]     [OK] 870fa52c… |   108 KB | year=2026 (post-2026) | fields=22
22:35:45 [INFO]     [OK] 52290a1a… |  5130 KB | year=2026 (post-2026) | fields=24
22:36:26 [INFO]     [OK] fa7b8711… |  3146 KB | year=2026 (post-2026) | fields=37
22:38:43 [INFO]   → Found 5 PDFs on https://polisen.se/tjanster-tillstand/e-tjanster-och-blanketter--a-o/blanketter/?lpfm.cat=507
22:39:38 [INFO]   → Found 14 PDFs on https://polisen.se/tjanster-tillstand/vapen-regler-och-tillstand/handel-med-skjutvapen/tillstand-for-vapenhandel/
22:40:03 [INFO]     [OK] cd1623fc… |   109 KB | year=2023 (2020-2023) | fields=21
22:41:49 [INFO]   → Found 5 PDFs on https://polisen.se/tjanster-tillstand/vapen-regler-och-tillstand/inforsel-utforsel-av-vapen/tillfallig-inforsel-av-vapen/
22:42:09 [INFO]     [OK] e50b44b7… |  1664 KB | year=2021 (2020-2023) | fields=32
22:42:13 [INFO]     [OK] a5dee3e5… |  2561 KB | year=2021 (2020-2023) | fields=32
22:42:17 [INFO]   → Found 2 PDFs on https://polisen.se/tjanster-tillstand/vapen-regler-och-tillstand/inforsel-utforsel-av-vapen/tillfallig-inforsel---transitering/
22:42:22 [INFO]     [OK] edee3e0f… |  3317 KB | year=2021 (2020-2023) | fields=31
22:42:27 [INFO]     [OK] ea80e899… |  2652 KB | year=2021 (2020-2023) | fields=31
22:42:30 [INFO]   → Found 4 PDFs on https://polisen.se/tjanster-tillstand/vapen-regler-och-tillstand/inforsel-utforsel-av-vapen/permanent-in--eller-utforsel-av-vapen/
22:43:05 [INFO]   → Found 2 PDFs on https://polisen.se/tjanster-tillstand/pass-och-nationellt-id-kort/giltiga-svenska-resehandlingar/kontroll-av-passnationellt-id-kort/cvca-certifikat/
22:43:14 [INFO]     [OK] 11c30082… |   706 KB | year=2021 (2020-2023) | fields=14
22:43:18 [INFO]   → Found 3 PDFs on https://polisen.se/tjanster-tillstand/pass-och-nationellt-id-kort/giltiga-svenska-resehandlingar/kontroll-av-passnationellt-id-kort/csca-certifikat/
22:43:39 [INFO]   → Found 3 PDFs on https://polisen.se/tjanster-tillstand/e-tjanster-och-blanketter--a-o/blanketter/2/
22:44:02 [INFO]   → Found 6 PDFs on https://polisen.se/tjanster-tillstand/e-tjanster-och-blanketter--a-o/blanketter/3/
22:44:13 [INFO]     [OK] 45e9502c… |  3800 KB | year=2026 (post-2026) | fields=76
22:44:17 [INFO]     [OK] 31092790… |   148 KB | year=2026 (post-2026) | fields=24
22:44:27 [INFO]     [OK] 3f2db16e… |  1949 KB | year=2026 (post-2026) | fields=76
22:44:31 [INFO]     [OK] c90cde6e… |   174 KB | year=2026 (post-2026) | fields=24
22:44:41 [INFO]     [OK] dda6cf01… |  1988 KB | year=2026 (post-2026) | fields=76
22:44:46 [INFO]     [OK] 32ca6acc… |   101 KB | year=2026 (post-2026) | fields=24
22:44:50 [INFO]   → Found 2 PDFs on https://polisen.se/tjanster-tillstand/e-tjanster-och-blanketter--a-o/blanketter/4/
22:45:08 [INFO]   → Found 5 PDFs on https://polisen.se/tjanster-tillstand/e-tjanster-och-blanketter--a-o/blanketter/5/
22:45:44 [INFO]     [OK] 04b21579… |  2007 KB | year=2026 (post-2026) | fields=37
22:45:48 [INFO]     [OK] 8d9f8e2c… |   190 KB | year=2026 (post-2026) | fields=24
22:46:04 [INFO]   → Found 32 PDFs on https://polisen.se/aktuellt/publikationer/
22:46:09 [INFO]     [OK] ff9bc3be… |   423 KB | year=2026 (post-2026) | fields=19
22:46:23 [INFO]     [OK] 8c9b4f79… |  1005 KB | year=2023 (2020-2023) | fields=17
22:46:27 [INFO]     [OK] ca5edc5d… |   105 KB | year=2026 (post-2026) | fields=16
22:46:32 [INFO]     [OK] 62cccb0f… |   650 KB | year=2027 (post-2026) | fields=17
22:46:37 [INFO]     [OK] 925b709d… |  3765 KB | year=2026 (post-2026) | fields=8
22:46:46 [INFO]     [OK] 01ebe9a3… |  3071 KB | year=2022 (2020-2023) | fields=6
22:46:52 [INFO]     [OK] 72fc3a94… |  1022 KB | year=2026 (post-2026) | fields=10
22:47:09 [INFO]   → Found 1 PDFs on https://polisen.se/tjanster-tillstand/e-tjanster-och-blanketter--a-o/blanketter/3/?&lpfm.cat=507
22:47:37 [INFO]   → Found 1 PDFs on https://polisen.se/tjanster-tillstand/vapen-regler-och-tillstand/inforsel-utforsel-av-vapen/tillfallig-inforsel-av-vapen/du-som-ar-jaktvard/
22:47:41 [INFO]   → Found 1 PDFs on https://polisen.se/tjanster-tillstand/vapen-regler-och-tillstand/inforsel-utforsel-av-vapen/tillfallig-inforsel-av-vapen/du-som-ar-tavlingsvard/
22:47:47 [INFO]   → Found 8 PDFs on https://polisen.se/tjanster-tillstand/e-tjanster-och-blanketter--a-o/blanketter/6/
22:48:41 [INFO]   → Found 2 PDFs on https://polisen.se/tjanster-tillstand/e-tjanster-och-blanketter--a-o/blanketter/27/
22:48:44 [INFO]     [OK] ebf23750… |    92 KB | year=2021 (2020-2023) | fields=22
22:48:49 [INFO]     [OK] 11b08554… |    97 KB | year=2026 (post-2026) | fields=24
22:48:52 [INFO]   → Found 4 PDFs on https://polisen.se/tjanster-tillstand/e-tjanster-och-blanketter--a-o/blanketter/24/
22:49:08 [INFO]     [OK] 4797b816… |  1474 KB | year=2026 (post-2026) | fields=76
22:49:28 [INFO]   → Found 6 PDFs on https://polisen.se/tjanster-tillstand/e-tjanster-och-blanketter--a-o/blanketter/25/
22:50:07 [INFO]     [OK] 0c65ff2a… |  1579 KB | year=2026 (post-2026) | fields=37
22:50:10 [INFO]     [OK] 7761270f… |   253 KB | year=2026 (post-2026) | fields=24
22:50:14 [INFO]   → Found 2 PDFs on https://polisen.se/tjanster-tillstand/e-tjanster-och-blanketter--a-o/blanketter/26/
22:50:19 [INFO]     [OK] b44aaf10… |  3263 KB | year=2026 (post-2026) | fields=35
22:50:22 [INFO]     [OK] a6e2b821… |   220 KB | year=2026 (post-2026) | fields=31
22:53:48 [INFO]   → Found 1 PDFs on https://polisen.se/ar/lagar-och-regler-arabiska/travel-to-and-stay-in-sweden/border-control/
22:54:06 [INFO]   → Found 1 PDFs on https://polisen.se/ar/lagar-och-regler-arabiska/travel-to-and-stay-in-sweden/regler-for-vistelse-i-sverige-arabiska2/
22:54:10 [INFO]     [OK] 3f1e5d5f… |   216 KB | year=2022 (2020-2023) | fields=18
22:54:19 [INFO]   → Found 8 PDFs on https://polisen.se/ar/lagar-och-regler-arabiska/firearms/requirements-for-trade-in-firearms/trade-in-firearms/
22:55:45 [WARNING]   [HTTP error] https://polisen.se/bks/Recycle-Bin/gallringsregler-bosniska/: 404 Client Error: Not Found for url: https://polisen.se/bks/Recycle-Bin/gallringsregler-bosniska/
22:56:04 [INFO]   → Found 1 PDFs on https://polisen.se/tjanster-tillstand/pass-och-nationellt-id-kort/
22:56:13 [INFO]   → Found 1 PDFs on https://polisen.se/tjanster-tillstand/pass-och-nationellt-id-kort/boka-tid-hitta-passexpedition/
22:56:51 [INFO]   → Found 2 PDFs on https://polisen.se/tjanster-tillstand/belastningsregistret/skola-eller-forskola/blanketter---skola-eller-forskola/
22:57:07 [INFO]   → Found 2 PDFs on https://polisen.se/tjanster-tillstand/belastningsregistret/barn-med-funktionsnedsattning/blanketter---barn-med-funktionsnedsattning/
22:57:17 [INFO]     [OK] bc36df23… |  1584 KB | year=2026 (post-2026) | fields=37
22:57:21 [INFO]     [OK] 998de149… |   190 KB | year=2026 (post-2026) | fields=24
22:57:26 [INFO]   → Found 2 PDFs on https://polisen.se/tjanster-tillstand/belastningsregistret/hvb-hem/blanketter---hvb-hem/
22:57:47 [INFO]   → Found 2 PDFs on https://polisen.se/tjanster-tillstand/belastningsregistret/arbete-i-hemmet-med-aldre-och-personer-med-funktionsnedsattning-e-tjanst/blanketter--arbete-i-hemmet-med-aldre-och-personer-med-funktionsnedsattning/
22:57:57 [INFO]     [OK] 7f4e3b5f… |  3186 KB | year=2026 (post-2026) | fields=37
22:58:01 [INFO]     [OK] fe9d2c2c… |   147 KB | year=2026 (post-2026) | fields=24
22:58:05 [INFO]   → Found 2 PDFs on https://polisen.se/tjanster-tillstand/belastningsregistret/arbete-till-en-ledande-befattning-inom-kommuner/blanketter--arbete-till-en-ledande-befattning-inom-kommuner/
22:58:17 [INFO]   → Found 2 PDFs on https://polisen.se/tjanster-tillstand/belastningsregistret/forsakringsdistribution/blanketter---arbete-med-forsakringsdistribution/
22:59:10 [INFO]   → Found 2 PDFs on https://polisen.se/tjanster-tillstand/tillstand-ansok/anordna-arrangemang/blanketter-for-ansokan-om-arrangemang/
22:59:29 [INFO]   → Found 1 PDFs on https://polisen.se/tjanster-tillstand/tillstand-ansok/anvanda-ordningsvakter/
23:03:07 [INFO]   → Found 3 PDFs on https://polisen.se/tjanster-tillstand/bestall-forensisk-undersokning/
23:03:28 [INFO]   → Found 2 PDFs on https://polisen.se/tjanster-tillstand/delgivning/
23:03:47 [INFO]   → Found 2 PDFs on https://polisen.se/tjanster-tillstand/schengens-informationssystem-sis-begara-ut-uppgifter/
23:04:22 [INFO]   → Found 2 PDFs on https://polisen.se/tjanster-tillstand/tillstand-ansok/begagnade-varor/blanketter-begagnade-varor/
23:04:50 [INFO]   → Found 1 PDFs on https://polisen.se/utsatt-for-brott/polisanmalan/stold-inbrott-ran/stold/stold-i-butik/
23:05:20 [INFO]   → Found 2 PDFs on https://polisen.se/aktuellt/upphandlingar/bli-leverantor-till-polisen/
23:05:36 [INFO]   → Found 1 PDFs on https://polisen.se/aktuellt/upphandlingar/e-handel/
23:06:01 [INFO]   → Found 2 PDFs on https://polisen.se/utsatt-for-brott/polisanmalan/stold-inbrott-ran/inbrott/
23:06:14 [INFO]   → Found 1 PDFs on https://polisen.se/utsatt-for-brott/polisanmalan/bedragerier/bedragerier/kortbedragerier/
23:06:29 [INFO]   → Found 2 PDFs on https://fipogoaml.polisen.se/Home
23:06:50 [INFO]   → Found 2 PDFs on https://polisen.se/om-polisen/organisation/
23:07:03 [INFO]   → Found 1 PDFs on https://polisen.se/om-polisen/uppdrag-och-mal/
23:07:14 [INFO]   → Found 2 PDFs on https://polisen.se/om-polisen/medborgarloften-och-lokal-samverkan/
23:07:32 [INFO]   → Found 2 PDFs on https://polisen.se/om-polisen/polisens-visselblasarfunktion/
23:07:50 [INFO]   → Found 17 PDFs on https://polisen.se/om-polisen/samordning-mot-penningtvatt-och-finansiering-av-terrorism/rapporter/
23:07:54 [INFO]     [OK] f243e592… |  1887 KB | year=2023 (2020-2023) | fields=43
23:07:59 [INFO]     [OK] 411d6fe4… |  1150 KB | year=2023 (2020-2023) | fields=29
23:08:05 [INFO]     [OK] aedabf26… |  3717 KB | year=2022 (2020-2023) | fields=42
23:08:09 [INFO]     [OK] 4f3ca0aa… |  2135 KB | year=2022 (2020-2023) | fields=42
23:08:23 [INFO]     [OK] 0e1991e6… |   779 KB | year=2023 (2020-2023) | fields=28
23:08:36 [INFO]   → Found 35 PDFs on https://polisen.se/om-polisen/samordning-mot-penningtvatt-och-finansiering-av-terrorism/dokumentation-fran-webbinarier/
23:09:46 [INFO]     [OK] f28831e1… |  1062 KB | year=2023 (2020-2023) | fields=13
23:10:37 [INFO]     [OK] 663b9229… |  1163 KB | year=2022 (2020-2023) | fields=17
23:11:05 [INFO]     [OK] 97b1dda1… |   713 KB | year=2023 (2020-2023) | fields=17
23:11:17 [INFO]   → Found 59 PDFs on https://polisen.se/om-polisen/polisens-arbete/finanspolisen/#publikationer
23:11:25 [INFO]     [OK] 95e87384… |  5432 KB | year=2022 (2020-2023) | fields=42
23:11:30 [INFO]     [OK] 11283959… |  1891 KB | year=2021 (2020-2023) | fields=41
23:11:35 [INFO]     [OK] a8b97f80… |  3785 KB | year=2020 (2020-2023) | fields=42
23:11:39 [INFO]     [OK] cff883cc… |  5712 KB | year=2020 (2020-2023) | fields=51
23:12:09 [INFO]     [OK] 550675f5… |   969 KB | year=2022 (2020-2023) | fields=122
23:12:14 [INFO]     [OK] 20882040… |   649 KB | year=2022 (2020-2023) | fields=17
23:12:23 [INFO]     [OK] fdece0ab… |   899 KB | year=2021 (2020-2023) | fields=13
23:12:27 [INFO]     [OK] 0f801141… |  1009 KB | year=2021 (2020-2023) | fields=13
23:12:36 [INFO]     [OK] ba4752d1… |   699 KB | year=2021 (2020-2023) | fields=19
23:12:51 [INFO]     [OK] 2ada0821… |  5596 KB | year=2022 (2020-2023) | fields=54
23:12:51 [INFO]   [CAP] Reached 10-file limit for this page. Moving to other pages.
23:12:51 [INFO]   Both quotas filled — moving to next authority
23:12:51 [INFO] 
[Polismyndigheten] Done. Pre-NIS2: 50/50  NIS2-prep: 50/50
23:12:51 [INFO] 
============================================================
Authority : Åklagarmyndigheten
Tier      : 1
Quota left: 2020-2023=50  2024-2025=50
============================================================
23:13:00 [INFO]   → Found 109 PDFs on https://www.aklagare.se/om-oss/dokument/rapporter/
23:13:05 [INFO]     [OK] fb03d57f… |  5538 KB | year=2025 (2024-2025) | fields=31
23:13:09 [INFO]     [OK] 94e6b4f8… |  1094 KB | year=2026 (post-2026) | fields=16
23:13:13 [INFO]     [OK] c4ba3b20… |   377 KB | year=2025 (2024-2025) | fields=26
23:13:18 [INFO]     [OK] 4114c55d… |   880 KB | year=2025 (2024-2025) | fields=46
23:13:22 [INFO]     [OK] ae080e79… |   816 KB | year=2025 (2024-2025) | fields=45
23:13:31 [INFO]     [OK] 2df7c9a2… |  1065 KB | year=2024 (2024-2025) | fields=47
23:13:35 [INFO]     [OK] d41973a2… |   351 KB | year=2024 (2024-2025) | fields=26
23:13:40 [INFO]     [OK] 58f16589… |  7396 KB | year=2024 (2024-2025) | fields=29
23:13:45 [INFO]     [OK] 23ccff7e… |   801 KB | year=2024 (2024-2025) | fields=46
23:13:50 [INFO]     [OK] 2686e41a… |  1035 KB | year=2025 (2024-2025) | fields=19
23:13:50 [INFO]   [CAP] Reached 10-file limit for this page. Moving to other pages.
23:13:53 [INFO]   → Found 30 PDFs on https://www.aklagare.se/om-oss/dokument/rapporter/?sortBy=1&filterSegment=tillsynsrapporter
23:13:57 [INFO]     [OK] 2f2f5feb… |   864 KB | year=2025 (2024-2025) | fields=20
23:14:02 [INFO]     [OK] 2aa99718… |  1027 KB | year=2020 (2020-2023) | fields=45
23:14:07 [INFO]     [OK] 930a7281… |   921 KB | year=2020 (2020-2023) | fields=17
23:14:12 [INFO]   → Found 27 PDFs on https://www.aklagare.se/om-oss/dokument/rapporter/?sortBy=1&filterSegment=arsrapporter
23:14:15 [INFO]     [OK] 0ee24ca5… |   512 KB | year=2023 (2020-2023) | fields=44
23:14:21 [INFO]     [OK] b9eb6160… |   703 KB | year=2023 (2020-2023) | fields=44
23:14:26 [INFO]     [OK] 97cb581a… |   341 KB | year=2023 (2020-2023) | fields=26
23:14:31 [INFO]     [OK] 4da4147e… |   780 KB | year=2022 (2020-2023) | fields=44
23:14:35 [INFO]     [OK] c548662f… |   543 KB | year=2022 (2020-2023) | fields=44
23:14:39 [INFO]     [OK] b3b9ea5a… |   391 KB | year=2022 (2020-2023) | fields=26
23:14:44 [INFO]     [OK] e7d4fade… |   673 KB | year=2021 (2020-2023) | fields=44
23:14:47 [INFO]     [OK] b07eedf6… |   419 KB | year=2021 (2020-2023) | fields=26
23:14:52 [INFO]     [OK] 64aec83c… |   698 KB | year=2020 (2020-2023) | fields=46
23:14:56 [INFO]     [OK] d9b24017… |   470 KB | year=2020 (2020-2023) | fields=26
23:14:56 [INFO]   [CAP] Reached 10-file limit for this page. Moving to other pages.
23:15:00 [INFO]   → Found 34 PDFs on https://www.aklagare.se/om-oss/dokument/rapporter/?sortBy=1&filterSegment=ovriga-rapporter
23:15:05 [INFO]     [OK] 9ce72329… |   669 KB | year=2025 (2024-2025) | fields=127
23:15:09 [INFO]     [OK] 43b71ae7… |  1148 KB | year=2023 (2020-2023) | fields=16
23:15:14 [INFO]     [OK] 9cdb3580… |   523 KB | year=2024 (2024-2025) | fields=127
23:15:18 [INFO]     [OK] bfd244c1… |  3223 KB | year=2023 (2020-2023) | fields=28
23:15:22 [INFO]     [OK] c8e60cf8… |  1577 KB | year=2024 (2024-2025) | fields=16
23:15:26 [INFO]     [OK] b36676f6… |   984 KB | year=2023 (2020-2023) | fields=44
23:15:31 [INFO]     [OK] 651fc5c4… |  5435 KB | year=2022 (2020-2023) | fields=28
23:15:36 [INFO]     [OK] 72757c02… |  1737 KB | year=2023 (2020-2023) | fields=16
23:15:41 [INFO]     [OK] f1227917… |  1497 KB | year=2023 (2020-2023) | fields=27
23:15:46 [INFO]     [OK] 91a943b5… |  1555 KB | year=2021 (2020-2023) | fields=16
23:15:46 [INFO]   [CAP] Reached 10-file limit for this page. Moving to other pages.
23:15:50 [INFO]   → Found 41 PDFs on https://www.aklagare.se/om-oss/dokument/rapporter/?sortby=1
23:15:53 [INFO]     [OK] d265d7e8… |  3877 KB | year=2021 (2020-2023) | fields=28
23:15:58 [INFO]     [OK] 430358b7… |  1661 KB | year=2020 (2020-2023) | fields=45
23:16:03 [INFO]     [OK] 24c34fe7… |  4978 KB | year=2020 (2020-2023) | fields=28
23:16:08 [INFO]     [OK] 20924cec… |  1359 KB | year=2020 (2020-2023) | fields=20
23:16:12 [INFO]     [OK] 4c6f569e… |  2238 KB | year=2021 (2020-2023) | fields=21
23:16:17 [INFO]     [OK] cd707a65… |   776 KB | year=2020 (2020-2023) | fields=19
23:16:20 [INFO]     [OK] 5947ccc4… |   665 KB | year=2023 (2020-2023) | fields=13
23:16:24 [INFO]     [OK] e6f5fd6e… |  1380 KB | year=2024 (2024-2025) | fields=45
23:32:02 [INFO]   → Found 2 PDFs on https://www.aklagare.se/om-oss/dokument/om-vara-dokument/
23:32:06 [INFO]     [OK] 54814ff2… |   531 KB | year=2022 (2020-2023) | fields=16
23:32:11 [INFO]     [OK] 79cbe3fc… |   865 KB | year=2025 (2024-2025) | fields=17
23:32:15 [INFO]   → Found 212 PDFs on https://www.aklagare.se/om-oss/dokument/forfattningssamling/
23:32:20 [INFO]     [OK] 492a9c71… |   507 KB | year=2026 (post-2026) | fields=43
23:32:24 [INFO]     [OK] 492a9c71… |   507 KB | year=2026 (post-2026) | fields=43
23:32:29 [INFO]     [OK] f4769340… |   160 KB | year=2025 (2024-2025) | fields=34
23:32:33 [INFO]     [OK] 994ccb66… |   144 KB | year=2025 (2024-2025) | fields=21
23:32:38 [INFO]     [OK] 8a5088a0… |   204 KB | year=2025 (2024-2025) | fields=25
23:32:42 [INFO]     [OK] 31369c89… |   140 KB | year=2025 (2024-2025) | fields=22
23:32:45 [INFO]     [OK] d603d7b3… |   139 KB | year=2025 (2024-2025) | fields=22
23:32:50 [INFO]     [OK] 84bbc76e… |   205 KB | year=2025 (2024-2025) | fields=35
23:32:54 [INFO]     [OK] bd549c1b… |   141 KB | year=2025 (2024-2025) | fields=22
23:32:59 [INFO]     [OK] a070cc9a… |   140 KB | year=2024 (2024-2025) | fields=22
23:32:59 [INFO]   [CAP] Reached 10-file limit for this page. Moving to other pages.
23:33:04 [INFO]   → Found 24 PDFs on https://www.aklagare.se/om-oss/dokument/gallande-forfattningar-i-dess-nuvarande-lydelse/
23:33:09 [INFO]     [OK] b95998f8… |   157 KB | year=2026 (post-2026) | fields=23
23:33:13 [INFO]     [OK] 29e87249… |   275 KB | year=2023 (2020-2023) | fields=26
23:33:18 [INFO]     [OK] 84bbc76e… |   205 KB | year=2025 (2024-2025) | fields=35
23:33:23 [INFO]     [OK] 9dbbb578… |    72 KB | year=2023 (2020-2023) | fields=16
23:33:28 [INFO]     [OK] b55677e5… |    54 KB | year=2024 (2024-2025) | fields=18
23:33:31 [INFO]     [OK] 698dc4bc… |   154 KB | year=2024 (2024-2025) | fields=17
23:33:35 [INFO]     [OK] d1a4c431… |   298 KB | year=2024 (2024-2025) | fields=22
23:33:40 [INFO]     [OK] ce1d91c7… |   118 KB | year=2024 (2024-2025) | fields=17
23:33:45 [INFO]     [OK] 36f37a85… |   284 KB | year=2024 (2024-2025) | fields=13
23:33:49 [INFO]     [OK] a25eae8e… |   125 KB | year=2024 (2024-2025) | fields=13
23:33:49 [INFO]   [CAP] Reached 10-file limit for this page. Moving to other pages.
23:33:57 [INFO]   → Found 8 PDFs on https://www.aklagare.se/om-oss/dokument/informationsmaterial/
23:34:01 [INFO]     [OK] 7fa966d6… |  4633 KB | year=2025 (2024-2025) | fields=29
23:34:05 [INFO]     [OK] bd0b5244… |   479 KB | year=2025 (2024-2025) | fields=50
23:34:10 [INFO]     [OK] 16cc0854… |  1393 KB | year=2025 (2024-2025) | fields=30
23:34:14 [INFO]     [OK] 5b5d8beb… |  1377 KB | year=2025 (2024-2025) | fields=30
23:34:19 [INFO]     [OK] 18734c16… |   614 KB | year=2025 (2024-2025) | fields=69
23:34:24 [INFO]     [OK] d8f61dad… |   147 KB | year=2021 (2020-2023) | fields=50
23:34:32 [INFO]   → Found 398 PDFs on https://www.aklagare.se/om-oss/dokument/narkotikapreparat/
23:34:37 [INFO]     [OK] 997322e8… |   386 KB | year=2025 (2024-2025) | fields=23
23:34:40 [INFO]     [OK] 18a96d61… |   390 KB | year=2025 (2024-2025) | fields=23
23:34:44 [INFO]     [OK] 47899ab0… |   406 KB | year=2025 (2024-2025) | fields=22
23:34:48 [INFO]     [OK] f90bfa21… |   341 KB | year=2025 (2024-2025) | fields=22
23:34:53 [INFO]     [OK] 1e08be3b… |   388 KB | year=2025 (2024-2025) | fields=23
23:34:57 [INFO]     [OK] 67fb4a25… |   359 KB | year=2025 (2024-2025) | fields=22
23:35:01 [INFO]     [OK] a9a80d58… |   344 KB | year=2025 (2024-2025) | fields=22
23:35:05 [INFO]     [OK] 987ba35d… |   386 KB | year=2025 (2024-2025) | fields=23
23:35:08 [INFO]     [OK] d13dbfd2… |   392 KB | year=2025 (2024-2025) | fields=21
23:35:13 [INFO]     [OK] ebbace5e… |   389 KB | year=2025 (2024-2025) | fields=23
23:35:13 [INFO]   [CAP] Reached 10-file limit for this page. Moving to other pages.
23:35:18 [INFO]   → Found 24 PDFs on https://www.aklagare.se/om-oss/dokument/ordningsbotskatalog/
23:35:22 [INFO]     [OK] d566b07c… |   144 KB | year=2024 (2024-2025) | fields=18
23:35:27 [INFO]     [OK] 7e604364… |   419 KB | year=2025 (2024-2025) | fields=22
23:35:32 [INFO]     [OK] f56eaee5… |   345 KB | year=2025 (2024-2025) | fields=31
23:35:35 [INFO]     [OK] 10adca90… |   177 KB | year=2025 (2024-2025) | fields=30
23:35:39 [INFO]     [OK] a28a922d… |   253 KB | year=2025 (2024-2025) | fields=22
23:36:58 [INFO]   → Found 89 PDFs on https://www.aklagare.se/om-oss/dokument/planering-och-uppfoljning/
23:37:06 [INFO]     [OK] 91e63d14… |  3831 KB | year=2023 (2020-2023) | fields=32
23:37:11 [INFO]     [OK] e6213f70… |  3617 KB | year=2022 (2020-2023) | fields=30
23:37:15 [INFO]     [OK] b8db3a84… |  3581 KB | year=2021 (2020-2023) | fields=32
23:37:20 [INFO]     [OK] 9a34ef5c… |  4346 KB | year=2020 (2020-2023) | fields=20
23:37:29 [INFO]     [OK] 4713f87e… |  1470 KB | year=None (unknown) | fields=17
23:37:33 [INFO]     [OK] 702027d1… |  1303 KB | year=None (unknown) | fields=18
23:37:37 [INFO]     [OK] a40af0bb… |   960 KB | year=None (unknown) | fields=15
23:37:41 [INFO]     [OK] cae26c65… |   862 KB | year=None (unknown) | fields=11
23:37:45 [INFO]     [OK] 3d95a592… |   231 KB | year=2026 (post-2026) | fields=27
23:37:50 [INFO]     [OK] 642d20e5… |   282 KB | year=2026 (post-2026) | fields=27
23:37:50 [INFO]   [CAP] Reached 10-file limit for this page. Moving to other pages.
23:39:43 [WARNING]   [HTTP error] https://www.aklagare.se/om-oss/dokument/planering-och-uppfoljning/?sortby=1&timePeriod=2006&filterSegment=regleringsbrev: ('Connection aborted.', OSError(65, 'No route to host'))
23:41:15 [INFO]   → Found 489 PDFs on https://www.aklagare.se/om-oss/dokument/remissvar/
23:41:20 [INFO]     [OK] 359c376d… |   156 KB | year=2026 (post-2026) | fields=27
23:41:24 [INFO]     [OK] ef59ed5d… |   142 KB | year=2026 (post-2026) | fields=25
23:41:29 [INFO]     [OK] be4418bd… |   127 KB | year=2026 (post-2026) | fields=25
23:41:34 [INFO]     [OK] 53b116ea… |   132 KB | year=2026 (post-2026) | fields=29
23:41:38 [INFO]     [OK] aaf113cf… |    92 KB | year=2026 (post-2026) | fields=16
23:41:42 [INFO]     [OK] 1d31793d… |   145 KB | year=2026 (post-2026) | fields=25
23:41:47 [INFO]     [OK] 9c064ee5… |   123 KB | year=2026 (post-2026) | fields=25
23:41:51 [INFO]     [OK] 9195358c… |   124 KB | year=2026 (post-2026) | fields=25
23:41:55 [INFO]     [OK] 946009d4… |   122 KB | year=2026 (post-2026) | fields=16
23:42:00 [INFO]     [OK] d4bddc34… |   150 KB | year=2026 (post-2026) | fields=27
23:42:00 [INFO]   [CAP] Reached 10-file limit for this page. Moving to other pages.
23:42:05 [INFO]   → Found 68 PDFs on https://www.aklagare.se/om-oss/dokument/rattsliga-vagledningar/
23:42:14 [INFO]     [OK] ba4fb834… |   877 KB | year=2022 (2020-2023) | fields=44
23:42:24 [INFO]     [OK] 4d47e5e1… |   480 KB | year=2026 (post-2026) | fields=44
23:42:28 [INFO]     [OK] 1ea55b89… |   631 KB | year=2026 (post-2026) | fields=37
23:42:31 [INFO]     [OK] c0bac46a… |   700 KB | year=2026 (post-2026) | fields=37
23:42:35 [INFO]     [OK] 74608a28… |   608 KB | year=2026 (post-2026) | fields=37
23:42:40 [INFO]     [OK] cd3477fb… |   456 KB | year=2026 (post-2026) | fields=37
23:43:00 [INFO]     [OK] 788880a9… |   607 KB | year=2026 (post-2026) | fields=44
23:43:09 [INFO]     [OK] 2f991241… |   686 KB | year=2023 (2020-2023) | fields=36
23:43:42 [INFO]     [OK] 7d37495f… |   404 KB | year=2023 (2020-2023) | fields=44
23:43:46 [INFO]     [OK] 0f230cb1… |   594 KB | year=2022 (2020-2023) | fields=37
23:43:46 [INFO]   [CAP] Reached 10-file limit for this page. Moving to other pages.
23:43:51 [INFO]   → Found 359 PDFs on https://www.aklagare.se/om-oss/dokument/verksamheten-i-hogsta-domstolen/
23:43:56 [INFO]     [OK] a9431ca2… |   253 KB | year=2026 (post-2026) | fields=24
23:43:59 [INFO]     [OK] 87784bda… |   211 KB | year=2026 (post-2026) | fields=22
23:44:03 [INFO]     [OK] ef113cb7… |   191 KB | year=2026 (post-2026) | fields=22
23:44:07 [INFO]     [OK] 179e8633… |   235 KB | year=2026 (post-2026) | fields=22
23:44:12 [INFO]     [OK] 95e9b930… |   167 KB | year=2026 (post-2026) | fields=22
23:44:17 [INFO]     [OK] 30b0f3e6… |   203 KB | year=2026 (post-2026) | fields=22
23:44:21 [INFO]     [OK] 3f679a2c… |   226 KB | year=2026 (post-2026) | fields=22
23:44:26 [INFO]     [OK] 6779d5f1… |   176 KB | year=2026 (post-2026) | fields=24
23:44:30 [INFO]     [OK] c7695b61… |   216 KB | year=2026 (post-2026) | fields=22
23:44:34 [INFO]     [OK] 504751a2… |  1078 KB | year=2026 (post-2026) | fields=44
23:44:34 [INFO]   [CAP] Reached 10-file limit for this page. Moving to other pages.
23:44:42 [INFO]   → Found 347 PDFs on https://www.aklagare.se/om-oss/dokument/verksamheten-i-hogsta-domstolen/?sortby=1&filterSegment=arsrapporterarsrapporter
23:44:46 [INFO]     [OK] 951a57cd… |   228 KB | year=2026 (post-2026) | fields=23
23:44:50 [INFO]     [OK] c02ab1cc… |   140 KB | year=2026 (post-2026) | fields=23
23:44:55 [INFO]     [OK] ecaf3d5f… |   191 KB | year=2026 (post-2026) | fields=22
23:44:59 [INFO]     [OK] 49f31748… |   171 KB | year=2026 (post-2026) | fields=22
23:45:03 [INFO]     [OK] 6c33d96e… |   227 KB | year=2026 (post-2026) | fields=24
23:45:07 [INFO]     [OK] 43e65035… |   212 KB | year=2026 (post-2026) | fields=24
23:45:39 [INFO]     [OK] e88a5663… |    42 KB | year=2023 (2020-2023) | fields=42
23:45:48 [INFO]     [OK] f8227e5a… |   225 KB | year=2023 (2020-2023) | fields=23
23:45:52 [INFO]     [OK] d4a2bfb8… |   190 KB | year=2023 (2020-2023) | fields=16
23:45:57 [INFO]     [OK] 52a3905d… |   259 KB | year=2023 (2020-2023) | fields=23
23:45:57 [INFO]   [CAP] Reached 10-file limit for this page. Moving to other pages.
23:46:14 [INFO]   → Found 38 PDFs on https://www.aklagare.se/om-oss/dokument/verksamheten-i-hogsta-domstolen/?sortby=1&timePeriod=2023&filterSegment=arsrapporterarsrapporter
23:46:19 [INFO]     [OK] 87adb714… |   216 KB | year=2023 (2020-2023) | fields=23
23:46:23 [INFO]     [OK] fa389669… |   105 KB | year=2023 (2020-2023) | fields=17
23:46:28 [INFO]     [OK] 0a415ff1… |   157 KB | year=2023 (2020-2023) | fields=16
23:46:31 [INFO]     [OK] 57b8465f… |   187 KB | year=2023 (2020-2023) | fields=24
23:46:36 [INFO]     [OK] 117e3db2… |   202 KB | year=2023 (2020-2023) | fields=19
23:46:41 [INFO]     [OK] abc59cd3… |   573 KB | year=2023 (2020-2023) | fields=18
23:46:46 [INFO]     [OK] 6d281efa… |   108 KB | year=2023 (2020-2023) | fields=16
23:46:50 [INFO]     [OK] cd09d978… |   188 KB | year=2023 (2020-2023) | fields=16
23:46:50 [INFO]   Both quotas filled — moving to next authority
23:46:50 [INFO] 
[Åklagarmyndigheten] Done. Pre-NIS2: 50/50  NIS2-prep: 50/50
23:46:50 [INFO] 
============================================================
Authority : Försvarsmakten
Tier      : 1
Quota left: 2020-2023=50  2024-2025=50
============================================================
23:47:01 [INFO]   → Found 4 PDFs on https://www.forsvarsmakten.se/regler-och-tillstand/upphandlingar/
23:47:06 [INFO]     [OK] 4050410d… |   176 KB | year=2025 (2024-2025) | fields=16
23:47:11 [INFO]     [OK] 1a0205a1… |   172 KB | year=2025 (2024-2025) | fields=16
23:47:16 [INFO]     [OK] 26722134… |   177 KB | year=2025 (2024-2025) | fields=16
23:47:20 [INFO]     [OK] cacfd94d… |   173 KB | year=2025 (2024-2025) | fields=16
23:47:29 [INFO]   → Found 1 PDFs on https://www.forsvarsmakten.se/regler-och-tillstand/tilstand-och-allmanna-handlingar/tillstand-for-flygningar/
23:47:33 [INFO]   → Found 1 PDFs on https://www.forsvarsmakten.se/regler-och-tillstand/tilstand-och-allmanna-handlingar/tillstand-for-sjomatningar/
23:47:36 [INFO]     [OK] 4a875d62… |    37 KB | year=2025 (2024-2025) | fields=5
23:47:40 [INFO]   → Found 1 PDFs on https://www.forsvarsmakten.se/regler-och-tillstand/tilstand-och-allmanna-handlingar/diplomatiska-tillstand/
23:47:44 [INFO]     [OK] d28c6114… |    81 KB | year=2026 (post-2026) | fields=68
23:48:46 [INFO]   → Found 1 PDFs on https://www.forsvarsmakten.se/regler-och-tillstand/privatpersoner/rad-till-dig-med-bat/
23:48:49 [INFO]     [OK] 0180b758… |  3379 KB | year=2026 (post-2026) | fields=29
23:49:00 [INFO]   → Found 1 PDFs on https://www.forsvarsmakten.se/regler-och-tillstand/privatpersoner/sa-soker-du-militara-dykarcertifikat/
23:49:04 [INFO]     [OK] 4ca9439a… |   219 KB | year=2023 (2020-2023) | fields=18
23:49:08 [INFO]   → Found 1 PDFs on https://www.forsvarsmakten.se/regler-och-tillstand/privatpersoner/behandling-av-personuppgifter/
23:49:12 [INFO]     [OK] 72c61c6c… |    36 KB | year=2025 (2024-2025) | fields=68
23:51:13 [INFO]   → Found 2 PDFs on https://www.forsvarsmakten.se/aktuellt/forsvarets-forum/
23:51:17 [INFO]     [OK] 6227ac9d… |  6396 KB | year=2026 (post-2026) | fields=17
23:51:23 [INFO]     [OK] d43a43eb… |  5276 KB | year=2025 (2024-2025) | fields=17
23:52:56 [INFO]   → Found 2 PDFs on https://www.forsvarsmakten.se/en/rules-and-permits/procurements/
23:53:00 [INFO]     [OK] 2001bce3… |   207 KB | year=2026 (post-2026) | fields=16
23:53:03 [INFO]     [OK] f94f26fe… |   209 KB | year=2026 (post-2026) | fields=16
23:54:27 [INFO]   → Found 1 PDFs on https://www.forsvarsmakten.se/aktuellt/ovningar/cold-response-2026/
23:54:31 [INFO]     [OK] dc931f3f… |   141 KB | year=2026 (post-2026) | fields=14
23:55:41 [INFO]   → Found 1 PDFs on https://www.forsvarsmakten.se/aktuellt/kampanjer/blirojdykare/
23:55:46 [INFO]     [OK] 7cace7be… |    86 KB | year=2025 (2024-2025) | fields=12
23:59:16 [INFO]   → Found 4 PDFs on https://www.forsvarsmakten.se/en/about-the-swedish-armed-forces/organisation/centres/swedint/
23:59:19 [INFO]     [OK] 5b501fcb… |   579 KB | year=2025 (2024-2025) | fields=13
23:59:23 [INFO]     [OK] d610f15a… |    56 KB | year=2025 (2024-2025) | fields=11
23:59:28 [INFO]     [OK] d44376d2… |    70 KB | year=2025 (2024-2025) | fields=12
23:59:33 [INFO]     [OK] 1c83ba0d… |     4 KB | year=2025 (2024-2025) | fields=12
23:59:38 [INFO]   → Found 12 PDFs on https://www.forsvarsmakten.se/en/about-the-swedish-armed-forces/organisation/centres/ncgm/
23:59:42 [INFO]     [OK] a763221b… |   513 KB | year=2026 (post-2026) | fields=18
23:59:45 [INFO]     [OK] b520dc50… |  1689 KB | year=2026 (post-2026) | fields=5
23:59:51 [INFO]     [OK] fa1f003a… |  2034 KB | year=2026 (post-2026) | fields=14
23:59:54 [INFO]     [OK] 4f607811… |  6787 KB | year=2026 (post-2026) | fields=53
23:59:59 [INFO]     [OK] bd4579a5… |  2766 KB | year=2024 (2024-2025) | fields=5
00:00:04 [INFO]     [OK] d16f4034… |  3464 KB | year=2026 (post-2026) | fields=5
00:00:09 [INFO]     [OK] cdb08a5c… |  3842 KB | year=2026 (post-2026) | fields=16
00:00:13 [INFO]     [OK] 9c86163f… |   415 KB | year=2026 (post-2026) | fields=5
00:00:18 [INFO]     [OK] f625a0b0… |  3806 KB | year=2026 (post-2026) | fields=30
00:00:21 [INFO]     [OK] c4554bed… |  2900 KB | year=2026 (post-2026) | fields=30
00:05:47 [INFO]   → Found 13 PDFs on https://www.forsvarsmakten.se/om-forsvarsmakten/organisation/gemensamma/must/
00:05:52 [INFO]     [OK] 41672c10… |    76 KB | year=2023 (2020-2023) | fields=14
00:05:56 [INFO]     [OK] b838f11f… |  1312 KB | year=2025 (2024-2025) | fields=29
00:06:01 [INFO]     [OK] 883a3f33… |  2290 KB | year=2025 (2024-2025) | fields=30
00:06:05 [INFO]     [OK] 62147a51… |  2267 KB | year=2026 (post-2026) | fields=29
00:06:08 [INFO]     [OK] 39b31fcd… |   401 KB | year=2026 (post-2026) | fields=5
00:06:13 [INFO]     [OK] 88f0d870… |  4205 KB | year=2021 (2020-2023) | fields=21
00:06:18 [INFO]     [OK] 4719df6d… |  5108 KB | year=2026 (post-2026) | fields=27
00:06:23 [INFO]     [OK] dd437143… |    75 KB | year=2023 (2020-2023) | fields=14
00:06:28 [INFO]     [OK] e0073b98… |  6127 KB | year=2026 (post-2026) | fields=29
00:06:31 [INFO]     [OK] 46660df8… |   785 KB | year=2026 (post-2026) | fields=10
00:06:31 [INFO]   [CAP] Reached 10-file limit for this page. Moving to other pages.
00:07:21 [INFO]   → Found 1 PDFs on https://www.forsvarsmakten.se/varnplikt-och-karriar/jobba-i-forsvarsmakten/officersyrket/officersprogrammet/
00:07:24 [INFO]     [OK] b3536fb7… |  1895 KB | year=2026 (post-2026) | fields=17
00:10:04 [INFO]   → Found 5 PDFs on https://www.forsvarsmakten.se/om-forsvarsmakten/myndighetsinformation/varderingar-och-vision/jamstalldhet-och-jamlikhet/
00:10:09 [INFO]     [OK] ae6443d9… |   922 KB | year=2026 (post-2026) | fields=16
00:10:12 [INFO]     [OK] e2d62f35… |    99 KB | year=2026 (post-2026) | fields=21
00:10:16 [INFO]   → Found 4 PDFs on https://www.forsvarsmakten.se/om-forsvarsmakten/myndighetsinformation/varderingar-och-vision/jamstalldhet-och-jamlikhet/styrdokument/
00:10:20 [INFO]     [OK] 72a489b2… |   823 KB | year=2020 (2020-2023) | fields=18
00:10:25 [INFO]     [OK] 265fb88d… |   657 KB | year=2022 (2020-2023) | fields=19
00:10:30 [INFO]     [OK] 72a489b2… |   823 KB | year=2020 (2020-2023) | fields=18
00:10:34 [INFO]     [OK] 265fb88d… |   657 KB | year=2022 (2020-2023) | fields=19
00:12:28 [INFO]   → Found 4 PDFs on http://www.forsvarsmakten.se/regler-och-tillstand/upphandlingar/
00:12:32 [INFO]     [OK] 4050410d… |   176 KB | year=2025 (2024-2025) | fields=16
00:12:36 [INFO]     [OK] 1a0205a1… |   172 KB | year=2025 (2024-2025) | fields=16
00:12:39 [INFO]     [OK] 26722134… |   177 KB | year=2025 (2024-2025) | fields=16
00:12:45 [INFO]     [OK] cacfd94d… |   173 KB | year=2025 (2024-2025) | fields=16
00:14:35 [INFO]   → Found 1 PDFs on https://www.forsvarsmakten.se/en/about-the-swedish-armed-forces/organisation/centres/swedint/courses-at-swedint/jsc/
00:14:40 [INFO]     [OK] 6845b9f1… |   159 KB | year=2026 (post-2026) | fields=5
00:15:38 [INFO]   → Found 1 PDFs on https://www.forsvarsmakten.se/en/about-the-swedish-armed-forces/organisation/centres/ncgm/courses-at-ncgm/nato-gender-advisor-course/
00:15:42 [INFO]     [OK] bbbbe0af… |   288 KB | year=2026 (post-2026) | fields=17
00:20:45 [INFO]   → Found 18 PDFs on https://www.forsvarsmakten.se/varnplikt-och-karriar/jobba-i-forsvarsmakten/officersyrket/utbildningsplaner---aktuell/
00:20:49 [INFO]     [OK] 8114f5cb… |   379 KB | year=2025 (2024-2025) | fields=13
00:20:54 [INFO]     [OK] 4549dbc7… |   572 KB | year=2025 (2024-2025) | fields=13
00:20:59 [INFO]     [OK] 86434042… |   673 KB | year=2025 (2024-2025) | fields=13
00:21:02 [INFO]     [OK] f3d76bc5… |   606 KB | year=2025 (2024-2025) | fields=13
00:21:07 [INFO]     [OK] 4d2ade0c… |   603 KB | year=2025 (2024-2025) | fields=13
00:21:11 [INFO]     [OK] 1403638f… |   372 KB | year=2025 (2024-2025) | fields=13
00:21:16 [INFO]     [OK] bf931723… |   979 KB | year=2025 (2024-2025) | fields=13
00:21:20 [INFO]     [OK] 72a04657… |   365 KB | year=2025 (2024-2025) | fields=13
00:21:23 [INFO]     [OK] e4bbfd34… |   646 KB | year=2025 (2024-2025) | fields=13
00:21:27 [INFO]     [OK] 42c67d8f… |   634 KB | year=2025 (2024-2025) | fields=13
00:21:27 [INFO]   [CAP] Reached 10-file limit for this page. Moving to other pages.
00:23:13 [WARNING]   [HTTP error] https://www.forsvarsmakten.se/om-forsvarsmakten/organisation/centrum/ncgm/: 404 Client Error: Not Found for url: https://www.forsvarsmakten.se/om-forsvarsmakten/organisation/centrum/ncgm/
00:26:02 [INFO]   [CAP] Reached 500 page limit for authority. Moving on.
00:26:02 [INFO] 
[Försvarsmakten] Done. Pre-NIS2: 8/50  NIS2-prep: 29/50
00:26:02 [INFO] 
============================================================
Authority : Försvarets radioanstalt
Tier      : 1
Quota left: 2020-2023=50  2024-2025=50
============================================================
00:26:02 [INFO] 
[Försvarets radioanstalt] Done. Pre-NIS2: 0/50  NIS2-prep: 0/50
00:26:02 [INFO] 
============================================================
Authority : Tullverket
Tier      : 1
Quota left: 2020-2023=50  2024-2025=50
============================================================
00:26:10 [INFO]   → Found 22 PDFs on https://www.tullverket.se/foretag/ansokochdeklarera/blanketter.4.792224361590183a4d318b8.html
00:26:19 [INFO]     [OK] 7971305d… |   171 KB | year=2024 (2024-2025) | fields=10
00:26:22 [INFO]     [OK] 698c5a28… |    92 KB | year=2020 (2020-2023) | fields=16
00:26:26 [INFO]     [OK] b3efd63c… |   490 KB | year=2021 (2020-2023) | fields=32
00:26:30 [INFO]     [OK] 3dfbd415… |   210 KB | year=2021 (2020-2023) | fields=10
00:26:35 [INFO]     [OK] 4fda444c… |    86 KB | year=2022 (2020-2023) | fields=11
00:26:40 [INFO]     [OK] 9fe8d2bb… |   143 KB | year=2024 (2024-2025) | fields=11
00:26:45 [INFO]     [OK] bc655efb… |    21 KB | year=2022 (2020-2023) | fields=12
00:26:49 [INFO]     [OK] f675cbf7… |   126 KB | year=2022 (2020-2023) | fields=18
00:26:54 [INFO]     [OK] 2510243f… |   146 KB | year=2024 (2024-2025) | fields=12
00:26:59 [INFO]     [OK] 3157a86c… |   161 KB | year=2024 (2024-2025) | fields=11
00:26:59 [INFO]   [CAP] Reached 10-file limit for this page. Moving to other pages.
00:27:08 [INFO]   → Found 38 PDFs on https://www.tullverket.se/omoss/dethargortullverket/verksamhetochorganisation/lagarochforeskrifter/sokitullverketsstyrdokument.4.7df61c5915510cfe9e7f3c1.html
00:27:12 [INFO]     [OK] 32737793… |   121 KB | year=2026 (post-2026) | fields=19
00:27:16 [INFO]     [OK] 46cfd532… |   120 KB | year=2026 (post-2026) | fields=19
00:27:21 [INFO]     [OK] 826d4c2d… |   217 KB | year=2026 (post-2026) | fields=19
00:27:24 [INFO]     [OK] 92f3134e… |   613 KB | year=2026 (post-2026) | fields=19
00:27:29 [INFO]     [OK] b9b75c0d… |   138 KB | year=2025 (2024-2025) | fields=22
00:27:34 [INFO]     [OK] b97c75df… |   120 KB | year=2025 (2024-2025) | fields=19
00:27:38 [INFO]     [OK] f6887696… |   124 KB | year=2025 (2024-2025) | fields=19
00:27:43 [INFO]     [OK] 92f3134e… |   613 KB | year=2026 (post-2026) | fields=19
00:27:47 [INFO]     [OK] 14cde3c6… |   125 KB | year=2024 (2024-2025) | fields=19
00:27:52 [INFO]     [OK] 92f3134e… |   613 KB | year=2026 (post-2026) | fields=19
00:27:52 [INFO]   [CAP] Reached 10-file limit for this page. Moving to other pages.
00:28:01 [INFO]   → Found 1 PDFs on https://www.tullverket.se/omoss/dethargortullverket/verksamhetochorganisation/lagarochforeskrifter/allmannahandlingar.4.7df61c5915510cfe9e7f41b.html
00:28:06 [INFO]     [OK] 3e3bc990… |   517 KB | year=2023 (2020-2023) | fields=35
00:29:32 [INFO]   → Found 11 PDFs on https://www.tullverket.se/foretag/ansokochdeklarera/blanketter.4.792224361590183a4d318b8.html?letter=A
00:29:36 [INFO]     [OK] 7e43574c… |   164 KB | year=2023 (2020-2023) | fields=10
00:29:40 [INFO]     [OK] 7d8926a5… |   572 KB | year=2025 (2024-2025) | fields=8
00:29:44 [INFO]     [OK] 404bdd2f… |   153 KB | year=2025 (2024-2025) | fields=12
00:29:48 [INFO]     [OK] 3d81d9ee… |   152 KB | year=2025 (2024-2025) | fields=12
00:29:52 [INFO]     [OK] e741585e… |   323 KB | year=2026 (post-2026) | fields=16
00:29:56 [INFO]     [OK] dc7867fa… |   266 KB | year=2025 (2024-2025) | fields=13
00:30:01 [INFO]     [OK] eb59d343… |   490 KB | year=2024 (2024-2025) | fields=22
00:30:05 [INFO]     [OK] acca8d8d… |   268 KB | year=2024 (2024-2025) | fields=20
00:30:08 [INFO]     [OK] fcc01edd… |   350 KB | year=2026 (post-2026) | fields=20
00:30:11 [INFO]     [OK] d1acb2ef… |   154 KB | year=2024 (2024-2025) | fields=12
00:30:11 [INFO]   [CAP] Reached 10-file limit for this page. Moving to other pages.
00:30:16 [INFO]   → Found 10 PDFs on https://www.tullverket.se/foretag/ansokochdeklarera/blanketter.4.792224361590183a4d318b8.html?letter=B
00:30:21 [INFO]     [OK] d819fa6a… |   156 KB | year=2025 (2024-2025) | fields=11
00:30:26 [INFO]     [OK] 32ac7d91… |   826 KB | year=2024 (2024-2025) | fields=23
00:30:30 [INFO]     [OK] 9386361f… |   118 KB | year=2022 (2020-2023) | fields=11
00:30:34 [INFO]     [OK] 0a348ef9… |   255 KB | year=2024 (2024-2025) | fields=11
00:30:39 [INFO]     [OK] d5ef1743… |   183 KB | year=2024 (2024-2025) | fields=13
00:30:44 [INFO]     [OK] 3d197f72… |   100 KB | year=2020 (2020-2023) | fields=16
00:30:52 [INFO]     [OK] 23e8e33c… |   290 KB | year=2025 (2024-2025) | fields=14
00:30:55 [INFO]     [OK] 431b577f… |   270 KB | year=2025 (2024-2025) | fields=14
00:30:59 [INFO]     [OK] a7ede7c1… |   270 KB | year=2025 (2024-2025) | fields=14
00:31:03 [INFO]   → Found 1 PDFs on https://www.tullverket.se/foretag/ansokochdeklarera/blanketter.4.792224361590183a4d318b8.html?letter=C
00:31:06 [INFO]     [OK] d62049e0… |   242 KB | year=2024 (2024-2025) | fields=18
00:31:10 [INFO]   → Found 2 PDFs on https://www.tullverket.se/foretag/ansokochdeklarera/blanketter.4.792224361590183a4d318b8.html?letter=D
00:31:15 [INFO]     [OK] 57ebb4c6… |    91 KB | year=2020 (2020-2023) | fields=11
00:31:20 [INFO]     [OK] 1eeabd02… |   233 KB | year=2021 (2020-2023) | fields=32
00:31:25 [INFO]   → Found 5 PDFs on https://www.tullverket.se/foretag/ansokochdeklarera/blanketter.4.792224361590183a4d318b8.html?letter=E
00:31:29 [INFO]     [OK] 45625389… |   225 KB | year=2022 (2020-2023) | fields=63
00:31:52 [INFO]   → Found 12 PDFs on https://www.tullverket.se/foretag/ansokochdeklarera/blanketter.4.792224361590183a4d318b8.html?letter=F
00:31:56 [INFO]     [OK] 09a9d4c0… |   173 KB | year=2020 (2020-2023) | fields=10
00:32:00 [INFO]     [OK] b2a754e2… |   100 KB | year=2020 (2020-2023) | fields=18
00:32:05 [INFO]     [OK] e2a75a81… |   288 KB | year=2026 (post-2026) | fields=16
00:32:10 [INFO]     [OK] 26e37cf4… |   331 KB | year=2026 (post-2026) | fields=16
00:32:14 [INFO]     [OK] 0639dd38… |   338 KB | year=2026 (post-2026) | fields=15
00:32:18 [INFO]     [OK] 35a19b83… |   160 KB | year=2024 (2024-2025) | fields=11
00:32:24 [INFO]     [OK] 64ddec2a… |   205 KB | year=2025 (2024-2025) | fields=10
00:32:28 [INFO]     [OK] 2a692722… |   222 KB | year=2023 (2020-2023) | fields=11
00:32:32 [INFO]     [OK] 306a364f… |   159 KB | year=2024 (2024-2025) | fields=22
00:32:45 [INFO]     [OK] a2c0f7e5… |   104 KB | year=2020 (2020-2023) | fields=16
00:32:57 [INFO]   → Found 3 PDFs on https://www.tullverket.se/foretag/ansokochdeklarera/blanketter.4.792224361590183a4d318b8.html?letter=I
00:33:02 [INFO]     [OK] a023eaf0… |   271 KB | year=2023 (2020-2023) | fields=19
00:33:05 [INFO]     [OK] 007a2f61… |    26 KB | year=2020 (2020-2023) | fields=22
00:33:09 [INFO]     [OK] 79bae696… |   168 KB | year=2022 (2020-2023) | fields=22
00:33:23 [INFO]   → Found 2 PDFs on https://www.tullverket.se/foretag/ansokochdeklarera/blanketter.4.792224361590183a4d318b8.html?letter=L
00:33:28 [INFO]     [OK] 855be791… |   172 KB | year=2020 (2020-2023) | fields=15
00:33:33 [INFO]     [OK] ed1c3906… |    56 KB | year=2020 (2020-2023) | fields=16
00:33:36 [INFO]   → Found 1 PDFs on https://www.tullverket.se/foretag/ansokochdeklarera/blanketter.4.792224361590183a4d318b8.html?letter=M
00:33:41 [INFO]     [OK] bbe832d3… |   276 KB | year=2024 (2024-2025) | fields=13
00:33:46 [INFO]   → Found 3 PDFs on https://www.tullverket.se/foretag/ansokochdeklarera/blanketter.4.792224361590183a4d318b8.html?letter=N
00:33:51 [INFO]     [OK] 76f45e7b… |   446 KB | year=2024 (2024-2025) | fields=11
00:33:56 [INFO]     [OK] b0a09e93… |   568 KB | year=2024 (2024-2025) | fields=11
00:34:01 [INFO]     [OK] a141b9fa… |   386 KB | year=2024 (2024-2025) | fields=11
00:34:11 [INFO]   → Found 1 PDFs on https://www.tullverket.se/foretag/ansokochdeklarera/blanketter.4.792224361590183a4d318b8.html?letter=P
00:34:15 [INFO]     [OK] 1a98831e… |    54 KB | year=2020 (2020-2023) | fields=16
00:34:28 [INFO]   → Found 2 PDFs on https://www.tullverket.se/foretag/ansokochdeklarera/blanketter.4.792224361590183a4d318b8.html?letter=S
00:34:31 [INFO]     [OK] 93a16dc5… |   114 KB | year=2024 (2024-2025) | fields=9
00:34:40 [INFO]   → Found 5 PDFs on https://www.tullverket.se/foretag/ansokochdeklarera/blanketter.4.792224361590183a4d318b8.html?letter=T
00:34:43 [INFO]     [OK] 56cec334… |    37 KB | year=2020 (2020-2023) | fields=15
00:34:47 [INFO]     [OK] 4ab22b12… |   497 KB | year=2020 (2020-2023) | fields=25
00:34:50 [INFO]     [OK] 60440422… |   339 KB | year=2026 (post-2026) | fields=16
00:34:54 [INFO]     [OK] b54cb7d6… |   197 KB | year=2025 (2024-2025) | fields=24
00:34:58 [INFO]     [OK] 29861b09… |   238 KB | year=2025 (2024-2025) | fields=24
00:35:01 [INFO]   → Found 10 PDFs on https://www.tullverket.se/foretag/ansokochdeklarera/blanketter.4.792224361590183a4d318b8.html?letter=U
00:35:05 [INFO]     [OK] 1e2d393d… |   150 KB | year=2025 (2024-2025) | fields=11
00:35:09 [INFO]     [OK] 85d1a08e… |   133 KB | year=2025 (2024-2025) | fields=11
00:35:14 [INFO]     [OK] b0ad3c6a… |   155 KB | year=2024 (2024-2025) | fields=11
00:35:18 [INFO]     [OK] b8d08176… |   133 KB | year=2024 (2024-2025) | fields=11
00:35:23 [INFO]     [OK] 03d5682b… |   365 KB | year=2024 (2024-2025) | fields=22
00:35:27 [INFO]     [OK] 76e9f8dc… |    68 KB | year=2020 (2020-2023) | fields=16
00:35:32 [INFO]     [OK] eaec41c2… |   127 KB | year=2021 (2020-2023) | fields=26
00:35:37 [INFO]     [OK] fc49185e… |   241 KB | year=2025 (2024-2025) | fields=28
00:35:41 [INFO]     [OK] 524b4ccb… |   228 KB | year=2025 (2024-2025) | fields=14
00:35:45 [INFO]     [OK] 589e9e89… |   146 KB | year=2026 (post-2026) | fields=12
00:36:33 [INFO]   → Found 1 PDFs on https://www.tullverket.se/omoss/dethargortullverket/verksamhetochorganisation/lagarochforeskrifter/arbetsordning.4.7df61c5915510cfe9e7f3ee.html
00:36:38 [INFO]     [OK] b04a0ebc… |  1004 KB | year=2020 (2020-2023) | fields=21
00:36:43 [INFO]   → Found 11 PDFs on https://www.tullverket.se/omoss/dethargortullverket/verksamhetochorganisation/lagarochforeskrifter/rattsligastallningstaganden.4.7df61c5915510cfe9e7f3fb.html
00:36:47 [INFO]     [OK] 61483346… |   117 KB | year=2025 (2024-2025) | fields=38
00:36:51 [INFO]     [OK] 27b89157… |   197 KB | year=2024 (2024-2025) | fields=22
00:36:55 [INFO]     [OK] 88836dfb… |   214 KB | year=2024 (2024-2025) | fields=22
00:36:59 [INFO]     [OK] 033fa7c5… |   208 KB | year=2023 (2020-2023) | fields=17
00:37:03 [INFO]     [OK] e5bf776e… |   158 KB | year=2022 (2020-2023) | fields=9
00:37:08 [INFO]     [OK] b9214507… |   185 KB | year=2021 (2020-2023) | fields=22
00:37:13 [INFO]     [OK] bfbdb180… |   194 KB | year=2021 (2020-2023) | fields=9
00:37:16 [INFO]     [OK] 2b92b231… |   287 KB | year=2020 (2020-2023) | fields=19
00:37:20 [INFO]     [OK] 5a8a9cde… |   336 KB | year=2020 (2020-2023) | fields=22
00:37:46 [INFO]   → Found 1 PDFs on https://www.tullverket.se/foretag/internationellhandel/importeravaror/tullfriavaror/diversedokumentochartiklar.4.226de36015804b8cf35374c.html
00:37:52 [INFO]     [OK] 2c76d941… |  1405 KB | year=2026 (post-2026) | fields=20
00:38:21 [INFO]   → Found 17 PDFs on https://www.tullverket.se/foretag/internationellhandel/exporteravaror/frihandelvidexport/styrkandehandlingar/leverantorsdeklarationer.4.1ae34b17159018cf7a6583.html
00:38:32 [INFO]     [OK] b009c71b… |   132 KB | year=2024 (2024-2025) | fields=18
00:38:36 [INFO]     [OK] 18d3c614… |   164 KB | year=2024 (2024-2025) | fields=18
00:38:40 [INFO]     [OK] c411feff… |   174 KB | year=2024 (2024-2025) | fields=18
00:38:44 [INFO]     [OK] 82a4524b… |   176 KB | year=2024 (2024-2025) | fields=18
00:38:47 [INFO]     [OK] e35c6a06… |   385 KB | year=2022 (2020-2023) | fields=19
00:38:52 [INFO]     [OK] ecdb49f9… |  1071 KB | year=2022 (2020-2023) | fields=19
00:38:57 [INFO]     [OK] 7f369bdd… |   403 KB | year=2022 (2020-2023) | fields=19
00:39:01 [INFO]     [OK] c10f8b79… |   632 KB | year=2022 (2020-2023) | fields=19
00:43:42 [INFO]   → Found 1 PDFs on https://www.tullverket.se/omoss/dethargortullverket/verksamhetochorganisation/lagarochforeskrifter/forfattningaritullverket/importochexportforeskrifterforfattningsstod.4.792224361590183a4d3683.html
00:44:14 [INFO]   → Found 30 PDFs on https://www.tullverket.se/omoss/dethargortullverket/verksamhetochorganisation/lagarochforeskrifter/remissvar/remissvar2026.4.4776b304199f1ed58cc7250b.html
00:44:18 [INFO]     [OK] d31278da… |   724 KB | year=2026 (post-2026) | fields=14
00:44:21 [INFO]     [OK] e208e667… |    85 KB | year=2026 (post-2026) | fields=40
00:44:25 [INFO]     [OK] bc5229aa… |   177 KB | year=2025 (2024-2025) | fields=20
00:44:30 [INFO]     [OK] 90a07c84… |   252 KB | year=2026 (post-2026) | fields=18
00:44:34 [INFO]     [OK] 47df92aa… |   316 KB | year=2026 (post-2026) | fields=16
00:44:38 [INFO]     [OK] fc944e74… |   260 KB | year=2026 (post-2026) | fields=20
00:44:42 [INFO]     [OK] bfcb328b… |    93 KB | year=2026 (post-2026) | fields=39
00:44:46 [INFO]     [OK] 3dfab95d… |   275 KB | year=2026 (post-2026) | fields=18
00:44:50 [INFO]     [OK] 73d18515… |   253 KB | year=2026 (post-2026) | fields=18
00:44:54 [INFO]     [OK] b8d27909… |   277 KB | year=2026 (post-2026) | fields=21
00:44:54 [INFO]   [CAP] Reached 10-file limit for this page. Moving to other pages.
00:44:58 [INFO]   → Found 114 PDFs on https://www.tullverket.se/omoss/dethargortullverket/verksamhetochorganisation/lagarochforeskrifter/remissvar/remissvar2025.4.72334712192df55a6c067b79.html
00:45:02 [INFO]     [OK] 7c667b32… |    96 KB | year=2025 (2024-2025) | fields=40
00:45:07 [INFO]     [OK] 36240bd8… |   227 KB | year=2025 (2024-2025) | fields=19
00:45:17 [INFO]   → Found 68 PDFs on https://www.tullverket.se/omoss/dethargortullverket/verksamhetochorganisation/lagarochforeskrifter/remissvar/remissvar2024.4.586d06b518b6116f985ac50.html
00:45:21 [INFO]     [OK] ccabb1d6… |   339 KB | year=2023 (2020-2023) | fields=19
00:45:24 [INFO]     [OK] 6c8fbc72… |   182 KB | year=2023 (2020-2023) | fields=14
00:45:27 [INFO]     [OK] 67096c06… |   179 KB | year=2023 (2020-2023) | fields=19
00:45:32 [INFO]     [OK] 1cae4010… |   145 KB | year=2023 (2020-2023) | fields=35
00:45:37 [INFO]     [OK] a5264774… |   193 KB | year=2023 (2020-2023) | fields=22
00:45:41 [INFO]     [OK] 2eddf791… |   289 KB | year=2023 (2020-2023) | fields=35
00:45:45 [INFO]     [OK] 9ec01bc1… |   189 KB | year=2023 (2020-2023) | fields=22
00:45:49 [INFO]     [OK] c2c8ae24… |   182 KB | year=2023 (2020-2023) | fields=22
00:45:53 [INFO]     [OK] a4c735f6… |   208 KB | year=2023 (2020-2023) | fields=35
00:45:58 [INFO]   → Found 59 PDFs on https://www.tullverket.se/omoss/dethargortullverket/verksamhetochorganisation/lagarochforeskrifter/remissvar/remissvar2023.4.21f3dd0d183a9e9ca64310d.html
00:46:02 [INFO]     [OK] 83a6749d… |   199 KB | year=2023 (2020-2023) | fields=22
00:46:06 [INFO]     [OK] e72e94c3… |   175 KB | year=2023 (2020-2023) | fields=22
00:46:10 [INFO]     [OK] 968475c9… |   229 KB | year=2023 (2020-2023) | fields=22
00:46:10 [INFO]   Both quotas filled — moving to next authority
00:46:10 [INFO] 
[Tullverket] Done. Pre-NIS2: 50/50  NIS2-prep: 50/50
00:46:10 [INFO] 
============================================================
Authority : Myndigheten för samhällsskydd och beredskap
Tier      : 1
Quota left: 2020-2023=50  2024-2025=50
============================================================
00:46:19 [INFO]   → Found 2 PDFs on https://www.msb.se/sv/om-oss/forskning/guider-och-mallar/dokument-och-rapportering/
00:46:22 [INFO]     [OK] 6436fa0f… |   191 KB | year=2025 (2024-2025) | fields=16
00:46:27 [INFO]     [OK] 6436fa0f… |   191 KB | year=2025 (2024-2025) | fields=16
00:46:31 [INFO]   → Found 121 PDFs on https://www.msb.se/sv/amnesomraden/beredskap-for-kris-och-krig/befolkningsskydd/skyddsrum-och-andra-skyddade-platser/kunskapsdokument/
00:46:35 [INFO]     [OK] d67a5df3… |   990 KB | year=2025 (2024-2025) | fields=10
00:46:38 [INFO]     [OK] 07fd0c49… |  1525 KB | year=2025 (2024-2025) | fields=16
00:46:44 [INFO]     [OK] fa3e10e0… |  2736 KB | year=2025 (2024-2025) | fields=23
00:47:36 [INFO]     [OK] 65211fe2… |  1979 KB | year=2024 (2024-2025) | fields=18
00:48:01 [INFO]     [OK] e0f2425e… |  3447 KB | year=2024 (2024-2025) | fields=19
00:48:05 [INFO]     [OK] c1a28e82… |   101 KB | year=2021 (2020-2023) | fields=16
00:48:09 [INFO]     [OK] ff488a4f… |   374 KB | year=2025 (2024-2025) | fields=16
00:48:14 [INFO]     [OK] 8937989a… |   407 KB | year=2025 (2024-2025) | fields=16
00:48:18 [INFO]     [OK] fd5eabfa… |   424 KB | year=2024 (2024-2025) | fields=18
00:48:22 [INFO]     [OK] 78fb753a… |   420 KB | year=2024 (2024-2025) | fields=18
00:48:22 [INFO]   [CAP] Reached 10-file limit for this page. Moving to other pages.
00:48:32 [INFO]   → Found 5 PDFs on https://www.msb.se/sv/amnesomraden/skydd-mot-olyckor-och-farliga-amnen/naturolyckor-och-klimat/statsbidrag-vid-naturolyckor/fakta-och-statistik/
00:48:35 [INFO]     [OK] 9aecc555… |   445 KB | year=2025 (2024-2025) | fields=10
00:48:40 [INFO]     [OK] 5c0409e4… |   438 KB | year=2024 (2024-2025) | fields=10
00:48:44 [INFO]     [OK] 414ecada… |   127 KB | year=2023 (2020-2023) | fields=19
00:48:53 [INFO]   → Found 2 PDFs on https://www.msb.se/sv/amnesomraden/skydd-mot-olyckor-och-farliga-amnen/cbrne-och-karnenergiberedskap/cbrne/rapporter-och-publikationer-om-cbrne/
00:49:48 [INFO]   → Found 2 PDFs on https://www.msb.se/sv/om-oss/forskning/utlysningar/tidigare-utlysningar/kunskapsoversikter-inom-omradet-samhallsskydd-och-beredskap/
00:49:53 [INFO]     [OK] f38681b5… |   589 KB | year=2023 (2020-2023) | fields=13
00:49:58 [INFO]     [OK] 589aeaf7… |   483 KB | year=2023 (2020-2023) | fields=12
00:50:02 [INFO]   → Found 7 PDFs on https://www.msb.se/sv/om-oss/forskning/utlysningar/tidigare-utlysningar/kunskapsoversikter/
00:50:02 [INFO]     [robots.txt] Blocked PDF: https://rib.msb.se/filer/pdf/28302.pdf
00:50:02 [INFO]     [robots.txt] Blocked PDF: https://rib.msb.se/filer/pdf/28057.pdf
00:50:02 [INFO]     [robots.txt] Blocked PDF: https://rib.msb.se/filer/pdf/29643.pdf
00:50:02 [INFO]     [robots.txt] Blocked PDF: https://rib.msb.se/filer/pdf/29638.pdf
00:50:02 [INFO]     [robots.txt] Blocked PDF: https://rib.msb.se/filer/pdf/29891.pdf
00:50:02 [INFO]     [robots.txt] Blocked PDF: https://rib.msb.se/filer/pdf/30333.pdf
00:50:02 [INFO]     [robots.txt] Blocked PDF: https://rib.msb.se/filer/pdf/30340.pdf
00:50:11 [INFO]   → Found 1 PDFs on https://www.msb.se/sv/publikationer/oversvamning--faktablad-med-information-till-fastighetsagare/
00:50:11 [INFO]     [robots.txt] Blocked PDF: https://rib.msb.se/filer/pdf/30204.pdf
00:50:15 [INFO]   → Found 1 PDFs on https://www.msb.se/sv/publikationer/det-svenska-arbetet-inom-cbrnefarliga-amnen--arsrapport-2020/
00:50:15 [INFO]     [robots.txt] Blocked PDF: https://rib.msb.se/filer/pdf/29760.pdf
00:50:20 [INFO]   → Found 1 PDFs on https://www.msb.se/sv/publikationer/det-svenska-arbetet-inom-cbrnefarliga-amnen--arsrapport-2019/
00:50:20 [INFO]     [robots.txt] Blocked PDF: https://rib.msb.se/filer/pdf/29129.pdf
00:50:24 [INFO]   → Found 1 PDFs on https://www.msb.se/sv/publikationer/investering-i-kunskap-for-ett-sakrare-samhalle--msbs-strategi-for-forskning-och-utveckling2/
00:50:24 [INFO]     [robots.txt] Blocked PDF: https://rib.msb.se/filer/pdf/30656.pdf
00:50:47 [INFO]   → Found 10 PDFs on https://www.msb.se/sv/publikationer/
00:50:47 [INFO]     [robots.txt] Blocked PDF: https://rib.msb.se/filer/pdf/31179.pdf
00:50:47 [INFO]     [robots.txt] Blocked PDF: https://rib.msb.se/filer/pdf/31207.pdf
00:50:47 [INFO]     [robots.txt] Blocked PDF: https://rib.msb.se/filer/pdf/31208.pdf
00:50:47 [INFO]     [robots.txt] Blocked PDF: https://rib.msb.se/filer/pdf/31242.pdf
00:50:47 [INFO]     [robots.txt] Blocked PDF: https://rib.msb.se/filer/pdf/31243.pdf
00:50:47 [INFO]     [robots.txt] Blocked PDF: https://rib.msb.se/filer/pdf/31244.pdf
00:50:47 [INFO]     [robots.txt] Blocked PDF: https://rib.msb.se/filer/pdf/31246.pdf
00:50:47 [INFO]     [robots.txt] Blocked PDF: https://rib.msb.se/filer/pdf/31254.pdf
00:50:47 [INFO]     [robots.txt] Blocked PDF: https://rib.msb.se/filer/pdf/31257.pdf
00:50:47 [INFO]     [robots.txt] Blocked PDF: https://rib.msb.se/filer/pdf/31267.pdf
00:51:03 [INFO]   → Found 1 PDFs on https://www.msb.se/sv/amnesomraden/informationssakerhet-och-cybersakerhet/hantera-och-rapportera-it-incidenter-och-cyberangrepp/rapportera-it-incident/statlig-myndighet---rapportera-it-incident/
00:51:08 [INFO]     [OK] 7b6cd4ff… |   251 KB | year=2024 (2024-2025) | fields=39
00:51:13 [INFO]   → Found 4 PDFs on https://www.msb.se/sv/amnesomraden/informationssakerhet-och-cybersakerhet/hantera-och-rapportera-it-incidenter-och-cyberangrepp/rapportera-it-incident/nis-levarantorer---rapportera-it-incident/
00:51:17 [INFO]     [OK] 0210fadb… |   623 KB | year=2024 (2024-2025) | fields=39
00:51:21 [INFO]     [OK] a5446100… |   359 KB | year=2024 (2024-2025) | fields=12
00:51:25 [INFO]     [OK] 7200518c… |   345 KB | year=2024 (2024-2025) | fields=39
00:51:32 [INFO]   → Found 1 PDFs on https://www.msb.se/sv/publikationer/vagledning-om-rapportering-av-incidenter-for-leverantorer-av-digitala-tjanster-enligt-nis-regleringen/
00:51:32 [INFO]     [robots.txt] Blocked PDF: https://rib.msb.se/filer/pdf/28772.pdf
00:51:37 [INFO]   → Found 1 PDFs on https://www.msb.se/sv/publikationer/vagledning-om-rapportering-av-incidenter-for-leverantorer-av-samhallsviktiga-tjanster-enligt-nis-regleringen/
00:51:37 [INFO]     [robots.txt] Blocked PDF: https://rib.msb.se/filer/pdf/28773.pdf
00:51:45 [INFO]   → Found 2 PDFs on https://www.msb.se/sv/amnesomraden/informationssakerhet-och-cybersakerhet/hantera-och-rapportera-it-incidenter-och-cyberangrepp/rapportera-it-incident/rapportera-en-betydande-incident-enligt-cybersakerhetslagen-nis2/
00:51:49 [INFO]     [OK] 2769e1e1… |   330 KB | year=2026 (post-2026) | fields=36
00:51:53 [INFO]     [OK] 652650be… |   208 KB | year=2026 (post-2026) | fields=36
00:52:09 [INFO]   → Found 1 PDFs on https://www.msb.se/sv/publikationer/cyberangreppens-utveckling-20232025--arsrapport-cyberincidentrapportering-2025/
00:52:09 [INFO]     [robots.txt] Blocked PDF: https://rib.msb.se/filer/pdf/31323.pdf
00:52:14 [INFO]   → Found 1 PDFs on https://www.msb.se/sv/publikationer/verktyg-for-okad-motstandskraft-och-starkt-civilt-forsvar--arsrapport-it-incidentrapportering-2024/
00:52:14 [INFO]     [robots.txt] Blocked PDF: https://rib.msb.se/filer/pdf/31004.pdf
00:52:19 [INFO]   → Found 1 PDFs on https://www.msb.se/sv/publikationer/eu-forandrar-cybersakerhetsomradet--arsrapport-it-incidentrapportering-2023/
00:52:19 [INFO]     [robots.txt] Blocked PDF: https://rib.msb.se/filer/pdf/30618.pdf
00:52:22 [INFO]   → Found 1 PDFs on https://www.msb.se/sv/publikationer/nar-kriget-kom-nara--arsrapport-it-incidentrapportering-2022/
00:52:22 [INFO]     [robots.txt] Blocked PDF: https://rib.msb.se/filer/pdf/30339.pdf
00:52:26 [INFO]   → Found 1 PDFs on https://www.msb.se/sv/publikationer/en-inblick-i-sveriges-cybersakerhet--arsrapport-it-incidentrapportering-2021/
00:52:26 [INFO]     [robots.txt] Blocked PDF: https://rib.msb.se/filer/pdf/29894.pdf
00:52:31 [INFO]   → Found 1 PDFs on https://www.msb.se/sv/publikationer/it-incidenter-som-paverkar-samhallsviktiga-och-digitala-tjanster--nis-leverantorers-it-incidentrapportering-2021-arsrapport/
00:52:31 [INFO]     [robots.txt] Blocked PDF: https://rib.msb.se/filer/pdf/29905.pdf
00:53:08 [INFO]   → Found 2 PDFs on https://www.msb.se/sv/regler/gallande-regler/foreskrifter-om-rapportering-av-it-incidenter-for-statliga-myndigheter-msbfs-20208/
00:53:13 [INFO]     [OK] 24e9daf6… |   149 KB | year=2020 (2020-2023) | fields=14
00:53:31 [INFO]   → Found 2 PDFs on https://www.msb.se/sv/publikationer/beredskap-for-foretag--om-krisen-eller-kriget-kommer/
00:53:31 [INFO]     [robots.txt] Blocked PDF: https://rib.msb.se/filer/pdf/31177.pdf
00:53:36 [INFO]     [OK] b955ea55… |  5571 KB | year=2026 (post-2026) | fields=34
00:53:59 [INFO]   → Found 6 PDFs on https://www.msb.se/sv/amnesomraden/skydd-mot-olyckor-och-farliga-amnen/brandfarligt-och-explosivt/olycksrapportering-brandfarliga-och-explosiva-varor/
00:53:59 [INFO]     [robots.txt] Blocked PDF: https://rib.msb.se/bib/Search/RenderDocument?url=media/25918.pdf
00:53:59 [INFO]     [robots.txt] Blocked PDF: https://rib.msb.se/Filer/pdf/28856.pdf
00:53:59 [INFO]     [robots.txt] Blocked PDF: https://rib.msb.se/Filer/pdf/28297.pdf
00:53:59 [INFO]     [robots.txt] Blocked PDF: https://rib.msb.se/Filer/pdf/27545.pdf
00:54:04 [INFO]     [robots.txt] Blocked PDF: https://rib.msb.se/filer/pdf/30087.pdf
00:54:07 [INFO]   → Found 1 PDFs on https://www.msb.se/sv/publikationer/sammanstallning-av-inrapporterade-olyckor-och-tillbud-enligt-lso-och-lbe-20192022/
00:54:07 [INFO]     [robots.txt] Blocked PDF: https://rib.msb.se/filer/pdf/30425.pdf
00:54:15 [INFO]   → Found 1 PDFs on https://www.msb.se/sv/amnesomraden/skydd-mot-olyckor-och-farliga-amnen/farligt-gods/reglering/om-lag-forordning-och-foreskrifter/
00:54:20 [INFO]     [OK] 40a584f8… |   309 KB | year=2026 (post-2026) | fields=19
00:54:24 [INFO]   → Found 1 PDFs on https://www.msb.se/sv/amnesomraden/skydd-mot-olyckor-och-farliga-amnen/farligt-gods/reglering/adr-s/
00:54:29 [INFO]     [OK] 790471cd… | 12357 KB | year=2025 (2024-2025) | fields=24
00:54:34 [INFO]   → Found 1 PDFs on https://www.msb.se/sv/amnesomraden/skydd-mot-olyckor-och-farliga-amnen/farligt-gods/reglering/rid-s/
00:54:39 [INFO]     [OK] cb280bdf… | 12681 KB | year=2025 (2024-2025) | fields=25
00:55:10 [INFO]   → Found 23 PDFs on https://www.msb.se/sv/amnesomraden/skydd-mot-olyckor-och-farliga-amnen/farligt-gods/reglering/internationellt-regelarbete/
00:55:14 [INFO]     [OK] 4d30836d… |   413 KB | year=2025 (2024-2025) | fields=21
00:55:19 [INFO]     [OK] 98f5e1ba… |   398 KB | year=2025 (2024-2025) | fields=21
00:55:23 [INFO]     [OK] f06b21a8… |   389 KB | year=2024 (2024-2025) | fields=21
00:55:26 [INFO]     [OK] 1777d75c… |   407 KB | year=2024 (2024-2025) | fields=21
00:55:31 [INFO]     [OK] 4a9ecef8… |   346 KB | year=2023 (2020-2023) | fields=21
00:55:35 [INFO]     [OK] b7f62d2b… |   309 KB | year=2023 (2020-2023) | fields=21
00:55:40 [INFO]     [OK] af3d4191… |   430 KB | year=2026 (post-2026) | fields=17
00:55:45 [INFO]     [OK] 2fcb1a4c… |   402 KB | year=2025 (2024-2025) | fields=17
00:55:50 [INFO]     [OK] b339a7c5… |   419 KB | year=2025 (2024-2025) | fields=17
00:55:54 [INFO]     [OK] 79a945cf… |   364 KB | year=2024 (2024-2025) | fields=25
00:55:54 [INFO]   [CAP] Reached 10-file limit for this page. Moving to other pages.
00:55:59 [INFO]   → Found 6 PDFs on https://www.msb.se/sv/amnesomraden/skydd-mot-olyckor-och-farliga-amnen/farligt-gods/olycksrapportering-farligt-gods/
00:56:04 [INFO]     [OK] 1e419077… |   300 KB | year=2025 (2024-2025) | fields=19
00:56:08 [INFO]     [OK] e38a4a7a… |   169 KB | year=2024 (2024-2025) | fields=19
00:56:11 [INFO]     [OK] f8b29116… |   147 KB | year=2023 (2020-2023) | fields=19
00:56:11 [INFO]     [robots.txt] Blocked PDF: https://rib.msb.se/filer/pdf/29481.pdf
00:56:11 [INFO]     [robots.txt] Blocked PDF: https://rib.msb.se/filer/pdf/27510.pdf
00:56:11 [INFO]     [robots.txt] Blocked PDF: https://rib.msb.se/filer/pdf/27545.pdf
00:56:23 [INFO]   → Found 1 PDFs on https://www.msb.se/sv/amnesomraden/skydd-mot-olyckor-och-farliga-amnen/farligt-gods/tunnlar-och-trafikregler/svenska-tunnlar/
00:56:27 [INFO]     [OK] 3a34a48b… |   521 KB | year=2025 (2024-2025) | fields=22
00:56:35 [INFO]   → Found 8 PDFs on https://www.msb.se/sv/amnesomraden/skydd-mot-olyckor-och-farliga-amnen/farligt-gods/publikationer-riktlinjer-och-studier/
00:56:35 [INFO]     [robots.txt] Blocked PDF: https://rib.msb.se/filer/pdf/31072.pdf
00:56:44 [INFO]     [OK] 2debad60… |   103 KB | year=2026 (post-2026) | fields=72
00:56:48 [INFO]     [OK] 360d9ac7… |   172 KB | year=2026 (post-2026) | fields=71
00:56:48 [INFO]     [robots.txt] Blocked PDF: https://rib.msb.se/filer/pdf/26579.pdf
00:56:48 [INFO]     [robots.txt] Blocked PDF: https://rib.msb.se/filer/pdf/24201.pdf
00:56:57 [INFO]     [OK] 9ce948b9… |   518 KB | year=2021 (2020-2023) | fields=13
00:57:06 [INFO]   → Found 1 PDFs on https://www.msb.se/sv/publikationer/inriktningsbeslut-ami-och-amb/
00:57:06 [INFO]     [robots.txt] Blocked PDF: https://rib.msb.se/filer/pdf/30676.pdf
00:57:10 [WARNING]   [HTTP error] https://www.msb.se/sv/amnesomraden/skydd-mot-olyckor-och-farliga-amnen/stod-till-kommunal-raddningstjanst/bemanning-och-rekrytering-i-raddningstjanst/inspiration-och-kunskapspaket-for-okad-jamstalldhet-och-mangfald/: 404 Client Error: Not Found for url: https://www.mcf.se/sv/amnesomraden/skydd-mot-olyckor-och-farliga-amnen/stod-till-kommunal-raddningstjanst/bemanning-och-rekrytering-i-raddningstjanst/strategi-for-personalforsorjning-av-deltidsbrandman/inspiration-och-kunskapspaket-for-okad-jamstalldhet-och-mangfald/
00:57:20 [INFO]   → Found 1 PDFs on https://www.msb.se/sv/amnesomraden/skydd-mot-olyckor-och-farliga-amnen/stod-till-kommunal-raddningstjanst/statistik-och-larande-fran-olyckor/statistik-raddningstjanstens-insatser/
00:57:23 [INFO]     [OK] 0c42b690… |   464 KB | year=2025 (2024-2025) | fields=21
00:57:32 [INFO]   → Found 2 PDFs on https://www.msb.se/sv/amnesomraden/skydd-mot-olyckor-och-farliga-amnen/stod-till-kommunal-raddningstjanst/statistik-och-larande-fran-olyckor/omkomna-i-brander/
00:57:35 [INFO]     [OK] f1847855… |   122 KB | year=2023 (2020-2023) | fields=23
00:57:40 [INFO]     [OK] b42542a0… |   359 KB | year=2026 (post-2026) | fields=19
00:57:49 [INFO]   → Found 16 PDFs on https://www.msb.se/sv/amnesomraden/skydd-mot-olyckor-och-farliga-amnen/stod-till-kommunal-raddningstjanst/statistik-och-larande-fran-olyckor/olycksutredning/
00:57:52 [INFO]     [OK] 90422b0b… |   345 KB | year=2026 (post-2026) | fields=17
00:57:56 [INFO]     [OK] 347b4b29… |   133 KB | year=2025 (2024-2025) | fields=20
00:58:01 [INFO]     [OK] 18f3fbf8… |   250 KB | year=2024 (2024-2025) | fields=20
00:58:01 [INFO]     [robots.txt] Blocked PDF: https://rib.msb.se/filer/pdf/31064.pdf
00:58:01 [INFO]     [robots.txt] Blocked PDF: https://rib.msb.se/Filer/pdf/31064.pdf
00:58:01 [INFO]     [robots.txt] Blocked PDF: https://rib.msb.se/Filer/pdf/20755.pdf
00:58:01 [INFO]     [robots.txt] Blocked PDF: https://rib.msb.se/Filer/pdf/20841.pdf
00:58:01 [INFO]     [robots.txt] Blocked PDF: https://rib.msb.se/Filer/pdf/24918.pdf
00:58:01 [INFO]     [robots.txt] Blocked PDF: https://rib.msb.se/Filer/pdf/26285.pdf
00:58:01 [INFO]     [robots.txt] Blocked PDF: https://rib.msb.se/Filer/pdf/25366.pdf
00:58:06 [INFO]     [robots.txt] Blocked PDF: https://rib.msb.se/Filer/pdf/28236.pdf
00:58:13 [INFO]     [robots.txt] Blocked PDF: https://rib.msb.se/Filer/pdf/28460.pdf
00:58:13 [INFO]     [robots.txt] Blocked PDF: https://rib.msb.se/Filer/pdf/28235.pdf
00:58:22 [INFO]   → Found 8 PDFs on https://www.msb.se/sv/amnesomraden/skydd-mot-olyckor-och-farliga-amnen/stod-till-kommunal-raddningstjanst/statistik-och-larande-fran-olyckor/undersokom-olyckor-brander-och-skador/
00:58:26 [INFO]     [OK] 910bf967… |  1104 KB | year=2025 (2024-2025) | fields=17
00:58:26 [INFO]     [robots.txt] Blocked PDF: https://rib.msb.se/Filer/pdf/30191.pdf
00:58:26 [INFO]     [robots.txt] Blocked PDF: https://rib.msb.se/Filer/pdf/30191.pdf
00:58:26 [INFO]     [robots.txt] Blocked PDF: https://rib.msb.se/filer/pdf/29563.pdf
00:58:26 [INFO]     [robots.txt] Blocked PDF: https://rib.msb.se/filer/pdf/28466.pdf
00:58:31 [INFO]     [OK] d7560ee2… |   192 KB | year=2025 (2024-2025) | fields=19
00:58:31 [INFO]     [robots.txt] Blocked PDF: https://rib.msb.se/Filer/pdf/27409.pdf
00:58:36 [INFO]     [OK] e9aa0db0… |   165 KB | year=2025 (2024-2025) | fields=13
00:58:51 [INFO]   → Found 5 PDFs on https://www.msb.se/sv/amnesomraden/skydd-mot-olyckor-och-farliga-amnen/farlig-verksamhet/seveso/for-vem-galler-reglerna/
00:58:54 [INFO]     [OK] 98166129… |   169 KB | year=2024 (2024-2025) | fields=10
00:58:59 [INFO]     [OK] c032c701… |    61 KB | year=2024 (2024-2025) | fields=45
00:59:04 [INFO]     [OK] ec8212d0… |   172 KB | year=2020 (2020-2023) | fields=11
00:59:08 [INFO]     [OK] 5b27e6ad… |    71 KB | year=2020 (2020-2023) | fields=18
00:59:13 [INFO]   → Found 13 PDFs on https://www.msb.se/sv/amnesomraden/skydd-mot-olyckor-och-farliga-amnen/farlig-verksamhet/seveso/samlade-publikationer-inom-sevesolagstiftningen/
00:59:13 [INFO]     [robots.txt] Blocked PDF: https://rib.msb.se/filer/pdf/27965.pdf
00:59:17 [INFO]     [robots.txt] Blocked PDF: https://rib.msb.se/filer/pdf/28220.pdf
00:59:17 [INFO]     [robots.txt] Blocked PDF: https://rib.msb.se/filer/pdf/30396.pdf
00:59:17 [INFO]     [robots.txt] Blocked PDF: https://rib.msb.se/filer/pdf/26494.pdf
00:59:17 [INFO]     [robots.txt] Blocked PDF: https://rib.msb.se/filer/pdf/28254.pdf
00:59:21 [INFO]     [robots.txt] Blocked PDF: https://rib.msb.se/filer/pdf/24714.pdf
00:59:21 [INFO]     [robots.txt] Blocked PDF: https://rib.msb.se/Filer/pdf/28908.pdf
00:59:21 [INFO]     [robots.txt] Blocked PDF: https://rib.msb.se/filer/pdf/28040.pdf
00:59:21 [INFO]     [robots.txt] Blocked PDF: https://rib.msb.se/filer/pdf/27560.pdf
00:59:21 [INFO]     [robots.txt] Blocked PDF: https://rib.msb.se/filer/pdf/27561.pdf
00:59:26 [INFO]   → Found 1 PDFs on https://www.msb.se/sv/publikationer/farliga-verksamheters-skyldighet-att-rapportera-intraffade-olyckor-och-tillbud/
00:59:26 [INFO]     [robots.txt] Blocked PDF: https://rib.msb.se/filer/pdf/30283.pdf
00:59:30 [INFO]   → Found 1 PDFs on https://www.msb.se/sv/publikationer/handelser-med-farliga-amnen-2017-2018--en-sammanstallning-av-inrapporterade-handelser-enligt-lso-och-lbe2/
00:59:30 [INFO]     [robots.txt] Blocked PDF: https://rib.msb.se/filer/pdf/28856.pdf
00:59:33 [INFO]   → Found 1 PDFs on https://www.msb.se/sv/amnesomraden/skydd-mot-olyckor-och-farliga-amnen/cbrne-och-karnenergiberedskap/karnenergiberedskap/styrande-dokument/
00:59:58 [INFO]   → Found 9 PDFs on https://www.msb.se/sv/amnesomraden/samhallsviktiga-kommunikationstjanster/rakel/kontakta-oss-om-rakel/blanketter-och-e-tjanst/
01:00:03 [INFO]     [OK] ebef1b0f… |    94 KB | year=2026 (post-2026) | fields=80
01:00:08 [INFO]     [OK] 17a84918… |   126 KB | year=2026 (post-2026) | fields=80
01:00:11 [INFO]     [OK] 6fe22f46… |    97 KB | year=2026 (post-2026) | fields=80
01:00:16 [INFO]     [OK] 0608e17b… |   122 KB | year=2025 (2024-2025) | fields=20
01:00:21 [INFO]     [OK] 7b95b367… |   119 KB | year=2025 (2024-2025) | fields=22
01:00:24 [INFO]     [OK] d153c341… |   160 KB | year=2025 (2024-2025) | fields=22
01:00:28 [INFO]     [OK] 4ca3759a… |   141 KB | year=2026 (post-2026) | fields=20
01:00:32 [INFO]     [OK] 75ddf5ee… |   118 KB | year=2026 (post-2026) | fields=20
01:00:37 [INFO]     [OK] c1b40f4b… |   147 KB | year=2025 (2024-2025) | fields=20
01:00:58 [INFO]   → Found 1 PDFs on https://www.msb.se/sv/publikationer/vagledning-i-rakel/
01:00:58 [INFO]     [robots.txt] Blocked PDF: https://rib.msb.se/filer/pdf/28980.pdf
01:01:08 [INFO]   → Found 13 PDFs on https://www.msb.se/sv/amnesomraden/samhallsviktiga-kommunikationstjanster/sgsi/anslut-till-sgsi/priser-villkor-och-blanketter/
01:01:12 [INFO]     [OK] d2d7169c… |   157 KB | year=2026 (post-2026) | fields=16
01:01:16 [INFO]     [OK] a1eb25f8… |   108 KB | year=2026 (post-2026) | fields=28
01:01:19 [INFO]     [OK] 71cf27fb… |   228 KB | year=2026 (post-2026) | fields=16
01:01:23 [INFO]     [OK] 142a1a6b… |   176 KB | year=2026 (post-2026) | fields=16
01:01:28 [INFO]     [OK] 746da10c… |   139 KB | year=2026 (post-2026) | fields=80
01:01:32 [INFO]     [OK] 71389584… |   137 KB | year=2026 (post-2026) | fields=80
01:01:37 [INFO]     [OK] 734619b4… |    95 KB | year=2026 (post-2026) | fields=80
01:01:41 [INFO]     [OK] d12b82a9… |   101 KB | year=2026 (post-2026) | fields=80
01:01:45 [INFO]     [OK] 0bd608c2… |   157 KB | year=2026 (post-2026) | fields=80
01:01:49 [INFO]     [OK] b2b2db05… |   380 KB | year=2026 (post-2026) | fields=80
01:01:49 [INFO]   [CAP] Reached 10-file limit for this page. Moving to other pages.
01:02:02 [INFO]   → Found 3 PDFs on https://www.msb.se/sv/utbildning--ovning/utbildning/alla-kurser/kurs-for-beslutsfattare-ledningsperspektiv-pa-informations--och-cybersakerhet/
01:02:07 [INFO]     [OK] 4c65397c… |   367 KB | year=2025 (2024-2025) | fields=17
01:02:10 [INFO]     [OK] cecc925e… |   119 KB | year=2025 (2024-2025) | fields=44
01:02:14 [INFO]     [OK] 3d071f8f… |   128 KB | year=2025 (2024-2025) | fields=16
01:03:01 [INFO]   → Found 1 PDFs on https://www.msb.se/sv/utbildning--ovning/ovning/samverkansovningar/ovning-av-totalforsvar---otf/medvetet-beslutsfattande/
01:03:05 [INFO]     [OK] a6782b7f… |   127 KB | year=2025 (2024-2025) | fields=16
01:03:15 [INFO]   → Found 1 PDFs on https://www.msb.se/sv/utbildning--ovning/skolmaterial/klara-larare/samhallskunskap/
01:03:15 [INFO]     [robots.txt] Blocked PDF: https://rib.msb.se/filer/pdf/29391.pdf
01:03:19 [INFO]   → Found 10 PDFs on https://www.msb.se/sv/regler/gallande-regler/
01:03:24 [INFO]     [OK] 0a1429ad… |   202 KB | year=2026 (post-2026) | fields=22
01:03:28 [INFO]     [OK] d0e6e892… |   569 KB | year=2026 (post-2026) | fields=22
01:03:32 [INFO]     [OK] 3f7a1132… |    73 KB | year=2026 (post-2026) | fields=19
01:03:36 [INFO]     [OK] d8c80888… |   138 KB | year=2026 (post-2026) | fields=21
01:03:40 [INFO]     [OK] 61c01007… |   137 KB | year=2026 (post-2026) | fields=22
01:03:43 [INFO]     [OK] dd748cac… |    71 KB | year=2025 (2024-2025) | fields=19
01:03:47 [INFO]     [OK] eb27fe93… |   119 KB | year=2025 (2024-2025) | fields=19
01:03:51 [INFO]     [OK] 831cd1dd… |   277 KB | year=2025 (2024-2025) | fields=31
01:03:55 [INFO]     [OK] 1bbe8e69… |   229 KB | year=2025 (2024-2025) | fields=30
01:03:59 [INFO]     [OK] f6abf151… |   153 KB | year=2025 (2024-2025) | fields=22
01:04:03 [INFO]   → Found 1 PDFs on https://www.msb.se/sv/regler/gallande-regler/mcffs-20265/
01:04:08 [INFO]     [OK] c232d845… |   165 KB | year=2026 (post-2026) | fields=17
01:04:18 [INFO]   → Found 1 PDFs on https://www.msb.se/sv/regler/gallande-regler/mcffs-20262/
01:04:23 [INFO]     [OK] f9510a93… |   201 KB | year=2026 (post-2026) | fields=17
01:04:27 [INFO]   → Found 1 PDFs on https://www.msb.se/sv/regler/gallande-regler/mcffs-20261/
01:04:31 [INFO]     [OK] e176231d… |   187 KB | year=2026 (post-2026) | fields=17
01:04:43 [INFO]   → Found 1 PDFs on https://www.msb.se/sv/regler/gallande-regler/msbfs-20258/
01:04:47 [INFO]   → Found 1 PDFs on https://www.msb.se/sv/regler/gallande-regler/msbfs-20256/
01:04:51 [INFO]   → Found 1 PDFs on https://www.msb.se/sv/regler/gallande-regler/msbfs-20257/
01:04:56 [INFO]   → Found 2 PDFs on https://www.msb.se/sv/regler/gallande-regler/msbfs-20255/
01:05:00 [INFO]   → Found 10 PDFs on https://www.msb.se/sv/regler/upphavda-regler/
01:05:04 [INFO]     [OK] 5a4b7869… |   612 KB | year=2023 (2020-2023) | fields=16
01:05:08 [INFO]     [OK] 665d9721… |   430 KB | year=2023 (2020-2023) | fields=10
01:05:36 [INFO]   → Found 4 PDFs on https://www.msb.se/sv/regler/remisser-om-foreskrifter-och-allmanna-rad/remiss-forslag-till-nya-foreskrifter-om-vilka-samhallsviktiga-verksamheter-som-omfattas-av-lagen-om-granskning-av-utlandska-direktinvesteringar/
01:05:39 [INFO]     [OK] 014f047a… |   199 KB | year=2026 (post-2026) | fields=16
01:05:43 [INFO]     [OK] aaa4290f… |   118 KB | year=2026 (post-2026) | fields=43
01:05:47 [INFO]     [OK] d5f7a9c4… |   364 KB | year=2026 (post-2026) | fields=17
01:05:52 [INFO]     [OK] c98b2f98… |   445 KB | year=2026 (post-2026) | fields=17
01:05:56 [INFO]   → Found 4 PDFs on https://www.msb.se/sv/regler/remisser-om-foreskrifter-och-allmanna-rad/foreskrifter-om-kommunernas-handlingsprogram/
01:06:01 [INFO]     [OK] 1ee78993… |   218 KB | year=2026 (post-2026) | fields=17
01:06:06 [INFO]     [OK] 82290c2f… |   191 KB | year=2026 (post-2026) | fields=17
01:06:10 [INFO]     [OK] be3317ec… |   264 KB | year=2026 (post-2026) | fields=17
01:06:14 [INFO]     [OK] 08f59509… |   236 KB | year=2021 (2020-2023) | fields=17
01:06:19 [INFO]   → Found 3 PDFs on https://www.msb.se/sv/regler/remisser-om-foreskrifter-och-allmanna-rad/forslag-och-allmanna-rad-om-planlaggning-for-utrymning-och-inkvartering-under-hojd-beredskap/
01:06:23 [INFO]     [OK] 1b261748… |   171 KB | year=2026 (post-2026) | fields=24
01:06:28 [INFO]     [OK] 500be5db… |   198 KB | year=2026 (post-2026) | fields=24
01:06:32 [INFO]     [OK] 9ad5d9f6… |   277 KB | year=2026 (post-2026) | fields=25
01:06:37 [INFO]   → Found 3 PDFs on https://www.msb.se/sv/regler/remisser-om-foreskrifter-och-allmanna-rad/foreskrift-om-upphavande-av-msbs-foreskrifter-for-kommuner-och-regioners-risk--och-sarbarhetsanalyser/
01:06:42 [INFO]     [OK] bcbd9ede… |   155 KB | year=2026 (post-2026) | fields=24
01:06:46 [INFO]     [OK] b6d4b5da… |   141 KB | year=2026 (post-2026) | fields=24
01:06:51 [INFO]     [OK] 9af0add7… |   161 KB | year=2026 (post-2026) | fields=25
01:06:56 [INFO]   → Found 5 PDFs on https://www.msb.se/sv/regler/remisser-om-foreskrifter-och-allmanna-rad/remiss-av-forslag-till-nya-foreskrifter-om-hantering-av-brandfarlig-gas-och-brandfarliga-aerosoler-samt-upphavandet-av-msbfs-20201-och-saifs-19985/
01:06:59 [INFO]     [OK] 05de59ae… |  1650 KB | year=2026 (post-2026) | fields=10
01:07:03 [INFO]     [OK] 032f32c7… |   334 KB | year=2026 (post-2026) | fields=10
01:07:07 [INFO]     [OK] ac9c1144… |  1181 KB | year=2026 (post-2026) | fields=10
01:07:12 [INFO]     [OK] e7fd316b… |   621 KB | year=2026 (post-2026) | fields=10
01:07:16 [INFO]     [OK] 708dff7d… |   509 KB | year=2026 (post-2026) | fields=10
01:07:20 [INFO]   → Found 3 PDFs on https://www.msb.se/sv/regler/remisser-om-foreskrifter-och-allmanna-rad/forslag-till-foreskrifter-om-sakerhetsrevision-och-sakerhetsskanning/
01:07:28 [INFO]   → Found 9 PDFs on https://www.msb.se/sv/verktyg--tjanster/rapportering-av-dodsbrander/
01:07:36 [INFO]     [OK] 974cb5df… |   200 KB | year=2023 (2020-2023) | fields=65
01:07:40 [INFO]     [OK] a04b7bda… |    92 KB | year=2020 (2020-2023) | fields=27
01:07:54 [INFO]     [OK] 40682279… |   179 KB | year=2022 (2020-2023) | fields=49
01:08:07 [INFO]     [OK] 45ca1b00… |    89 KB | year=2020 (2020-2023) | fields=48
01:08:15 [INFO]     [OK] 892b6f70… |   176 KB | year=2023 (2020-2023) | fields=46
01:08:24 [INFO]   → Found 1 PDFs on https://www.msb.se/sv/verktyg--tjanster/verksamhetsutovares-olycksrapportering/
01:08:29 [INFO]     [OK] 276a63e2… |   363 KB | year=2023 (2020-2023) | fields=30
01:09:46 [INFO]   → Found 2 PDFs on https://www.msb.se/sv/om-oss/vart-uppdrag/regeringsuppdrag/pagaende-regeringsuppdrag/
01:09:57 [INFO]   → Found 12 PDFs on https://www.msb.se/sv/om-oss/vart-uppdrag/regeringsuppdrag/besvarade-regeringsuppdrag/
01:10:01 [INFO]     [OK] 00bc9a74… |  1571 KB | year=2023 (2020-2023) | fields=23
01:10:15 [INFO]   → Found 2 PDFs on https://www.msb.se/sv/om-oss/vart-uppdrag/regeringsuppdrag/remisser-fran-myndigheten/remiss-av-nationellt-stod-beredskapsplanering-av-maritima-olyckor-med-utslapp-av-olja-eller-andra-skadliga-amnen/
01:11:39 [INFO]   → Found 1 PDFs on https://www.msb.se/sv/om-oss/forskning/utlysningar/tidigare-utlysningar/cybersakerhetens-ekonomi/
01:11:42 [INFO]     [OK] 75b1f9ef… |   338 KB | year=2023 (2020-2023) | fields=12
01:11:47 [INFO]   → Found 2 PDFs on https://www.msb.se/sv/om-oss/forskning/utlysningar/tidigare-utlysningar/sakerhet-och-trygghet-i-offentlig-miljo--skydd-mot-antagonistiska-hot-och-terrorattentat/
01:11:52 [INFO]     [OK] 85c9e984… |   430 KB | year=2023 (2020-2023) | fields=12
01:11:56 [INFO]     [OK] 10242f97… |   405 KB | year=2023 (2020-2023) | fields=12
01:12:01 [INFO]   → Found 2 PDFs on https://www.msb.se/sv/om-oss/forskning/utlysningar/tidigare-utlysningar/postdoktoralt-stod/
01:12:04 [INFO]     [OK] 90e95f9d… |   504 KB | year=2023 (2020-2023) | fields=13
01:12:09 [INFO]     [OK] 75b1f9ef… |   338 KB | year=2023 (2020-2023) | fields=12
01:12:23 [INFO]   → Found 1 PDFs on https://www.msb.se/sv/om-oss/forskning/utlysningar/tidigare-utlysningar/lardomar-fran-ukraina----en-forskningssatsning-for-sveriges-civila-forsvar/
01:12:27 [INFO]     [OK] 5db7f829… |   834 KB | year=2023 (2020-2023) | fields=23
01:12:34 [INFO]   → Found 1 PDFs on https://www.msb.se/sv/om-oss/forskning/utlysningar/tidigare-utlysningar/framtidahotochrisker/
01:12:39 [INFO]     [OK] 75b1f9ef… |   338 KB | year=2023 (2020-2023) | fields=12
01:13:47 [INFO]   → Found 1 PDFs on https://www.msb.se/sv/om-oss/jobba-hos-oss/insatspersonal/narstaende-och-arbetsgivare-till-insatspersonal/
01:15:42 [INFO]   → Found 3 PDFs on https://www.msb.se/sv/om-oss/internationella-samarbeten/nordiskt-samarbete/haga-samarbetet/
01:16:17 [INFO]   → Found 3 PDFs on https://www.msb.se/sv/om-oss/internationella-samarbeten/fn-samarbete/sendairamverket/om-sendairamverket/
01:16:21 [INFO]     [OK] fc4a618a… |   873 KB | year=2022 (2020-2023) | fields=12
01:16:26 [INFO]   → Found 3 PDFs on https://www.msb.se/sv/om-oss/internationella-samarbeten/fn-samarbete/sendairamverket/making-cities-resilient-2030/
01:16:51 [INFO]   → Found 1 PDFs on https://www.msb.se/sv/om-oss/internationella-samarbeten/natosamarbete/sveriges-vag-in-i-nato/
01:16:59 [INFO]   → Found 1 PDFs on https://www.msb.se/sv/om-oss/internationella-samarbeten/natosamarbete/natos-civila-beredskapsarbete/
01:17:04 [INFO]   → Found 1 PDFs on https://www.msb.se/sv/om-oss/internationella-samarbeten/natosamarbete/sveriges-civila-beredskapsarbete-i-nato/
01:17:29 [INFO]   → Found 1 PDFs on https://www.msb.se/sv/om-oss/kommunikationskanaler/appar/brandrisk-ute/
01:17:33 [INFO]     [OK] 4303288b… |   146 KB | year=2022 (2020-2023) | fields=13
01:18:35 [INFO]   → Found 1 PDFs on https://www.msb.se/sv/regler/gallande-regler/srvfs-19936/
01:18:45 [INFO]   → Found 1 PDFs on https://www.msb.se/sv/regler/gallande-regler/srvfs-19986/
01:18:53 [INFO]   → Found 1 PDFs on https://www.msb.se/sv/regler/gallande-regler/srvfs-20066/
01:19:09 [INFO]   → Found 8 PDFs on https://www.msb.se/sv/publikationer/?searchQuery=cbrne&sortOrder=DescendingYear
01:19:09 [INFO]     [robots.txt] Blocked PDF: https://rib.msb.se/filer/pdf/29262.pdf
01:19:09 [INFO]     [robots.txt] Blocked PDF: https://rib.msb.se/filer/pdf/29265.pdf
01:19:09 [INFO]     [robots.txt] Blocked PDF: https://rib.msb.se/filer/pdf/30831.pdf
01:19:09 [INFO]     [robots.txt] Blocked PDF: https://rib.msb.se/filer/pdf/30391.pdf
01:19:09 [INFO]     [robots.txt] Blocked PDF: https://rib.msb.se/filer/pdf/28881.pdf
01:19:09 [INFO]     [robots.txt] Blocked PDF: https://rib.msb.se/filer/pdf/29263.pdf
01:19:09 [INFO]     [robots.txt] Blocked PDF: https://rib.msb.se/filer/pdf/29261.pdf
01:19:09 [INFO]     [robots.txt] Blocked PDF: https://rib.msb.se/filer/pdf/29266.pdf
01:19:13 [INFO]   → Found 1 PDFs on https://www.msb.se/sv/publikationer/misstankt-forsandelse--viktig-information-/
01:19:13 [INFO]     [robots.txt] Blocked PDF: https://rib.msb.se/filer/pdf/30409.pdf
01:19:16 [INFO]   → Found 1 PDFs on https://www.msb.se/sv/publikationer/kannetecken-pa-en-misstankt-forsandelse--viktig-information-/
01:19:16 [INFO]     [robots.txt] Blocked PDF: https://rib.msb.se/filer/pdf/30410.pdf
01:19:25 [INFO]   → Found 1 PDFs on https://www.msb.se/sv/publikationer/msbs-forskningsinriktning-20242028--forskning-for-ett-sakrare-samhalle/
01:19:25 [INFO]     [robots.txt] Blocked PDF: https://rib.msb.se/filer/pdf/30378.pdf
01:20:26 [INFO]   → Found 3 PDFs on https://www.msb.se/sv/publikationer/?selectedpage=1
01:20:26 [INFO]     [robots.txt] Blocked PDF: https://rib.msb.se/filer/pdf/31171.pdf
01:20:26 [INFO]     [robots.txt] Blocked PDF: https://rib.msb.se/filer/pdf/31172.pdf
01:20:26 [INFO]     [robots.txt] Blocked PDF: https://rib.msb.se/filer/pdf/31175.pdf
01:20:31 [INFO]   → Found 6 PDFs on https://www.msb.se/sv/publikationer/?selectedpage=2
01:20:31 [INFO]     [robots.txt] Blocked PDF: https://rib.msb.se/filer/pdf/31269.pdf
01:20:31 [INFO]     [robots.txt] Blocked PDF: https://rib.msb.se/filer/pdf/31271.pdf
01:20:31 [INFO]     [robots.txt] Blocked PDF: https://rib.msb.se/filer/pdf/31272.pdf
01:20:31 [INFO]     [robots.txt] Blocked PDF: https://rib.msb.se/filer/pdf/31273.pdf
01:20:31 [INFO]     [robots.txt] Blocked PDF: https://rib.msb.se/filer/pdf/31275.pdf
01:20:31 [INFO]     [robots.txt] Blocked PDF: https://rib.msb.se/filer/pdf/31281.pdf
01:20:34 [INFO]   → Found 10 PDFs on https://www.msb.se/sv/publikationer/?selectedpage=3
01:20:34 [INFO]     [robots.txt] Blocked PDF: https://rib.msb.se/filer/pdf/31282.pdf
01:20:34 [INFO]     [robots.txt] Blocked PDF: https://rib.msb.se/filer/pdf/31287.pdf
01:20:34 [INFO]     [robots.txt] Blocked PDF: https://rib.msb.se/filer/pdf/31288.pdf
01:20:34 [INFO]     [robots.txt] Blocked PDF: https://rib.msb.se/filer/pdf/31313.pdf
01:20:34 [INFO]     [robots.txt] Blocked PDF: https://rib.msb.se/filer/pdf/31321.pdf
01:20:34 [INFO]     [robots.txt] Blocked PDF: https://rib.msb.se/filer/pdf/31330.pdf
01:20:34 [INFO]     [robots.txt] Blocked PDF: https://rib.msb.se/filer/pdf/31331.pdf
01:20:34 [INFO]     [robots.txt] Blocked PDF: https://rib.msb.se/filer/pdf/31332.pdf
01:20:34 [INFO]     [robots.txt] Blocked PDF: https://rib.msb.se/filer/pdf/31333.pdf
01:20:34 [INFO]     [robots.txt] Blocked PDF: https://rib.msb.se/filer/pdf/31334.pdf
01:20:39 [INFO]   → Found 10 PDFs on https://www.msb.se/sv/publikationer/?selectedpage=97
01:20:39 [INFO]     [robots.txt] Blocked PDF: https://rib.msb.se/filer/pdf/26235.pdf
01:20:39 [INFO]     [robots.txt] Blocked PDF: https://rib.msb.se/filer/pdf/26423.pdf
01:20:39 [INFO]     [robots.txt] Blocked PDF: https://rib.msb.se/filer/pdf/26244.pdf
01:20:39 [INFO]     [robots.txt] Blocked PDF: https://rib.msb.se/filer/pdf/25893.pdf
01:20:39 [INFO]     [robots.txt] Blocked PDF: https://rib.msb.se/filer/pdf/25593.pdf
01:20:39 [INFO]     [robots.txt] Blocked PDF: https://rib.msb.se/filer/pdf/25556.pdf
01:20:39 [INFO]     [robots.txt] Blocked PDF: https://rib.msb.se/filer/pdf/23061.pdf
01:20:39 [INFO]     [robots.txt] Blocked PDF: https://rib.msb.se/filer/pdf/23525.pdf
01:20:39 [INFO]     [robots.txt] Blocked PDF: https://rib.msb.se/filer/pdf/20782.pdf
01:20:39 [INFO]     [robots.txt] Blocked PDF: https://rib.msb.se/filer/pdf/11503.pdf
01:20:52 [INFO]   → Found 1 PDFs on https://www.msb.se/sv/regler/upphavda-regler/krisberedskap-och-informationssakerhet/msbfs-20244/
01:20:56 [INFO]     [OK] c2556f4a… |   196 KB | year=2023 (2020-2023) | fields=17
01:21:00 [INFO]   → Found 1 PDFs on https://www.msb.se/sv/publikationer/it-incidenters-paverkan--ramverk-for-bedomning-av-paverkan-pa-it-miljo-verksamhet-och-samhalle/
01:21:00 [INFO]     [robots.txt] Blocked PDF: https://rib.msb.se/filer/pdf/31096.pdf
01:21:04 [INFO]   → Found 1 PDFs on https://www.msb.se/sv/publikationer/cyberangrepp-mot-samhallsviktiga-informationssystem--25-rekommendationer-for-starkt-skydd-mot-cyberangrepp/
01:21:04 [INFO]     [robots.txt] Blocked PDF: https://rib.msb.se/filer/pdf/30558.pdf
01:21:08 [INFO]   → Found 1 PDFs on https://www.msb.se/sv/publikationer/andringar-som-bade-hotar-och-skyddar-20-rekommendationer-for-sakrare-andringar-i-vara-informationssystem/
01:21:08 [INFO]     [robots.txt] Blocked PDF: https://rib.msb.se/filer/pdf/30193.pdf
01:21:13 [INFO]   → Found 1 PDFs on https://www.msb.se/sv/publikationer/hoten-mot-de-digitala-leveranskedjorna--50-rekommendationer-for-att-starka-samhallssakerheten/
01:21:13 [INFO]     [robots.txt] Blocked PDF: https://rib.msb.se/filer/pdf/29829.pdf
01:21:20 [INFO]   → Found 1 PDFs on https://www.msb.se/sv/publikationer/vagledning-for-anmalan-och-identifiering-av-leverantorer-av-samhallsviktiga-tjanster-enligt-nis-regleringen2/
01:21:20 [INFO]     [robots.txt] Blocked PDF: https://rib.msb.se/filer/pdf/28740.pdf
01:22:00 [INFO]   → Found 2 PDFs on https://www.msb.se/sv/amnesomraden/informationssakerhet-och-cybersakerhet/krav-och-regler-inom-informationssakerhet-och-cybersakerhet/nis-direktivet/cybersakerhetslagen-nis2/sa-ser-nis2-regleringen-ut/
01:22:05 [INFO]   → Found 1 PDFs on https://www.msb.se/sv/amnesomraden/informationssakerhet-och-cybersakerhet/krav-och-regler-inom-informationssakerhet-och-cybersakerhet/nis-direktivet/cybersakerhetslagen-nis2/cybersakerhetslagen-for-ledningen/
01:22:05 [INFO]     [robots.txt] Blocked PDF: https://rib.msb.se/filer/pdf/30937.pdf
01:22:13 [INFO]   → Found 2 PDFs on https://www.msb.se/sv/regler/gallande-regler/msbfs-20245/
01:22:17 [INFO]   → Found 2 PDFs on https://www.msb.se/sv/regler/gallande-regler/msbfs-20206/
01:22:24 [INFO]     [OK] eccd6086… |   195 KB | year=2020 (2020-2023) | fields=14
01:22:30 [INFO]   → Found 2 PDFs on https://www.msb.se/sv/regler/gallande-regler/msbfs-20207/
01:22:35 [INFO]     [OK] 6fa23073… |   247 KB | year=2020 (2020-2023) | fields=13
01:22:39 [INFO]     [OK] e28739ab… |   332 KB | year=2020 (2020-2023) | fields=14
01:22:43 [INFO]   → Found 2 PDFs on https://www.msb.se/sv/regler/gallande-regler/msbfs-20155/
01:22:54 [INFO]   → Found 2 PDFs on https://www.msb.se/sv/regler/gallande-regler/msbfs-20154/
01:23:05 [INFO]   → Found 2 PDFs on https://www.msb.se/sv/regler/gallande-regler/msbfs-20253/
01:23:16 [INFO]   → Found 1 PDFs on https://www.msb.se/sv/publikationer/preparedness-for-businesses--in-case-of-crisis-or-war/
01:23:16 [INFO]     [robots.txt] Blocked PDF: https://rib.msb.se/filer/pdf/31178.pdf
01:23:21 [INFO]   → Found 1 PDFs on https://www.msb.se/sv/publikationer/om-krisen-eller-kriget-kommer/
01:23:21 [INFO]     [robots.txt] Blocked PDF: https://rib.msb.se/filer/pdf/30828.pdf
01:23:24 [INFO]   → Found 3 PDFs on https://www.msb.se/sv/amnesomraden/beredskap-for-kris-och-krig/beredskap-for-aktorer/beredskap-for-kommuner-och-regioner/lagar-forordningar-och-foreskrifter-for-kommunernas-arbete-med-krisberedskap-och-civilt-forsvar/kommuner/
01:23:46 [INFO]   → Found 1 PDFs on https://www.msb.se/sv/publikationer/stabsmetodik--introduktion2/
01:23:46 [INFO]     [robots.txt] Blocked PDF: https://rib.msb.se/filer/pdf/30285.pdf
01:23:55 [INFO]   → Found 1 PDFs on https://www.msb.se/sv/publikationer/stabsmetodik--verktygslada/
01:23:55 [INFO]     [robots.txt] Blocked PDF: https://rib.msb.se/filer/pdf/30286.pdf
01:24:04 [INFO]   → Found 1 PDFs on https://www.msb.se/sv/publikationer/stabsmetodik--utmaningar-och-dilemman2/
01:24:04 [INFO]     [robots.txt] Blocked PDF: https://rib.msb.se/filer/pdf/30287.pdf
01:24:13 [INFO]   → Found 5 PDFs on https://www.msb.se/sv/regler/gallande-regler/?legislation=53&sortOrder=DescendingYear
01:24:18 [INFO]     [OK] c3cfbca0… |   757 KB | year=2023 (2020-2023) | fields=10
01:24:22 [INFO]     [OK] 4b908e9c… |   477 KB | year=2023 (2020-2023) | fields=10
01:24:25 [INFO]     [OK] 19c0e7cd… |   156 KB | year=2021 (2020-2023) | fields=16
01:24:28 [INFO]     [OK] f774f5ff… |   507 KB | year=2020 (2020-2023) | fields=21
01:24:33 [INFO]   → Found 2 PDFs on https://www.msb.se/sv/regler/gallande-regler/msbfs-20104/
01:24:58 [INFO]   → Found 2 PDFs on https://www.msb.se/sv/regler/gallande-regler/msbfs-202411/
01:25:02 [INFO]   → Found 1 PDFs on https://www.msb.se/sv/regler/gallande-regler/msbfs-202410/
01:25:06 [INFO]   → Found 2 PDFs on https://www.msb.se/sv/regler/gallande-regler/msbfs-20202/
01:25:09 [INFO]     [OK] 513687fe… |    39 KB | year=2020 (2020-2023) | fields=16
01:25:13 [INFO]     [OK] ac09ab89… |    15 KB | year=2020 (2020-2023) | fields=16
01:25:18 [INFO]   → Found 2 PDFs on https://www.msb.se/sv/regler/gallande-regler/msbfs-20095/
01:25:31 [INFO]   → Found 2 PDFs on https://www.msb.se/sv/regler/gallande-regler/msbfs-20114/
01:25:43 [INFO]   → Found 2 PDFs on https://www.msb.se/sv/regler/gallande-regler/msbfs-20094/
01:25:57 [INFO]   → Found 2 PDFs on https://www.msb.se/sv/regler/gallande-regler/msbfs-20113/
01:26:12 [INFO]   → Found 2 PDFs on https://www.msb.se/sv/regler/gallande-regler/msbfs-20159/
01:26:23 [INFO]   → Found 1 PDFs on https://www.msb.se/sv/publikationer/ett-enhetligt-ledningssystem-for-kommunal-raddningstjanst--els/
01:26:23 [INFO]     [robots.txt] Blocked PDF: https://rib.msb.se/filer/pdf/30557.pdf
01:26:27 [INFO]   → Found 1 PDFs on https://www.msb.se/sv/publikationer/raddningsledningssystem--ett-kompendium-for-brandbefal/
01:26:27 [INFO]     [robots.txt] Blocked PDF: https://rib.msb.se/filer/pdf/30505.pdf
01:26:30 [INFO]   → Found 1 PDFs on https://www.msb.se/sv/publikationer/arbetssatt-for-ledningsmote--leda-och-delta/
01:26:30 [INFO]     [robots.txt] Blocked PDF: https://rib.msb.se/filer/pdf/30567.pdf
01:26:35 [INFO]   → Found 1 PDFs on https://www.msb.se/sv/publikationer/arbetssatt-for-larmhantering-och-ledning-i-det-tidiga-skedet/
01:26:35 [INFO]     [robots.txt] Blocked PDF: https://rib.msb.se/filer/pdf/30568.pdf
01:26:39 [INFO]   → Found 1 PDFs on https://www.msb.se/sv/publikationer/arbetssatt-omvarldsbevakning---for-rollerna-driftchef-och-raddningsledningschef/
01:26:39 [INFO]     [robots.txt] Blocked PDF: https://rib.msb.se/filer/pdf/31150.pdf
01:26:43 [INFO]   → Found 1 PDFs on https://www.msb.se/sv/publikationer/stod-for-agerande-i-rollen-raddningsledningschef/
01:26:43 [INFO]     [robots.txt] Blocked PDF: https://rib.msb.se/filer/pdf/30566.pdf
01:26:48 [INFO]   → Found 1 PDFs on https://www.msb.se/sv/publikationer/raddningstjanst-under-hojd-beredskap--ruhb--del-3.-ledning-av-kommunal-raddningstjanst-under-hojd-beredskap/
01:26:48 [INFO]     [robots.txt] Blocked PDF: https://rib.msb.se/filer/pdf/30756.pdf
01:26:52 [INFO]   → Found 1 PDFs on https://www.msb.se/sv/publikationer/organisering-i-overgripande-ledning--en-sammanstallning-och-fordjupning/
01:26:52 [INFO]     [robots.txt] Blocked PDF: https://rib.msb.se/filer/pdf/30620.pdf
01:26:56 [INFO]   → Found 1 PDFs on https://www.msb.se/sv/regler/gallande-regler/msbfs-20214/
01:27:00 [INFO]     [OK] 08dbd01f… |   236 KB | year=2021 (2020-2023) | fields=17
01:27:05 [INFO]   → Found 2 PDFs on https://www.msb.se/sv/regler/gallande-regler/msbfs-20221/
01:27:09 [INFO]     [OK] 78b94628… |   211 KB | year=2022 (2020-2023) | fields=13
01:27:12 [INFO]     [OK] 6214f03b… |   434 KB | year=2022 (2020-2023) | fields=16
01:27:18 [INFO]   → Found 3 PDFs on https://www.msb.se/sv/regler/gallande-regler/msbfs-20215/
01:27:22 [INFO]     [OK] 645f362a… |   187 KB | year=2021 (2020-2023) | fields=13
01:27:26 [INFO]     [OK] de8ed9a8… |   207 KB | year=2021 (2020-2023) | fields=16
01:27:35 [INFO]   → Found 5 PDFs on https://www.msb.se/sv/regler/gallande-regler/?legislation=57&sortOrder=DescendingYear
01:27:39 [INFO]     [OK] ebb305f5… |   194 KB | year=2021 (2020-2023) | fields=16
01:27:43 [INFO]     [OK] d49a0455… |   164 KB | year=2021 (2020-2023) | fields=17
01:27:48 [INFO]     [OK] 38884f29… |   403 KB | year=2020 (2020-2023) | fields=10
01:28:07 [INFO]   → Found 1 PDFs on https://www.msb.se/sv/publikationer/tidsfaktorns-betydelse-vid-raddningsinsatser-till-vagtrafikolyckor--uppdatering-2025/
01:28:07 [INFO]     [robots.txt] Blocked PDF: https://rib.msb.se/filer/pdf/31158.pdf
01:28:12 [INFO]   → Found 1 PDFs on https://www.msb.se/sv/publikationer/brand--och-brandskyddsundersokningen-2022/
01:28:12 [INFO]     [robots.txt] Blocked PDF: https://rib.msb.se/filer/pdf/30478.pdf
01:28:16 [INFO]   → Found 2 PDFs on https://www.msb.se/sv/regler/gallande-regler/msbfs-20158/
01:28:29 [INFO]   → Found 1 PDFs on https://www.msb.se/sv/publikationer/summeringsregeln--tillampning-av-bilaga-1-till-forordning-2015236-om-atgarder-for-att-forebygga-och-begransa-foljderna-av-allvarliga-kemikalieolyckor/
01:28:29 [INFO]     [robots.txt] Blocked PDF: https://rib.msb.se/filer/pdf/27942.pdf
01:28:33 [INFO]   → Found 1 PDFs on https://www.msb.se/sv/publikationer/handlingsprogram-och-sakerhetsledningssystem--ett-stod-vid-det-systematiska-arbetet-med-att-uppratta-fornya-och-granska-ett-handlingsprogram-och-ett-sakerhetsledningssystem/
01:28:33 [INFO]     [robots.txt] Blocked PDF: https://rib.msb.se/filer/pdf/29286.pdf
01:28:38 [INFO]   → Found 1 PDFs on https://www.msb.se/sv/publikationer/att-informera-allmanheten-enligt-sevesolagen/
01:28:38 [INFO]     [robots.txt] Blocked PDF: https://rib.msb.se/filer/pdf/29865.pdf
01:28:43 [INFO]   → Found 1 PDFs on https://www.msb.se/sv/publikationer/nodlagesplanering--skyldigheter-i-sevesolagstiftningen-for-sevesoverksamheter/
01:28:43 [INFO]     [robots.txt] Blocked PDF: https://rib.msb.se/filer/pdf/30348.pdf
01:28:48 [INFO]   → Found 1 PDFs on https://www.msb.se/sv/publikationer/planering-av-sevesotillsyn--metodstod-infor-lansstyrelsens-planering-av-sevesotillsyn/
01:28:48 [INFO]     [robots.txt] Blocked PDF: https://rib.msb.se/filer/pdf/30411.pdf
01:28:52 [INFO]   → Found 1 PDFs on https://www.msb.se/sv/publikationer/kemikalieolyckors-miljoskador--metod-och-vagledning-for-uppskattning-av-miljoskador-vid-en-kemikalieolycka/
01:28:52 [INFO]     [robots.txt] Blocked PDF: https://rib.msb.se/filer/pdf/29539.pdf
01:28:55 [INFO]   → Found 1 PDFs on https://www.msb.se/sv/publikationer/nationella-bilden-over-sevesolagen-2025--sammanstallning-och-bedomningar-av-sevesolagstiftningens-tillampning---utvardering/
01:28:55 [INFO]     [robots.txt] Blocked PDF: https://rib.msb.se/filer/pdf/31327.pdf
01:29:06 [INFO]   → Found 2 PDFs on https://www.msb.se/sv/utbildning--ovning/utbildning/utbildningsprogram/utbildning-i-skydd-mot-olyckor-med-forkunskapsbehorighet-smo-f/behorighet/behorighet-for-utbildning-i-skydd-mot-olyckor-med-forkunskapsbehorighet-smo-f/
01:29:25 [INFO]   → Found 1 PDFs on https://www.msb.se/sv/publikationer/klara-larare-lektionsmaterial-till-lararstod/
01:29:38 [INFO]   → Found 5 PDFs on https://www.msb.se/sv/regler/gallande-regler/?selectedpage=2
01:29:43 [INFO]   → Found 1 PDFs on https://www.msb.se/sv/regler/gallande-regler/?selectedpage=3
01:29:47 [INFO]     [OK] 95d1ddec… |   410 KB | year=2022 (2020-2023) | fields=10
01:29:47 [INFO]   Both quotas filled — moving to next authority
01:29:47 [INFO] 
[Myndigheten för samhällsskydd och beredskap] Done. Pre-NIS2: 50/50  NIS2-prep: 50/50
01:29:47 [INFO] 
============================================================
Authority : Totalförsvarets forskningsinstitut
Tier      : 1
Quota left: 2020-2023=50  2024-2025=50
============================================================
01:30:15 [INFO]   → Found 23 PDFs on https://www.foi.se/forskning/forskningsomraden/sakerhetspolitik/afrika/publikationer-afrika.html
01:30:19 [INFO]     [OK] e83b7294… |   447 KB | year=2023 (2020-2023) | fields=8
01:32:12 [INFO]   → Found 3 PDFs on https://www.foi.se/forskning/forskningsomraden/sakerhetspolitik/nordeuropeisk-och-transatlantisk-sakerhet/publikationer-nots.html
01:32:42 [INFO]   → Found 25 PDFs on https://www.foi.se/forskning/forskningsomraden/sakerhetspolitik/ryssland-och-eurasien/rapporter-och-memo-ryssland-och-eurasien.html
01:34:20 [INFO]   → Found 2 PDFs on https://www.foi.se/forskning/forskningsomraden/sakerhetspolitik/ryssland-och-eurasien/ovriga-publikationer-ryssland-och-eurasien.html
01:34:24 [INFO]     [OK] 09d9bed9… |   579 KB | year=2020 (2020-2023) | fields=16
01:34:29 [INFO]     [OK] 02962ef0… |   668 KB | year=2020 (2020-2023) | fields=31
01:35:51 [WARNING]   [HTTP error] https://www.foi.se/rapporter/rapportsammanfattning.html?reportNo=FOI+Memo+8454: HTTPSConnectionPool(host='www.foi.se', port=443): Read timed out. (read timeout=20)
01:39:41 [WARNING]   [HTTP error] https://www.foi.se/rapportsammanfattning?reportNo=FOI%20MEMO%205254: ('Connection aborted.', RemoteDisconnected('Remote end closed connection without response'))
02:08:01 [INFO]   [CAP] Reached 500 page limit for authority. Moving on.
02:08:01 [INFO] 
[Totalförsvarets forskningsinstitut] Done. Pre-NIS2: 3/50  NIS2-prep: 0/50
02:08:01 [INFO] 
============================================================
Authority : Säkerhets- och integritetsskyddsnämnden
Tier      : 1
Quota left: 2020-2023=50  2024-2025=50
============================================================
02:08:13 [INFO] 
[Säkerhets- och integritetsskyddsnämnden] Done. Pre-NIS2: 0/50  NIS2-prep: 0/50
02:08:13 [INFO] 
============================================================
Authority : Myndigheten för digital förvaltning
Tier      : 2
Quota left: 2020-2023=50  2024-2025=50
============================================================
02:12:25 [INFO]   → Found 10 PDFs on https://www.digg.se/om-oss/vart-uppdrag
02:12:29 [INFO]     [OK] 222c9736… |  1526 KB | year=2026 (post-2026) | fields=26
02:12:33 [INFO]     [OK] 912fe3c1… |  1257 KB | year=2025 (2024-2025) | fields=27
02:12:37 [INFO]     [OK] bc958790… |  1047 KB | year=2024 (2024-2025) | fields=20
02:12:41 [INFO]     [OK] ac8d5df8… |  1038 KB | year=2021 (2020-2023) | fields=23
02:12:46 [INFO]     [OK] 284af6de… |   759 KB | year=2020 (2020-2023) | fields=21
02:12:49 [INFO]     [OK] 5daa3b09… |  1015 KB | year=2023 (2020-2023) | fields=21
02:12:52 [INFO]     [OK] 2a5dcf44… |   624 KB | year=2026 (post-2026) | fields=27
02:12:58 [INFO]     [OK] 7ba27ea5… |   137 KB | year=2026 (post-2026) | fields=27
02:13:10 [INFO]   → Found 1 PDFs on https://www.digg.se/analys-och-uppfoljning/publikationer/publikationer/2026-03-31-uppdrag-att-analysera-och-beskriva-mojligheter-och-utmaningar-kopplade-till-att-etablera-en-digital-ingang-till-det-offentliga
02:13:14 [INFO]     [OK] f00ec473… |  1337 KB | year=2026 (post-2026) | fields=23
02:13:35 [INFO]   → Found 1 PDFs on https://www.digg.se/kunskap-och-stod/nyttorealisering
02:13:40 [INFO]     [OK] 41156638… |   441 KB | year=2022 (2020-2023) | fields=17
02:13:47 [INFO]   → Found 1 PDFs on https://www.digg.se/kunskap-och-stod/svenskt-ramverk-for-digital-samverkan
02:13:51 [INFO]     [OK] 22d56a9f… |  1136 KB | year=2022 (2020-2023) | fields=21
02:14:04 [INFO]   → Found 2 PDFs on https://www.digg.se/kunskap-och-stod/oppna-och-delade-data/vagledning-for-strategiska-beslut-och-atgarder
02:14:09 [INFO]     [OK] a01d23f0… |   355 KB | year=2022 (2020-2023) | fields=31
02:14:14 [INFO]     [OK] e66daeff… |   287 KB | year=2022 (2020-2023) | fields=31
02:14:42 [INFO]   → Found 1 PDFs on https://www.digg.se/analys-och-uppfoljning/publikationer/publikationer/2023-01-23-slutrapport-uppdrag-att-framja-offentlig-forvaltnings-formaga-att-anvanda-artificiell-intelligens
02:14:46 [INFO]     [OK] c5497e8a… |   824 KB | year=2021 (2020-2023) | fields=22
02:16:59 [INFO]   → Found 1 PDFs on https://www.digg.se/om-oss/forfattningssamling/foreskrifter-om-hantering-av-bestallningar-och-standarder-vid-elektroniskt-informationsutbyte-mdffs-20211/grundforfattning-mdffs-20211
02:17:03 [INFO]     [OK] 170a4482… |   164 KB | year=2022 (2020-2023) | fields=20
02:17:06 [INFO]   → Found 1 PDFs on https://www.digg.se/om-oss/forfattningssamling/foreskrifter-om-hantering-av-bestallningar-och-standarder-vid-elektroniskt-informationsutbyte-mdffs-20211/andringsforfattning-mdffs-20211
02:17:10 [INFO]     [OK] c8bdabb6… |    43 KB | year=2026 (post-2026) | fields=18
02:17:19 [INFO]   → Found 1 PDFs on https://www.digg.se/om-oss/forfattningssamling/foreskrifter-om-tillganglighet-till-digital-offentlig-service-mdffs-20192/grundforfattning-mdffs-20192
02:17:24 [INFO]     [OK] 13dde6d3… |   116 KB | year=2022 (2020-2023) | fields=20
02:17:28 [INFO]   → Found 1 PDFs on https://www.digg.se/om-oss/forfattningssamling/foreskrifter-om-tillganglighet-till-digital-offentlig-service-mdffs-20192/andringsforfattning-mdffs-20212
02:17:32 [INFO]     [OK] 5d12d396… |    69 KB | year=2022 (2020-2023) | fields=21
02:17:40 [INFO]   → Found 1 PDFs on https://www.digg.se/om-oss/forfattningssamling/foreskrift-om-registrering-i-peppol-mdffs-20191/grundforfattning-mdffs-20191
02:17:44 [INFO]     [OK] 68071857… |    50 KB | year=2022 (2020-2023) | fields=19
02:17:49 [INFO]   → Found 1 PDFs on https://www.digg.se/om-oss/forfattningssamling/foreskrift-om-registrering-i-peppol-mdffs-20191/andringsforfattning-mdffs-20191
02:17:52 [INFO]     [OK] 2d7165ad… |    44 KB | year=2026 (post-2026) | fields=18
02:20:03 [INFO]   → Found 3 PDFs on https://www.digg.se/analys-och-uppfoljning/publikationer/publikationer/2023-01-17-slutrapport-uppdrag-att-fortsatt-etablera-en-forvaltningsgemensam-digital-infrastruktur-for-informationsutbyte
02:20:08 [INFO]     [OK] 91331314… |   552 KB | year=2023 (2020-2023) | fields=20
02:20:13 [INFO]     [OK] b95d2ad2… |   314 KB | year=2023 (2020-2023) | fields=25
02:20:18 [INFO]     [OK] d51857a0… |   197 KB | year=2023 (2020-2023) | fields=20
02:20:35 [INFO]   → Found 1 PDFs on https://www.digg.se/om-oss/nyheter/ena---sveriges-digitala-infrastruktur/nyheter/2022-09-20-framsteg-for-den-digitala-infrastrukturen
02:20:38 [INFO]     [OK] 2717fc93… |   481 KB | year=2022 (2020-2023) | fields=20
02:20:50 [INFO]   → Found 1 PDFs on https://www.digg.se/analys-och-uppfoljning/publikationer/publikationer/2026-03-27-arsrapport-for-programmet-for-ett-digitalt-europa-2025
02:20:55 [INFO]     [OK] 662b1ee2… |  2283 KB | year=2026 (post-2026) | fields=34
02:21:00 [INFO]   → Found 1 PDFs on https://www.digg.se/analys-och-uppfoljning/publikationer/publikationer/2025-03-12-enkatrapport-om-e-fakturering-och-e-handel-i-offentlig-forvaltning
02:21:04 [INFO]     [OK] be4093e0… |   665 KB | year=2025 (2024-2025) | fields=28
02:21:08 [INFO]   → Found 2 PDFs on https://www.digg.se/analys-och-uppfoljning/publikationer/publikationer/2024-12-01-slutrapport-uppdrag-att-stodja-regeringens-arbete-med-fortsatt-digitalisering-av-valfarden-genom-att-identifiera-rattsliga-hinder
02:21:13 [INFO]     [OK] 367e61f0… |   940 KB | year=2022 (2020-2023) | fields=28
02:21:18 [INFO]     [OK] 139ed7b9… |   319 KB | year=2022 (2020-2023) | fields=28
02:21:22 [INFO]   → Found 3 PDFs on https://www.digg.se/analys-och-uppfoljning/publikationer/publikationer/2023-01-31-slutrapport-uppdrag-att-framja-delning-och-nyttiggorande-av-data
02:21:26 [INFO]     [OK] 6b9319ea… |   432 KB | year=2021 (2020-2023) | fields=20
02:21:31 [INFO]     [OK] 0dec07ad… |    89 KB | year=2023 (2020-2023) | fields=17
02:21:35 [INFO]     [OK] 49772020… |   280 KB | year=2023 (2020-2023) | fields=17
02:21:39 [INFO]   → Found 1 PDFs on https://www.digg.se/analys-och-uppfoljning/publikationer/publikationer/2022-10-13-delrapportering-av-uppdrag-att-framja-delning-och-nyttiggorande-av-data
02:21:43 [INFO]     [OK] 42d6061b… |   399 KB | year=2022 (2020-2023) | fields=24
02:21:46 [INFO]   → Found 2 PDFs on https://www.digg.se/analys-och-uppfoljning/publikationer/publikationer/2022-10-03-delrapportering-av-uppdrag-att-tillhandhalla-infrastruktur-for-saker-digital-kommunikation-i-offentlig-sektor
02:21:50 [INFO]     [OK] 0a28cdbf… |   454 KB | year=2022 (2020-2023) | fields=21
02:21:54 [INFO]     [OK] 818e00bb… |   386 KB | year=2022 (2020-2023) | fields=20
02:21:57 [INFO]   → Found 1 PDFs on https://www.digg.se/analys-och-uppfoljning/publikationer/publikationer/2021-09-30-slutrapport-rattsligt-stod-till-offentlig-forvaltning-avseende-digitalisering
02:22:01 [INFO]     [OK] 332f5340… |   610 KB | year=2022 (2020-2023) | fields=22
02:22:05 [INFO]   → Found 1 PDFs on https://www.digg.se/analys-och-uppfoljning/publikationer/publikationer/2021-05-31-delrapport-rattsligt-stod-till-offentlig-forvaltning-avseende-digitalisering
02:22:10 [INFO]     [OK] 9d382b7b… |   414 KB | year=2022 (2020-2023) | fields=22
02:22:15 [INFO]   → Found 4 PDFs on https://www.digg.se/analys-och-uppfoljning/publikationer/publikationer/2020-04-01-delrapport-oppna-data-oppen-och-datadriven-innovation-samt-ai
02:22:20 [INFO]     [OK] 3c83e3d2… |   379 KB | year=2022 (2020-2023) | fields=21
02:22:25 [INFO]     [OK] cc444c5d… |   642 KB | year=2022 (2020-2023) | fields=22
02:22:29 [INFO]     [OK] 6f68efb4… |   293 KB | year=2022 (2020-2023) | fields=21
02:22:33 [INFO]     [OK] 7b3a295a… |   283 KB | year=2022 (2020-2023) | fields=21
02:24:27 [INFO]   → Found 5 PDFs on https://www.digg.se/analys-och-uppfoljning/publikationer/publikationer/2022-09-22-uppfoljning-av-statliga-myndigheters-digitalisering-2021
02:24:31 [INFO]     [OK] c8e7bbd0… |   966 KB | year=2022 (2020-2023) | fields=20
02:24:34 [INFO]     [OK] 0b5250fe… |   397 KB | year=2022 (2020-2023) | fields=19
02:24:39 [INFO]     [OK] 906a4cfe… |   362 KB | year=2022 (2020-2023) | fields=20
02:24:44 [INFO]     [OK] 30661f3d… |   704 KB | year=2022 (2020-2023) | fields=19
02:24:48 [INFO]     [OK] 3c6ec479… |   337 KB | year=2022 (2020-2023) | fields=20
02:25:40 [INFO]   → Found 1 PDFs on https://www.digg.se/kunskap-och-stod/oppna-och-delade-data/nationella-principer-for-att-tillgangliggora-information
02:25:44 [INFO]     [OK] 79e476f5… |  1619 KB | year=2022 (2020-2023) | fields=95
02:26:05 [INFO]   → Found 1 PDFs on https://www.digg.se/kunskap-och-stod/oppna-och-delade-data/rekommendation-om-oppna-licenser-och-immaterialratt
02:26:10 [INFO]     [OK] 3fed5676… |    80 KB | year=2022 (2020-2023) | fields=16
02:29:34 [INFO]   → Found 2 PDFs on https://www.digg.se/om-oss/nyheter/ovriga-nyheter-fran-digg/nyheter/2025-12-18-uppdrag-till-digg-och-pts-att-ga-samman
02:29:38 [INFO]     [OK] cbbabf78… |   911 KB | year=2025 (2024-2025) | fields=20
02:29:42 [INFO]     [OK] acf61240… |   813 KB | year=2025 (2024-2025) | fields=20
02:32:55 [INFO]   → Found 1 PDFs on https://www.digg.se/kunskap-och-stod/e-handel/lag-forordning-och-foreskrifter-for-e-handel/e-faktura-fran-statliga-myndigheter
02:32:58 [INFO]     [OK] 170a4482… |   164 KB | year=2022 (2020-2023) | fields=20
02:33:41 [INFO]   → Found 1 PDFs on https://www.digg.se/analys-och-uppfoljning/publikationer/publikationer/2025-12-12-redovisning-av-uppdraget-att-utveckla-och-tillhandahalla-en-sammanhallen-infrastruktur-for-identitet-och-behorighet
02:33:46 [INFO]     [OK] 3b8c5a84… |  1201 KB | year=2025 (2024-2025) | fields=28
02:33:50 [INFO]   → Found 1 PDFs on https://www.digg.se/analys-och-uppfoljning/publikationer/publikationer/2020-01-14-framja-den-offentliga-forvaltningens-formaga-att-anvanda-ai
02:33:55 [INFO]     [OK] 188c7171… |  2544 KB | year=2022 (2020-2023) | fields=22
02:39:42 [WARNING]   [HTTP error] https://www.digg.se/om-oss/remisser-och-yttranden/yttranden-2024/yttranden-2024/2024-05-21-ett-nytt-nationellt-cybersakerhetscenter---del1: HTTPSConnectionPool(host='www.digg.se', port=443): Read timed out. (read timeout=20)
02:40:58 [INFO]   → Found 5 PDFs on https://www.digg.se/analys-och-uppfoljning/publikationer/publikationer/2025-01-31-slutredovisning-forslag-till-langsiktig-utveckling-och-forvaltning-av-ena
02:41:02 [INFO]     [OK] ca25f6a2… |  1082 KB | year=2025 (2024-2025) | fields=28
02:41:06 [INFO]     [OK] b9600f0e… |   422 KB | year=2025 (2024-2025) | fields=27
02:41:10 [INFO]     [OK] a6611bcc… |   745 KB | year=2025 (2024-2025) | fields=27
02:41:14 [INFO]     [OK] 564c3071… |   201 KB | year=2025 (2024-2025) | fields=27
02:41:19 [INFO]     [OK] c9d0e0c7… |   536 KB | year=2025 (2024-2025) | fields=27
02:41:24 [INFO]   → Found 1 PDFs on https://www.digg.se/analys-och-uppfoljning/publikationer/publikationer/2026-03-27-redovisning-av-uppdrag-till-digg-att-forbereda-en-overforing-av-uppgifter-till-pts-och-avveckling-av-myndigheten
02:41:29 [INFO]     [OK] 14c8b29d… |   192 KB | year=2026 (post-2026) | fields=26
02:41:33 [INFO]   → Found 4 PDFs on https://www.digg.se/analys-och-uppfoljning/publikationer/publikationer/2026-02-27-redovisning-av-uppdraget-att-stodja-genomforandet-av-sveriges-digitaliseringsstrategi
02:41:37 [INFO]     [OK] 98f0bfd4… |  1569 KB | year=2026 (post-2026) | fields=23
02:41:42 [INFO]     [OK] b9dc858d… |  1411 KB | year=2026 (post-2026) | fields=22
02:41:46 [INFO]     [OK] 59c05c1c… |   107 KB | year=2026 (post-2026) | fields=12
02:41:50 [INFO]     [OK] 59c05c1c… |   107 KB | year=2026 (post-2026) | fields=12
02:42:03 [INFO]   → Found 1 PDFs on https://www.digg.se/analys-och-uppfoljning/publikationer/publikationer/2025-10-28-redovisning-av-uppdrag-att-ta-fram-en-eller-flera-digitala-planbocker
02:42:08 [INFO]     [OK] 4824f927… |  1747 KB | year=2025 (2024-2025) | fields=27
02:42:11 [INFO]   → Found 6 PDFs on https://www.digg.se/analys-och-uppfoljning/publikationer/publikationer/2025-06-24-uppfoljning-av-statliga-myndigheters-digitalisering-2024
02:42:15 [INFO]     [OK] 039c23fa… |  1778 KB | year=2025 (2024-2025) | fields=29
02:42:18 [INFO]     [OK] d363e988… |   409 KB | year=2025 (2024-2025) | fields=27
02:42:23 [INFO]     [OK] 81637d55… |   474 KB | year=2025 (2024-2025) | fields=26
02:42:27 [INFO]     [OK] 81637d55… |   474 KB | year=2025 (2024-2025) | fields=26
02:42:31 [INFO]     [OK] 81637d55… |   474 KB | year=2025 (2024-2025) | fields=26
02:42:35 [INFO]     [OK] d19f01fa… |   557 KB | year=2025 (2024-2025) | fields=27
02:42:39 [INFO]   → Found 1 PDFs on https://www.digg.se/analys-och-uppfoljning/publikationer/publikationer/2025-06-02-redovisning-av-myndighetens-arbete-med-artificiell-intelligens
02:42:43 [INFO]     [OK] 6dd10401… |   339 KB | year=2025 (2024-2025) | fields=27
02:42:48 [INFO]   → Found 1 PDFs on https://www.digg.se/analys-och-uppfoljning/publikationer/publikationer/2025-04-29-digg-reflekterar---ett-litet-steg-for-digitaliseringen-ett-stort-kliv-for-manniskan
02:42:52 [INFO]     [OK] 3a063c1d… |  5190 KB | year=2025 (2024-2025) | fields=40
02:42:56 [INFO]   → Found 2 PDFs on https://www.digg.se/analys-och-uppfoljning/publikationer/publikationer/2025-04-24-uppdrag-att-ansvara-for-genomforandet-av-open-data-charters-stadga
02:43:01 [INFO]     [OK] 9bdad8da… |   317 KB | year=2025 (2024-2025) | fields=27
02:43:06 [INFO]     [OK] 250ffc15… |   480 KB | year=2025 (2024-2025) | fields=27
02:43:09 [INFO]   → Found 2 PDFs on https://www.digg.se/analys-och-uppfoljning/publikationer/publikationer/2025-04-02-utredning-framtida-drift-sweden-connect
02:43:13 [INFO]     [OK] 8f77f8c6… |   416 KB | year=2024 (2024-2025) | fields=19
02:43:17 [INFO]     [OK] c737d767… |   153 KB | year=2024 (2024-2025) | fields=17
02:43:21 [INFO]   → Found 2 PDFs on https://www.digg.se/analys-och-uppfoljning/publikationer/publikationer/2025-03-14-redovisning-av-uppdrag-att-lamna-forslag-pa-organisationsforandring
02:43:25 [INFO]     [OK] bf282a49… |   453 KB | year=2025 (2024-2025) | fields=27
02:43:29 [INFO]     [OK] 76b03a78… |   146 KB | year=2025 (2024-2025) | fields=27
02:43:32 [INFO]   → Found 3 PDFs on https://www.digg.se/analys-och-uppfoljning/publikationer/publikationer/2025-02-25-redovisning-av-hur-myndigheternas-arbete-fortgar-och-det-svenska-deltagandet-i-programmet-for-ett-digitalt-europa-2024
02:43:36 [INFO]     [OK] 9783c5d6… |   262 KB | year=2025 (2024-2025) | fields=27
02:43:41 [INFO]     [OK] 09842d0e… |   520 KB | year=2025 (2024-2025) | fields=26
02:43:46 [INFO]     [OK] bfc6291e… |   492 KB | year=2025 (2024-2025) | fields=27
02:43:49 [INFO]   → Found 1 PDFs on https://www.digg.se/analys-och-uppfoljning/publikationer/publikationer/2025-01-31-overvakning-av-digital-offentlig-service-i-sverige-2022-2024
02:43:53 [INFO]     [OK] ea4da5b2… |  1189 KB | year=2022 (2020-2023) | fields=28
02:43:57 [INFO]   → Found 1 PDFs on https://www.digg.se/analys-och-uppfoljning/publikationer/publikationer/2025-01-20-slutredovisning-digg-och-imy-uppdrag-att-ta-fram-riktlinjer-for-anvandningen-av-generativ-artificiell-intelligens-inom-den-offentliga-forvaltningen
02:44:01 [INFO]     [OK] 44ff1791… |   363 KB | year=2024 (2024-2025) | fields=22
02:44:05 [INFO]   → Found 1 PDFs on https://www.digg.se/analys-och-uppfoljning/publikationer/publikationer/2024-12-19-europeiska-digitala-infrastrukturkonsortier-edic
02:44:10 [INFO]     [OK] 304ea050… |   569 KB | year=2024 (2024-2025) | fields=28
02:44:15 [INFO]   → Found 1 PDFs on https://www.digg.se/analys-och-uppfoljning/publikationer/publikationer/2024-12-17-halvtidsutvardering-av-det-svenska-deltagandet-i-programmet-for-ett-digitalt-europa
02:44:19 [INFO]     [OK] 43461a72… |   863 KB | year=2024 (2024-2025) | fields=28
02:44:23 [INFO]   → Found 3 PDFs on https://www.digg.se/analys-och-uppfoljning/publikationer/publikationer/2024-12-11-forslag-for-den-svenska-anslutningen-till-eus-tekniska-system-for-gransoverskridande-utbyte-av-bevis
02:44:27 [INFO]     [OK] 6153b605… |   765 KB | year=2024 (2024-2025) | fields=27
02:44:31 [INFO]     [OK] 28455322… |   352 KB | year=2024 (2024-2025) | fields=26
02:44:35 [INFO]     [OK] 667c6a0c… |   318 KB | year=2024 (2024-2025) | fields=26
02:44:39 [INFO]   → Found 4 PDFs on https://www.digg.se/analys-och-uppfoljning/publikationer/publikationer/2024-10-31-ett-samhalle-i-forandring---underlag-till-regeringens-strategiska-prioriteringar
02:44:44 [INFO]     [OK] 8f06af52… |  3319 KB | year=2024 (2024-2025) | fields=27
02:44:48 [INFO]     [OK] 6ae0b7fd… |   479 KB | year=2024 (2024-2025) | fields=26
02:44:53 [INFO]     [OK] 711a2507… |  1334 KB | year=2024 (2024-2025) | fields=27
02:44:58 [INFO]     [OK] 134c5dfd… |   507 KB | year=2024 (2024-2025) | fields=27
02:45:03 [INFO]   → Found 1 PDFs on https://www.digg.se/analys-och-uppfoljning/publikationer/publikationer/2024-10-29-forslag-till-prioriteringar-for-det-svenska-deltagandet-i-programmet-for-ett-digitalt-europa-2025
02:45:06 [INFO]     [OK] b3bfa865… |   668 KB | year=2024 (2024-2025) | fields=28
02:45:10 [INFO]   → Found 4 PDFs on https://www.digg.se/analys-och-uppfoljning/publikationer/publikationer/2024-10-11-uppfoljning-av-statliga-myndigheters-digitalisering-2023
02:45:15 [INFO]     [OK] 67cfc96d… |  1596 KB | year=2024 (2024-2025) | fields=29
02:45:19 [INFO]     [OK] da7adae3… |   479 KB | year=2024 (2024-2025) | fields=30
02:45:23 [INFO]     [OK] 2f1d6e92… |   512 KB | year=2023 (2020-2023) | fields=28
02:45:28 [INFO]     [OK] ced212f6… |  1090 KB | year=2024 (2024-2025) | fields=30
02:45:33 [INFO]   → Found 1 PDFs on https://www.digg.se/analys-och-uppfoljning/publikationer/publikationer/2024-06-10-att-mata-digitalisering-i-foretag---perspektiv-pa-digitalisering
02:45:38 [INFO]     [OK] 53e501b9… |   812 KB | year=2024 (2024-2025) | fields=67
02:45:42 [INFO]   → Found 3 PDFs on https://www.digg.se/analys-och-uppfoljning/publikationer/publikationer/2024-03-27-uppdrag-att-tillhandahalla-infrastruktur-for-saker-digital-kommunikation
02:45:47 [INFO]     [OK] 57c226db… |   286 KB | year=2024 (2024-2025) | fields=29
02:45:52 [INFO]     [OK] 20f3807e… |   265 KB | year=2024 (2024-2025) | fields=22
02:45:55 [INFO]     [OK] c8d7c3f6… |   475 KB | year=2024 (2024-2025) | fields=22
02:46:00 [INFO]   → Found 1 PDFs on https://www.digg.se/analys-och-uppfoljning/publikationer/publikationer/2024-03-01-strategiska-prioriteringar-for-digitaliseringspolitiken-2025-2030---mot-ett-digitalt-sverige-2030
02:46:05 [INFO]     [OK] cf6bffa2… |   737 KB | year=2024 (2024-2025) | fields=20
02:46:08 [INFO]   → Found 2 PDFs on https://www.digg.se/analys-och-uppfoljning/publikationer/publikationer/2024-02-28-redovisning-av-hur-myndigheternas-arbete-fortgar-och-det-svenska-deltagandet-i-programmet-for-ett-digitalt-europa-2023
02:46:14 [INFO]     [OK] c8d853e6… |   207 KB | year=2024 (2024-2025) | fields=21
02:46:17 [INFO]     [OK] 1fce4b59… |   408 KB | year=2024 (2024-2025) | fields=17
02:46:22 [INFO]   → Found 1 PDFs on https://www.digg.se/analys-och-uppfoljning/publikationer/publikationer/2024-01-23-uppdrag-att-stodja-kommuners-anvandning-av-artificiell-intelligens-inom-socialtjansten
02:46:27 [INFO]     [OK] 54aa5201… |   715 KB | year=2023 (2020-2023) | fields=19
02:46:30 [INFO]   → Found 2 PDFs on https://www.digg.se/analys-och-uppfoljning/publikationer/publikationer/2024-01-09-uppdrag-att-stodja-regeringens-arbete-med-fortsatt-digitalisering-av-valfarden-genom-att-identifiera-rattsliga-hinder
02:46:43 [INFO]   → Found 1 PDFs on https://www.digg.se/analys-och-uppfoljning/publikationer/publikationer/2023-12-19-perspektiv-pa-digitalisering---digital-kompetens
02:46:48 [INFO]     [OK] 697dcca1… |  3181 KB | year=2023 (2020-2023) | fields=20
02:46:51 [INFO]   → Found 1 PDFs on https://www.digg.se/analys-och-uppfoljning/publikationer/publikationer/2023-12-19-covidbevis---en-biljett-till-samhallet
02:47:00 [INFO]   → Found 4 PDFs on https://www.digg.se/analys-och-uppfoljning/publikationer/publikationer/2023-11-28-uppfoljning-av-statliga-myndigheters-digitalisering-2022
02:47:05 [INFO]     [OK] 07349da8… |  2708 KB | year=2023 (2020-2023) | fields=22
02:47:09 [INFO]     [OK] a3beb936… |   362 KB | year=2023 (2020-2023) | fields=19
02:47:13 [INFO]     [OK] e1b696fe… |   324 KB | year=2023 (2020-2023) | fields=20
02:47:17 [INFO]     [OK] 0f142f2f… |   538 KB | year=2023 (2020-2023) | fields=19
02:47:21 [INFO]   → Found 1 PDFs on https://www.digg.se/analys-och-uppfoljning/publikationer/publikationer/2023-11-03-forslag-pa-prioriteringar-for-det-svenska-deltagandet-i-programmet-for-ett-digitalt-europa-2024
02:47:26 [INFO]   → Found 1 PDFs on https://www.digg.se/analys-och-uppfoljning/publikationer/publikationer/2023-09-06-digitalisering-for--forvaltningsgemensam-nytta
02:47:30 [INFO]     [OK] f53cd032… |   988 KB | year=2023 (2020-2023) | fields=22
02:47:34 [INFO]   → Found 1 PDFs on https://www.digg.se/analys-och-uppfoljning/publikationer/publikationer/2023-08-15-nationell-fardplan-for-det-digitala-decenniet
02:47:38 [INFO]     [OK] 900aaaaf… |  1944 KB | year=2023 (2020-2023) | fields=24
02:47:43 [INFO]   → Found 1 PDFs on https://www.digg.se/analys-och-uppfoljning/publikationer/publikationer/2023-05-25-perspektiv-pa-digitalisering---digitaliseringens-klimat--och-miljoeffekter
02:47:48 [INFO]     [OK] 14dab165… |  1933 KB | year=2023 (2020-2023) | fields=20
02:47:48 [INFO]   Both quotas filled — moving to next authority
02:47:48 [INFO] 
[Myndigheten för digital förvaltning] Done. Pre-NIS2: 50/50  NIS2-prep: 50/50
02:47:48 [INFO] 
============================================================
Authority : Post- och telestyrelsen
Tier      : 2
Quota left: 2020-2023=50  2024-2025=50
============================================================
02:49:42 [INFO] 
[Post- och telestyrelsen] Done. Pre-NIS2: 0/50  NIS2-prep: 0/50
02:49:42 [INFO] 
============================================================
Authority : Trafikverket
Tier      : 2
Quota left: 2020-2023=50  2024-2025=50
============================================================
02:50:35 [INFO]   → Found 3 PDFs on https://trafikverket.se/om-oss/pressrum/
02:50:39 [INFO]     [OK] 81a78259… |   318 KB | year=2026 (post-2026) | fields=16
02:50:44 [INFO]     [OK] 20ef8429… |   878 KB | year=2026 (post-2026) | fields=16
02:50:48 [INFO]     [OK] 1c856466… |   269 KB | year=2026 (post-2026) | fields=16
02:50:52 [INFO]   → Found 4 PDFs on https://bransch.trafikverket.se/om-oss/Fakturor-till-Trafikverket/
02:50:55 [INFO]     [OK] 7f803cdd… |   220 KB | year=2025 (2024-2025) | fields=29
02:51:03 [INFO]     [OK] cae0d559… |    18 KB | year=2021 (2020-2023) | fields=14
02:51:07 [INFO]     [OK] 1522ad43… |    14 KB | year=2021 (2020-2023) | fields=13
02:53:32 [INFO]   → Found 24 PDFs on https://www.trafikverket.se/om-oss/var-verksamhet-vision-och-uppdrag/trafikverkets-forfattningssamling/
02:53:36 [INFO]     [OK] a9081e08… |   140 KB | year=2022 (2020-2023) | fields=8
02:53:40 [INFO]     [OK] ce4c6334… |    17 KB | year=2022 (2020-2023) | fields=19
02:53:44 [INFO]     [OK] 6ee09422… |     8 KB | year=2022 (2020-2023) | fields=18
02:53:48 [INFO]     [OK] ce4c6334… |    17 KB | year=2022 (2020-2023) | fields=19
02:53:52 [INFO]     [OK] 448a09df… |     7 KB | year=2022 (2020-2023) | fields=18
02:53:55 [INFO]     [OK] 3460a9e3… |    16 KB | year=2022 (2020-2023) | fields=16
02:53:59 [INFO]     [OK] 3f9b06dc… |    10 KB | year=2022 (2020-2023) | fields=18
02:54:04 [INFO]     [OK] cc89ede9… |     9 KB | year=2022 (2020-2023) | fields=18
02:54:07 [INFO]     [OK] 6077df96… |     6 KB | year=2022 (2020-2023) | fields=16
02:54:11 [INFO]     [OK] 3fcfd724… |    13 KB | year=2022 (2020-2023) | fields=17
02:54:11 [INFO]   [CAP] Reached 10-file limit for this page. Moving to other pages.
02:54:50 [INFO]   → Found 1 PDFs on https://www.trafikverket.se/om-oss/jobba-hos-oss/nyckelroller-pa-jarnvagen/
02:54:54 [INFO]     [OK] 595da4d1… |   126 KB | year=2026 (post-2026) | fields=17
02:55:27 [INFO]   → Found 3 PDFs on https://www.trafikverket.se/om-oss/pressrum/
02:55:31 [INFO]     [OK] 81a78259… |   318 KB | year=2026 (post-2026) | fields=16
02:55:36 [INFO]     [OK] 20ef8429… |   878 KB | year=2026 (post-2026) | fields=16
02:55:40 [INFO]     [OK] 1c856466… |   269 KB | year=2026 (post-2026) | fields=16
02:56:31 [INFO]   → Found 1 PDFs on https://www.trafikverket.se/om-oss/var-verksamhet-vision-och-uppdrag/civilt-forsvar-och-krisberedskap/
02:56:35 [INFO]     [OK] 9fb69e6a… |  5362 KB | year=2025 (2024-2025) | fields=35
02:57:14 [INFO]   → Found 1 PDFs on https://www.trafikverket.se/om-oss/skydda-klimat-miljo-och-halsa-i-vart-arbete/farjerederiets-klimat--och-miljoarbete--vision-45/
02:57:19 [INFO]     [OK] 9805c83c… |  4901 KB | year=2025 (2024-2025) | fields=17
02:59:07 [INFO]   → Found 5 PDFs on https://bransch.trafikverket.se/for-dig-i-branschen/upphandling/sakerhetsskyddade-upphandlingar-nar-trafikverket-ingar-avtal/
02:59:11 [INFO]     [OK] 87c5d965… |   278 KB | year=2025 (2024-2025) | fields=17
02:59:16 [INFO]     [OK] 81e4fb05… |   285 KB | year=2025 (2024-2025) | fields=17
02:59:21 [INFO]     [OK] 162ea30d… |   241 KB | year=2025 (2024-2025) | fields=17
02:59:25 [INFO]     [OK] bfa8b2f6… |   263 KB | year=2025 (2024-2025) | fields=17
02:59:29 [INFO]     [OK] cff8ecde… |   241 KB | year=2025 (2024-2025) | fields=17
03:00:49 [INFO]   → Found 308 PDFs on https://bransch.trafikverket.se/om-oss/var-verksamhet/regeringsuppdrag-remisser-och-remissvar/Regeringsuppdrag/
03:00:54 [INFO]     [OK] 6e221756… |   682 KB | year=2024 (2024-2025) | fields=20
03:00:59 [INFO]     [OK] 1ab5c0ef… |   139 KB | year=2022 (2020-2023) | fields=17
03:01:03 [INFO]     [OK] def81409… |   328 KB | year=2026 (post-2026) | fields=17
03:01:08 [INFO]     [OK] eb198b27… |   313 KB | year=2025 (2024-2025) | fields=17
03:01:12 [INFO]     [OK] 81775452… |   616 KB | year=2025 (2024-2025) | fields=30
03:01:17 [INFO]     [OK] 57b53cd2… |   180 KB | year=2025 (2024-2025) | fields=17
03:01:23 [INFO]     [OK] 8d5b9bff… |  3680 KB | year=2024 (2024-2025) | fields=14
03:01:26 [INFO]     [OK] 1bbca095… |   160 KB | year=2025 (2024-2025) | fields=24
03:01:32 [INFO]     [OK] db4a8255… |  8280 KB | year=2024 (2024-2025) | fields=10
03:01:37 [INFO]     [OK] c54779d0… |  1744 KB | year=2024 (2024-2025) | fields=19
03:01:37 [INFO]   [CAP] Reached 10-file limit for this page. Moving to other pages.
03:01:43 [INFO]   → Found 374 PDFs on https://bransch.trafikverket.se/om-oss/var-verksamhet/regeringsuppdrag-remisser-och-remissvar/Remissvar/
03:01:48 [INFO]     [OK] 9467f0c1… |   259 KB | year=2025 (2024-2025) | fields=29
03:01:52 [INFO]     [OK] 03aa5482… |   227 KB | year=2025 (2024-2025) | fields=29
03:01:56 [INFO]     [OK] b731097c… |   288 KB | year=2024 (2024-2025) | fields=29
03:02:01 [INFO]     [OK] e71e6210… |   230 KB | year=2025 (2024-2025) | fields=29
03:02:05 [INFO]     [OK] 06833ac3… |   223 KB | year=2025 (2024-2025) | fields=29
03:02:10 [INFO]     [OK] 81c3502d… |   424 KB | year=2025 (2024-2025) | fields=30
03:02:14 [INFO]     [OK] f00bb236… |   371 KB | year=2024 (2024-2025) | fields=30
03:02:19 [INFO]     [OK] bfeb6f4c… |   372 KB | year=2024 (2024-2025) | fields=30
03:02:23 [INFO]     [OK] 6c2c2d61… |  1775 KB | year=2024 (2024-2025) | fields=19
03:02:27 [INFO]     [OK] 7dbb4051… |   690 KB | year=2024 (2024-2025) | fields=19
03:02:27 [INFO]   [CAP] Reached 10-file limit for this page. Moving to other pages.
03:04:39 [WARNING]   [HTTP error] https://bransch.trafikverket.se/om-oss/var-verksamhet/sa-har-jobbar-vi-med/: 404 Client Error: File not found for url: https://bransch.trafikverket.se/om-oss/var-verksamhet/sa-har-jobbar-vi-med/
03:05:12 [INFO]   → Found 1 PDFs on https://trafikverket.se/om-oss/jobba-hos-oss/nyckelroller-pa-jarnvagen/
03:05:16 [INFO]     [OK] 595da4d1… |   126 KB | year=2026 (post-2026) | fields=17
03:07:02 [INFO]   → Found 1 PDFs on https://trafikverket.se/om-oss/var-verksamhet-vision-och-uppdrag/civilt-forsvar-och-krisberedskap/
03:07:07 [INFO]     [OK] 9fb69e6a… |  5362 KB | year=2025 (2024-2025) | fields=35
03:07:28 [INFO]   → Found 24 PDFs on https://trafikverket.se/om-oss/var-verksamhet-vision-och-uppdrag/trafikverkets-forfattningssamling/
03:07:32 [INFO]     [OK] a9081e08… |   140 KB | year=2022 (2020-2023) | fields=8
03:07:37 [INFO]     [OK] ce4c6334… |    17 KB | year=2022 (2020-2023) | fields=19
03:07:40 [INFO]     [OK] 6ee09422… |     8 KB | year=2022 (2020-2023) | fields=18
03:07:44 [INFO]     [OK] ce4c6334… |    17 KB | year=2022 (2020-2023) | fields=19
03:07:48 [INFO]     [OK] 448a09df… |     7 KB | year=2022 (2020-2023) | fields=18
03:07:53 [INFO]     [OK] 3460a9e3… |    16 KB | year=2022 (2020-2023) | fields=16
03:07:57 [INFO]     [OK] 3f9b06dc… |    10 KB | year=2022 (2020-2023) | fields=18
03:08:00 [INFO]     [OK] cc89ede9… |     9 KB | year=2022 (2020-2023) | fields=18
03:08:05 [INFO]     [OK] 6077df96… |     6 KB | year=2022 (2020-2023) | fields=16
03:08:09 [INFO]     [OK] 3fcfd724… |    13 KB | year=2022 (2020-2023) | fields=17
03:08:09 [INFO]   [CAP] Reached 10-file limit for this page. Moving to other pages.
03:08:36 [INFO]   → Found 1 PDFs on https://trafikverket.se/om-oss/skydda-klimat-miljo-och-halsa-i-vart-arbete/farjerederiets-klimat--och-miljoarbete--vision-45/
03:08:42 [INFO]     [OK] 9805c83c… |  4901 KB | year=2025 (2024-2025) | fields=17
03:10:42 [INFO]   → Found 46 PDFs on https://bransch.trafikverket.se/for-dig-i-branschen/teknik/Tekniska-dokument/tekniska-krav-och-rad/
03:12:43 [INFO]   → Found 9 PDFs on https://bransch.trafikverket.se/for-dig-i-branschen/teknik/Tekniska-dokument/AMA---allman-material--och-arbetsbeskrivning/
03:14:01 [INFO]   → Found 1 PDFs on https://bransch.trafikverket.se/for-dig-i-branschen/upphandling/Planerade-upphandlingar/Upphandling/
03:14:05 [INFO]     [OK] d1659831… |  3612 KB | year=2024 (2024-2025) | fields=31
03:14:09 [INFO]   → Found 3 PDFs on https://bransch.trafikverket.se/for-dig-i-branschen/upphandling/Planerade-upphandlingar/malarbanan/
03:14:13 [INFO]     [OK] 8d244a80… |  1457 KB | year=2026 (post-2026) | fields=17
03:14:16 [INFO]     [OK] aa469ead… |  1052 KB | year=2026 (post-2026) | fields=17
03:14:21 [INFO]     [OK] 14d776d1… |  1667 KB | year=2025 (2024-2025) | fields=17
03:14:30 [INFO]   → Found 22 PDFs on https://bransch.trafikverket.se/for-dig-i-branschen/upphandling/Planerade-upphandlingar/tvarforbindelse-sodertorn/
03:14:34 [INFO]     [OK] 1df1df30… |   302 KB | year=2022 (2020-2023) | fields=27
03:14:38 [INFO]     [OK] a80cafc3… |   749 KB | year=2026 (post-2026) | fields=17
03:14:42 [INFO]     [OK] e75fbf3a… |   504 KB | year=2024 (2024-2025) | fields=17
03:14:47 [INFO]     [OK] 5687e001… |   358 KB | year=2025 (2024-2025) | fields=17
03:14:52 [INFO]     [OK] 5947a178… |   432 KB | year=2025 (2024-2025) | fields=17
03:14:59 [INFO]     [OK] 8ad2e6ca… | 12326 KB | year=2024 (2024-2025) | fields=17
03:15:05 [INFO]     [OK] 1f1d385b… | 11165 KB | year=2024 (2024-2025) | fields=17
03:15:10 [INFO]     [OK] ff376312… |  1079 KB | year=2024 (2024-2025) | fields=17
03:15:18 [INFO]     [OK] 6802f4b2… | 13490 KB | year=2024 (2024-2025) | fields=33
03:15:21 [INFO]     [OK] 2f98074a… |   697 KB | year=2024 (2024-2025) | fields=17
03:15:21 [INFO]   [CAP] Reached 10-file limit for this page. Moving to other pages.
03:15:29 [INFO]   → Found 4 PDFs on https://bransch.trafikverket.se/for-dig-i-branschen/upphandling/Planerade-upphandlingar/norrbotniabanan/
03:15:34 [INFO]     [OK] b3e67158… |   277 KB | year=2022 (2020-2023) | fields=12
03:15:38 [INFO]     [OK] aa42adfd… |   535 KB | year=2022 (2020-2023) | fields=17
03:15:42 [INFO]     [OK] 5307e189… |  4017 KB | year=2024 (2024-2025) | fields=19
03:15:48 [INFO]     [OK] 1f93a626… |  6407 KB | year=2025 (2024-2025) | fields=15
03:15:51 [INFO]   → Found 2 PDFs on https://bransch.trafikverket.se/for-dig-i-branschen/upphandling/Planerade-upphandlingar/goteborgboras-en-del-av-nya-stambanor/
03:15:56 [INFO]     [OK] 60f26912… |  4957 KB | year=2021 (2020-2023) | fields=18
03:16:01 [INFO]     [OK] 7580ea4d… |  1926 KB | year=2022 (2020-2023) | fields=17
03:16:35 [INFO]   → Found 9 PDFs on https://bransch.trafikverket.se/for-dig-i-branschen/upphandling/sakerhetsskyddade-upphandlingar-nar-trafikverket-ingar-avtal/sakerhetsprovning-med-registerkontroll-for-anbudsgivare/
03:16:40 [INFO]     [OK] c3f29896… |   471 KB | year=2025 (2024-2025) | fields=10
03:16:44 [INFO]     [OK] bc40e57c… |   600 KB | year=2025 (2024-2025) | fields=10
03:16:49 [INFO]     [OK] 13e84853… |   513 KB | year=2025 (2024-2025) | fields=10
03:16:53 [INFO]     [OK] 21f71e30… |   713 KB | year=2025 (2024-2025) | fields=10
03:16:56 [INFO]     [OK] 74037371… |   890 KB | year=2025 (2024-2025) | fields=10
03:17:01 [INFO]     [OK] 1b2128fc… |   153 KB | year=2026 (post-2026) | fields=18
03:17:06 [INFO]     [OK] 74037371… |   890 KB | year=2025 (2024-2025) | fields=10
03:17:10 [INFO]     [OK] 0eda442d… |  1079 KB | year=2026 (post-2026) | fields=10
03:17:14 [INFO]     [OK] 2ae989ef… |   917 KB | year=2025 (2024-2025) | fields=10
03:19:35 [WARNING]   [HTTP error] https://bransch.trafikverket.se/om-oss/nyheter/: 404 Client Error: File not found for url: https://bransch.trafikverket.se/om-oss/nyheter/
03:19:39 [WARNING]   [HTTP error] https://bransch.trafikverket.se/om-oss/nyheter/trafikverkets-podcasts/klar-for-korkort/: 404 Client Error: File not found for url: https://bransch.trafikverket.se/om-oss/nyheter/trafikverkets-podcasts/klar-for-korkort/
03:19:43 [WARNING]   [HTTP error] https://bransch.trafikverket.se/om-oss/nyheter/trafikverkets-podcasts/jarnvagspodden/: 404 Client Error: File not found for url: https://bransch.trafikverket.se/om-oss/nyheter/trafikverkets-podcasts/jarnvagspodden/
03:19:48 [WARNING]   [HTTP error] https://bransch.trafikverket.se/om-oss/kontakta-oss/: 404 Client Error: File not found for url: https://bransch.trafikverket.se/om-oss/kontakta-oss/
03:19:52 [WARNING]   [HTTP error] https://bransch.trafikverket.se/om-oss/kontakta-oss/om-webbplatsen/#tyck_till_om_webbplatsen: 404 Client Error: File not found for url: https://bransch.trafikverket.se/om-oss/kontakta-oss/om-webbplatsen/#tyck_till_om_webbplatsen
03:19:56 [WARNING]   [HTTP error] https://bransch.trafikverket.se/om-oss/jobba-hos-oss/lediga-jobb/: 404 Client Error: File not found for url: https://bransch.trafikverket.se/om-oss/jobba-hos-oss/lediga-jobb/
03:20:01 [WARNING]   [HTTP error] https://bransch.trafikverket.se/om-oss/kontakta-oss/trafikverkets-visslarfunktion/: 404 Client Error: File not found for url: https://bransch.trafikverket.se/om-oss/kontakta-oss/trafikverkets-visslarfunktion/
03:20:05 [WARNING]   [HTTP error] https://bransch.trafikverket.se/om-oss/var-verksamhet-vision-och-uppdrag/: 404 Client Error: File not found for url: https://bransch.trafikverket.se/om-oss/var-verksamhet-vision-och-uppdrag/
03:20:09 [WARNING]   [HTTP error] https://bransch.trafikverket.se/om-oss/kontakta-oss/om-webbplatsen/tillganglighetsredogorelse-for-trafikverket/: 404 Client Error: File not found for url: https://bransch.trafikverket.se/om-oss/kontakta-oss/om-webbplatsen/tillganglighetsredogorelse-for-trafikverket/
03:20:13 [INFO]   → Found 298 PDFs on https://bransch.trafikverket.se/om-oss/var-verksamhet/regeringsuppdrag-remisser-och-remissvar/Regeringsuppdrag/?expandid=global-area-32570#global-area-32570
03:20:17 [INFO]     [OK] 69365478… |   332 KB | year=2024 (2024-2025) | fields=18
03:20:21 [INFO]     [OK] 4253230a… |  1907 KB | year=2024 (2024-2025) | fields=19
03:20:26 [INFO]     [OK] 8148f7ca… |   898 KB | year=2022 (2020-2023) | fields=17
03:20:30 [INFO]     [OK] fb43471a… |  2028 KB | year=2022 (2020-2023) | fields=19
03:20:36 [INFO]     [OK] 31d0342d… |   138 KB | year=2024 (2024-2025) | fields=19
03:20:57 [INFO]     [OK] 2769cce8… |  1236 KB | year=2023 (2020-2023) | fields=17
03:21:01 [INFO]     [OK] 89a4408c… |   111 KB | year=2023 (2020-2023) | fields=17
03:21:04 [INFO]     [OK] 6e2256c2… |  2339 KB | year=2023 (2020-2023) | fields=13
03:21:09 [INFO]     [OK] 5265d152… |   720 KB | year=2023 (2020-2023) | fields=20
03:21:14 [INFO]     [OK] 5557364c… |  4116 KB | year=2023 (2020-2023) | fields=19
03:21:14 [INFO]   [CAP] Reached 10-file limit for this page. Moving to other pages.
03:21:20 [INFO]   → Found 284 PDFs on https://bransch.trafikverket.se/om-oss/var-verksamhet/regeringsuppdrag-remisser-och-remissvar/Regeringsuppdrag/?expandid=global-area-43176#global-area-43176
03:21:24 [INFO]     [OK] 51bab439… |   730 KB | year=2022 (2020-2023) | fields=13
03:21:29 [INFO]     [OK] bbdd1617… |   652 KB | year=2023 (2020-2023) | fields=13
03:21:37 [INFO]     [OK] d38bcfa3… |   854 KB | year=2022 (2020-2023) | fields=13
03:21:41 [INFO]     [OK] 651e8c6a… |   878 KB | year=2021 (2020-2023) | fields=28
03:21:46 [INFO]     [OK] 2a143994… |  1543 KB | year=2022 (2020-2023) | fields=10
03:21:51 [INFO]     [OK] 11140928… |   931 KB | year=2022 (2020-2023) | fields=17
03:21:54 [INFO]     [OK] 021a3a0f… |   933 KB | year=2022 (2020-2023) | fields=12
03:21:57 [INFO]     [OK] 37aa6c95… |   846 KB | year=2021 (2020-2023) | fields=29
03:22:02 [INFO]     [OK] 792caabb… |   695 KB | year=2021 (2020-2023) | fields=28
03:22:06 [INFO]     [OK] 6a0630bf… |  1693 KB | year=2021 (2020-2023) | fields=29
03:22:06 [INFO]   [CAP] Reached 10-file limit for this page. Moving to other pages.
03:22:12 [INFO]   → Found 272 PDFs on https://bransch.trafikverket.se/om-oss/var-verksamhet/regeringsuppdrag-remisser-och-remissvar/Regeringsuppdrag/?expandid=megamenu0#megamenu0
03:22:15 [INFO]     [OK] a2d29638… |   910 KB | year=2021 (2020-2023) | fields=13
03:22:19 [INFO]     [OK] 0aa51f45… |  1340 KB | year=2021 (2020-2023) | fields=27
03:22:23 [INFO]     [OK] 95987b56… |  1232 KB | year=2021 (2020-2023) | fields=18
03:22:27 [INFO]     [OK] 518b9a33… |   411 KB | year=2021 (2020-2023) | fields=28
03:22:31 [INFO]     [OK] 60db42ef… |  2073 KB | year=2020 (2020-2023) | fields=31
03:22:31 [INFO]   Both quotas filled — moving to next authority
03:22:31 [INFO] 
[Trafikverket] Done. Pre-NIS2: 50/50  NIS2-prep: 50/50
03:22:31 [INFO] 
============================================================
Authority : Transportstyrelsen
Tier      : 2
Quota left: 2020-2023=50  2024-2025=50
============================================================
03:22:54 [INFO]   → Found 1 PDFs on https://www.transportstyrelsen.se/sv/om-oss/publikationer-och-rapporter/rapporter/rapporter-inom-vagtrafik/utredningsuppdrag-trafikregleringsmodell-automatiserade-fordon/
03:22:58 [INFO]     [OK] 3fa43e51… |  2110 KB | year=2025 (2024-2025) | fields=15
03:23:39 [INFO]   → Found 25 PDFs on https://www.transportstyrelsen.se/sv/om-oss/dina-rattigheter-lagar-och-regler/lagar-och-regler/regler-for-jarnvag/svensk-lagstiftning/plan-och-byggregler-for-vagar-och-sparvagar/
03:23:44 [INFO]     [OK] 3ef854c4… |  3579 KB | year=2021 (2020-2023) | fields=20
03:23:48 [INFO]     [OK] 9242bd04… |  2275 KB | year=2022 (2020-2023) | fields=19
03:23:53 [INFO]     [OK] d4201af4… |  6055 KB | year=2020 (2020-2023) | fields=20
03:23:57 [INFO]     [OK] b8fddd76… |  2351 KB | year=2020 (2020-2023) | fields=19
03:24:02 [INFO]     [OK] d753c97a… |  1603 KB | year=2020 (2020-2023) | fields=19
03:24:07 [INFO]     [OK] cc9a8ecb… |   591 KB | year=2020 (2020-2023) | fields=24
03:24:26 [INFO]     [OK] 01997b87… |  4350 KB | year=2021 (2020-2023) | fields=23
03:24:30 [INFO]     [OK] b0ccc76b… |   732 KB | year=2024 (2024-2025) | fields=25
03:24:37 [INFO]     [OK] 9a41ff66… |  8945 KB | year=2023 (2020-2023) | fields=18
03:24:41 [INFO]     [OK] 041c2450… |   600 KB | year=2024 (2024-2025) | fields=23
03:24:41 [INFO]   [CAP] Reached 10-file limit for this page. Moving to other pages.
03:25:18 [INFO]   → Found 283 PDFs on https://www.transportstyrelsen.se/sv/om-oss/dina-rattigheter-lagar-och-regler/lagar-och-regler/transportstyrelsens-remissvar/
03:25:23 [INFO]     [OK] 62146898… |    50 KB | year=2026 (post-2026) | fields=18
03:25:26 [INFO]     [OK] 3d47f130… |    66 KB | year=2026 (post-2026) | fields=15
03:25:31 [INFO]     [OK] 0c717c0a… |    57 KB | year=2026 (post-2026) | fields=14
03:25:36 [INFO]     [OK] bd5af0d7… |   136 KB | year=2026 (post-2026) | fields=35
03:25:41 [INFO]     [OK] b153da29… |   109 KB | year=2026 (post-2026) | fields=17
03:25:46 [INFO]     [OK] 639316fd… |    33 KB | year=2026 (post-2026) | fields=18
03:25:50 [INFO]     [OK] 3a50897a… |    23 KB | year=2026 (post-2026) | fields=14
03:25:54 [INFO]     [OK] 48c7e35e… |    42 KB | year=2026 (post-2026) | fields=17
03:25:58 [INFO]     [OK] 7b80684b… |   125 KB | year=2026 (post-2026) | fields=12
03:26:02 [INFO]     [OK] 06ad494b… |   143 KB | year=2026 (post-2026) | fields=18
03:26:02 [INFO]   [CAP] Reached 10-file limit for this page. Moving to other pages.
03:26:40 [INFO]   → Found 1 PDFs on https://www.transportstyrelsen.se/sv/om-oss/publikationer-och-rapporter/publikationer/publikationer-inom-vagtrafik/yrkestrafik/lasta-lagligt/
03:26:47 [INFO]     [OK] dc7340ea… | 15484 KB | year=2023 (2020-2023) | fields=28
03:26:50 [INFO]   → Found 1 PDFs on https://www.transportstyrelsen.se/sv/om-oss/publikationer-och-rapporter/publikationer/publikationer-inom-vagtrafik/korkort/korkort-du-har-val-koll-pa-vad-som-galler/
03:26:56 [INFO]     [OK] 13ad35a4… |  9598 KB | year=2024 (2024-2025) | fields=29
03:27:00 [INFO]   → Found 1 PDFs on https://www.transportstyrelsen.se/sv/om-oss/publikationer-och-rapporter/publikationer/publikationer-inom-vagtrafik/trafikant/stanna-och-parkera/
03:27:04 [INFO]     [OK] b3f1c5ec… |  1605 KB | year=2024 (2024-2025) | fields=28
03:27:08 [INFO]   → Found 1 PDFs on https://www.transportstyrelsen.se/sv/om-oss/publikationer-och-rapporter/publikationer/publikationer-inom-vagtrafik/trafikant/cykeloverfarter/
03:28:19 [INFO]   → Found 1 PDFs on https://www.transportstyrelsen.se/sv/om-oss/publikationer-och-rapporter/rapporter/rapporter-inom-vagtrafik/analys-av-klimat--och-miljoeffekter-av-forandrade-kontrollbesiktningsregler-for-motorfordon/
03:28:41 [INFO]   → Found 1 PDFs on https://www.transportstyrelsen.se/sv/om-oss/publikationer-och-rapporter/rapporter/rapporter-inom-vagtrafik/tillstandsmatning-taxi-2025/
03:28:46 [INFO]     [OK] f1f9f235… |  2697 KB | year=2025 (2024-2025) | fields=14
03:28:50 [INFO]   → Found 1 PDFs on https://www.transportstyrelsen.se/sv/om-oss/publikationer-och-rapporter/rapporter/rapporter-inom-vagtrafik/strada-efter-lag-2021-319/
03:28:56 [INFO]     [OK] e668c476… |  3916 KB | year=2021 (2020-2023) | fields=17
03:29:01 [INFO]   → Found 1 PDFs on https://www.transportstyrelsen.se/sv/om-oss/publikationer-och-rapporter/rapporter/rapporter-inom-vagtrafik/oversyn-av-medicinska-krav-for-korkort-vid-neuropsykiatriska-funktionsnedsattningar/
03:29:05 [INFO]     [OK] bd116569… |  1256 KB | year=2025 (2024-2025) | fields=20
03:29:10 [INFO]   → Found 1 PDFs on https://www.transportstyrelsen.se/sv/om-oss/publikationer-och-rapporter/rapporter/rapporter-inom-vagtrafik/fordonsbesiktningsmarknaden-2024/
03:29:14 [INFO]     [OK] b438c734… |   892 KB | year=2024 (2024-2025) | fields=36
03:29:18 [INFO]   → Found 1 PDFs on https://www.transportstyrelsen.se/sv/om-oss/publikationer-och-rapporter/rapporter/rapporter-inom-vagtrafik/korprov-i-trafik-for-bedomning-av-undantag-vid-synfaltsbortfall/
03:29:22 [INFO]     [OK] 7aa5ce49… |  3505 KB | year=2025 (2024-2025) | fields=16
03:29:26 [INFO]   → Found 1 PDFs on https://www.transportstyrelsen.se/sv/om-oss/publikationer-och-rapporter/rapporter/rapporter-inom-vagtrafik/fordonsbesiktningsmarknaden-2023/
03:29:29 [INFO]     [OK] d8c50c05… |   577 KB | year=2023 (2020-2023) | fields=36
03:29:33 [INFO]   → Found 1 PDFs on https://www.transportstyrelsen.se/sv/om-oss/publikationer-och-rapporter/rapporter/rapporter-inom-vagtrafik/rapport-tillstandsmatning-gods-och-sociala-villkor-2024/
03:29:38 [INFO]     [OK] 22ef92cf… |  4732 KB | year=2024 (2024-2025) | fields=35
03:29:42 [INFO]   → Found 1 PDFs on https://www.transportstyrelsen.se/sv/om-oss/publikationer-och-rapporter/rapporter/rapporter-inom-vagtrafik/oversyn-av-forarutbildningssystemet-for-behorighet-b/
03:29:46 [INFO]     [OK] f80e2669… |  3391 KB | year=2023 (2020-2023) | fields=67
03:29:50 [INFO]   → Found 1 PDFs on https://www.transportstyrelsen.se/sv/om-oss/publikationer-och-rapporter/rapporter/rapporter-inom-vagtrafik/uppdrag-att-utreda-nar-det-ska-vara-tillatet-att-anvanda-dubbdack/
03:29:54 [INFO]     [OK] efaa7d6d… |  4492 KB | year=2024 (2024-2025) | fields=20
03:30:04 [INFO]   → Found 1 PDFs on https://www.transportstyrelsen.se/sv/om-oss/publikationer-och-rapporter/rapporter/rapporter-inom-vagtrafik/uppdrag-att-se-over-och-forenkla-vissa-regler-avseende-allman-platsmark/
03:30:08 [INFO]     [OK] 4392fcd9… |  1011 KB | year=2024 (2024-2025) | fields=70
03:30:13 [INFO]   → Found 1 PDFs on https://www.transportstyrelsen.se/sv/om-oss/publikationer-och-rapporter/rapporter/rapporter-inom-vagtrafik/uppdrag-att-utreda-behovet-av-skarpta-regler-for-vinterdack-pa-tunga-fordon/
03:30:18 [INFO]     [OK] 8728b20a… |  4963 KB | year=2023 (2020-2023) | fields=20
03:30:27 [INFO]   → Found 1 PDFs on https://www.transportstyrelsen.se/sv/om-oss/publikationer-och-rapporter/rapporter/rapporter-inom-vagtrafik/uppdrag-att-utreda-regler-for-a-traktorer/
03:30:32 [INFO]     [OK] 3a7e9269… |  3195 KB | year=2022 (2020-2023) | fields=68
03:30:40 [INFO]   → Found 1 PDFs on https://www.transportstyrelsen.se/sv/om-oss/publikationer-och-rapporter/rapporter/rapporter-inom-vagtrafik/utredning-behov-av-forenklade-regler-for-eldrivna-enpersonsfordon---slutrapport/
03:30:45 [INFO]     [OK] 77328d48… |  5726 KB | year=2021 (2020-2023) | fields=20
03:30:49 [INFO]   → Found 1 PDFs on https://www.transportstyrelsen.se/sv/om-oss/publikationer-och-rapporter/rapporter/rapporter-inom-vagtrafik/utredning-behov-av-forenklade-regler-for-eldrivna-enpersonsfordon-delrapport-2/
03:30:58 [INFO]   → Found 1 PDFs on https://www.transportstyrelsen.se/sv/om-oss/publikationer-och-rapporter/rapporter/rapporter-inom-vagtrafik/utredning-behov-av-forenklade-regler-for-eldrivna-enpersonsfordon/
03:31:06 [INFO]   → Found 1 PDFs on https://www.transportstyrelsen.se/sv/om-oss/publikationer-och-rapporter/rapporter/rapporter-inom-luftfart/flygtrafikstatistik-kvartal-1-2026/
03:31:11 [INFO]     [OK] 838dbc08… |   324 KB | year=2026 (post-2026) | fields=12
03:31:15 [INFO]   → Found 1 PDFs on https://www.transportstyrelsen.se/sv/om-oss/publikationer-och-rapporter/rapporter/rapporter-inom-luftfart/flygtrafikstatistik-utvecklingen-under-2025/
03:31:19 [INFO]     [OK] c19827d5… |   491 KB | year=2025 (2024-2025) | fields=14
03:31:23 [INFO]   → Found 1 PDFs on https://www.transportstyrelsen.se/sv/om-oss/publikationer-och-rapporter/rapporter/rapporter-inom-luftfart/flygtrafikstatistik-kvartal-32025/
03:31:26 [INFO]     [OK] 3485f3df… |   567 KB | year=2025 (2024-2025) | fields=9
03:31:31 [INFO]   → Found 1 PDFs on https://www.transportstyrelsen.se/sv/om-oss/publikationer-och-rapporter/rapporter/rapporter-inom-luftfart/flygtrafikstatistik-kvartal-2-2025/
03:31:34 [INFO]     [OK] 64cf4c35… |   316 KB | year=2025 (2024-2025) | fields=14
03:31:43 [INFO]   → Found 1 PDFs on https://www.transportstyrelsen.se/sv/om-oss/publikationer-och-rapporter/rapporter/rapporter-inom-sjofart/arbetstidsreglering-for-lotsdispens/
03:31:49 [INFO]     [OK] 3d460682… |  1389 KB | year=2026 (post-2026) | fields=14
03:34:47 [INFO]   → Found 3 PDFs on https://www.transportstyrelsen.se/sv/om-oss/dina-rattigheter-lagar-och-regler/forfattningssamling/sok-ts-foreskrifter/?RuleNumber=2019:93&RulePrefix=TSFS
03:34:51 [INFO]     [OK] 700b504b… |   229 KB | year=2022 (2020-2023) | fields=38
03:34:54 [INFO]   → Found 3 PDFs on https://www.transportstyrelsen.se/sv/om-oss/dina-rattigheter-lagar-och-regler/forfattningssamling/ts-foreskrifter-i-nummerordning/2017/?RuleNumber=2017:119&RulePrefix=TSFS
03:34:58 [INFO]   → Found 3 PDFs on https://www.transportstyrelsen.se/sv/om-oss/dina-rattigheter-lagar-och-regler/forfattningssamling/ts-foreskrifter-i-nummerordning/2018/?RuleNumber=2018:57&RulePrefix=TSFS
03:35:02 [INFO]     [OK] 6c9e54b7… |   159 KB | year=2022 (2020-2023) | fields=35
03:35:06 [INFO]   → Found 5 PDFs on https://www.transportstyrelsen.se/sv/om-oss/dina-rattigheter-lagar-och-regler/forfattningssamling/ts-foreskrifter-i-nummerordning/2021/details?RuleNumber=2021:122&ruleprefix=TSFS
03:35:10 [INFO]     [OK] 34566395… |   647 KB | year=2021 (2020-2023) | fields=36
03:35:14 [INFO]     [OK] 5a596c30… |   513 KB | year=2021 (2020-2023) | fields=38
03:35:19 [INFO]     [OK] 1a65840c… |   144 KB | year=2022 (2020-2023) | fields=36
03:35:23 [INFO]     [OK] f24d7c91… |   171 KB | year=2024 (2024-2025) | fields=38
03:35:26 [INFO]     [OK] d6b7ff2b… |   324 KB | year=2025 (2024-2025) | fields=36
03:35:31 [INFO]   → Found 1 PDFs on https://www.transportstyrelsen.se/sv/om-oss/publikationer-och-rapporter/rapporter/myndighetsovergripande-rapporter/sakerhetsmal-for-trafikanter-i-vagtunnlar-jarnvagstunnlar-och-tunnelbana/
03:36:07 [INFO]   → Found 4 PDFs on https://www.transportstyrelsen.se/sv/om-oss/dina-rattigheter-lagar-och-regler/lagar-och-regler/pagaende-regelarbete/nytryck-av-vvfs/
03:36:12 [INFO]     [OK] 3d7c70e9… |   717 KB | year=2026 (post-2026) | fields=36
03:36:16 [INFO]     [OK] 9f660349… |   672 KB | year=2026 (post-2026) | fields=36
03:36:20 [INFO]     [OK] a7b8fe58… |   671 KB | year=2026 (post-2026) | fields=36
03:36:25 [INFO]     [OK] 8770057d… |   692 KB | year=2026 (post-2026) | fields=36
03:37:30 [INFO]   → Found 2 PDFs on https://www.transportstyrelsen.se/sv/om-oss/dina-rattigheter-lagar-och-regler/lagar-och-regler/information-om-nya-eller-andrade-regler/nya-foreskrifter-om-transportstyrelsens-foreskrifter-om-fartyg-i-inlandssjofart/
03:37:33 [INFO]     [OK] c6b1f12f… |   111 KB | year=2026 (post-2026) | fields=35
03:37:37 [INFO]     [OK] 85c7864e… |   247 KB | year=2026 (post-2026) | fields=35
03:38:25 [INFO]   → Found 7 PDFs on https://www.transportstyrelsen.se/sv/om-oss/dina-rattigheter-lagar-och-regler/lagar-och-regler/regler-for-luftfart/serieforteckningar-over-forfattningar/
03:38:29 [INFO]     [OK] 6c5ac07a… |   107 KB | year=2023 (2020-2023) | fields=19
03:38:32 [INFO]     [OK] 6d99708c… |   214 KB | year=2024 (2024-2025) | fields=20
03:38:36 [INFO]     [OK] 27c2f5f2… |    84 KB | year=2025 (2024-2025) | fields=20
03:38:40 [INFO]     [OK] 3297cb84… |   103 KB | year=2026 (post-2026) | fields=20
03:38:43 [INFO]     [OK] 1d316c4a… |    89 KB | year=2026 (post-2026) | fields=20
03:38:48 [INFO]     [OK] 3461caf2… |    85 KB | year=2025 (2024-2025) | fields=20
03:38:51 [INFO]     [OK] fc1c2c4a… |    58 KB | year=2026 (post-2026) | fields=20
03:39:03 [INFO]   → Found 2 PDFs on https://www.transportstyrelsen.se/sv/om-oss/dina-rattigheter-lagar-och-regler/lagar-och-regler/regler-for-sjofart/regler-for-nationell-sjofart/
03:39:07 [INFO]     [OK] 031dc9ef… |   191 KB | year=2025 (2024-2025) | fields=18
03:39:12 [INFO]   → Found 3 PDFs on https://www.transportstyrelsen.se/sv/om-oss/dina-rattigheter-lagar-och-regler/lagar-och-regler/remisser/remiss-av-forslag-av-andring-i-transportstyrelsens-foreskrifter-tsfs-201563-om-registering-av-fordon-i-vagtrafikregistret/
03:39:16 [INFO]     [OK] e73f5bb3… |   789 KB | year=2026 (post-2026) | fields=37
03:39:21 [INFO]     [OK] af0c9484… |   135 KB | year=2026 (post-2026) | fields=36
03:39:48 [INFO]     [OK] 346d1f50… |   693 KB | year=2026 (post-2026) | fields=37
03:39:51 [INFO]   → Found 5 PDFs on https://www.transportstyrelsen.se/sv/om-oss/dina-rattigheter-lagar-och-regler/lagar-och-regler/remisser/remiss-av-forslag-till-transportstyrelsens-foreskrifter-om-undantag-fran-vagtrafikdefinitioner/
03:39:56 [INFO]     [OK] 5381f030… |   748 KB | year=2026 (post-2026) | fields=37
03:40:00 [INFO]     [OK] ee3ddb8e… |   158 KB | year=2026 (post-2026) | fields=37
03:40:04 [INFO]     [OK] 3c9a190c… |   698 KB | year=2026 (post-2026) | fields=37
03:40:08 [INFO]     [OK] b81ba01e… |   678 KB | year=2026 (post-2026) | fields=37
03:40:12 [INFO]     [OK] 5abfba20… |   684 KB | year=2026 (post-2026) | fields=37
03:40:21 [INFO]   → Found 3 PDFs on https://www.transportstyrelsen.se/sv/om-oss/dina-rattigheter-lagar-och-regler/lagar-och-regler/remisser/remiss-av-transportstyrelsens-foreskrifter-tsfs-201096-om-atgarder-mot-fororening-fran-fartyg/
03:40:26 [INFO]     [OK] d05f8d94… |   987 KB | year=2026 (post-2026) | fields=36
03:40:29 [INFO]     [OK] ed7556cd… |   280 KB | year=2026 (post-2026) | fields=36
03:40:33 [INFO]     [OK] 52952027… |  1113 KB | year=2026 (post-2026) | fields=36
03:40:37 [INFO]   → Found 5 PDFs on https://www.transportstyrelsen.se/sv/om-oss/dina-rattigheter-lagar-och-regler/lagar-och-regler/remisser/remiss-av-forslag-till-foreskrifter-om-besiktningsteknikers-identitet/
03:40:41 [INFO]     [OK] aa469faa… |   783 KB | year=2025 (2024-2025) | fields=37
03:40:46 [INFO]     [OK] 2d62b048… |   173 KB | year=2025 (2024-2025) | fields=37
03:40:51 [INFO]     [OK] ad076581… |   664 KB | year=2025 (2024-2025) | fields=37
03:40:54 [INFO]     [OK] f86cab20… |   682 KB | year=2025 (2024-2025) | fields=37
03:40:58 [INFO]     [OK] 30c466f3… |    96 KB | year=2025 (2024-2025) | fields=37
03:41:02 [INFO]   → Found 3 PDFs on https://www.transportstyrelsen.se/sv/om-oss/dina-rattigheter-lagar-och-regler/lagar-och-regler/remisser/remiss-av-forslag-till-andring-i-transportstyrelsens-foreskrifter-om-yrkesforarkompetens/
03:41:07 [INFO]     [OK] 6b7908f1… |   869 KB | year=2026 (post-2026) | fields=37
03:41:11 [INFO]     [OK] 7eb50dee… |   145 KB | year=2026 (post-2026) | fields=37
03:41:16 [INFO]     [OK] cb419047… |   733 KB | year=2026 (post-2026) | fields=37
03:41:21 [INFO]   → Found 4 PDFs on https://www.transportstyrelsen.se/sv/om-oss/dina-rattigheter-lagar-och-regler/lagar-och-regler/remisser/externremiss-vts-och-srs/
03:41:25 [INFO]     [OK] 8c396013… |   274 KB | year=2023 (2020-2023) | fields=20
03:41:29 [INFO]     [OK] f6938b1b… |  1449 KB | year=2023 (2020-2023) | fields=20
03:41:35 [INFO]     [OK] f6262fb5… |  7108 KB | year=2023 (2020-2023) | fields=20
03:41:39 [INFO]     [OK] 6fbb2009… |   789 KB | year=2023 (2020-2023) | fields=20
03:41:48 [INFO]   → Found 4 PDFs on https://www.transportstyrelsen.se/sv/om-oss/dina-rattigheter-lagar-och-regler/lagar-och-regler/utgangna-remisser/remiss-av-forslag-till-nya-foreskrifter-om-flygning-med-flygskarm2/
03:41:52 [INFO]     [OK] 091f7aea… |   155 KB | year=2024 (2024-2025) | fields=35
03:41:56 [INFO]     [OK] f4986db7… |   745 KB | year=2024 (2024-2025) | fields=36
03:42:00 [INFO]     [OK] 720fea01… |   733 KB | year=2024 (2024-2025) | fields=36
03:42:05 [INFO]     [OK] 73573ea5… |   159 KB | year=2024 (2024-2025) | fields=35
03:42:09 [INFO]   → Found 4 PDFs on https://www.transportstyrelsen.se/sv/om-oss/dina-rattigheter-lagar-och-regler/lagar-och-regler/utgangna-remisser/remiss-av-forslag-till-nya-foreskrifter-om-flygning-med-hangglidare2/
03:42:13 [INFO]     [OK] c4259281… |   154 KB | year=2024 (2024-2025) | fields=35
03:42:18 [INFO]     [OK] dd1d7087… |   762 KB | year=2024 (2024-2025) | fields=36
03:42:23 [INFO]     [OK] ebb80a43… |   734 KB | year=2024 (2024-2025) | fields=36
03:42:28 [INFO]     [OK] b4c14b58… |   132 KB | year=2024 (2024-2025) | fields=36
03:42:33 [INFO]   → Found 4 PDFs on https://www.transportstyrelsen.se/sv/om-oss/dina-rattigheter-lagar-och-regler/lagar-och-regler/utgangna-remisser/remiss-av-forslag-av-andring-i-transportstyrelsens-foreskrifter-tsfs201241-om-forarprov/
03:42:37 [INFO]     [OK] 9ad5b719… |   135 KB | year=2026 (post-2026) | fields=12
03:42:40 [INFO]     [OK] e4d526af… |    25 KB | year=2026 (post-2026) | fields=12
03:42:44 [INFO]     [OK] 6ef47df8… |    18 KB | year=2026 (post-2026) | fields=12
03:42:49 [INFO]     [OK] 5221d417… |   165 KB | year=2026 (post-2026) | fields=37
03:42:53 [INFO]   → Found 5 PDFs on https://www.transportstyrelsen.se/sv/om-oss/dina-rattigheter-lagar-och-regler/lagar-och-regler/utgangna-remisser/remiss-av-forslag-till-andring-av-transportstyrelsens-foreskrifter-och-allmanna-rad-tsfs-202059-om-trafikregler-for-luftfart/
03:42:58 [INFO]     [OK] d3566fd0… |  2485 KB | year=2024 (2024-2025) | fields=61
03:43:01 [INFO]     [OK] cc71c7df… |   180 KB | year=2024 (2024-2025) | fields=36
03:43:06 [INFO]     [OK] 20678c08… |   745 KB | year=2024 (2024-2025) | fields=36
03:43:09 [INFO]     [OK] 7daf849e… |   813 KB | year=2024 (2024-2025) | fields=36
03:43:14 [INFO]     [OK] 809cf18a… |   177 KB | year=2024 (2024-2025) | fields=12
03:43:19 [INFO]   → Found 6 PDFs on https://www.transportstyrelsen.se/sv/om-oss/dina-rattigheter-lagar-och-regler/lagar-och-regler/utgangna-remisser/remiss-om-fartyg-i-inlandssjofart/
03:43:23 [INFO]     [OK] 7395b1df… |   795 KB | year=2024 (2024-2025) | fields=71
03:43:28 [INFO]     [OK] 1d3023d6… |   190 KB | year=2024 (2024-2025) | fields=45
03:43:32 [INFO]     [OK] 435c9919… |   855 KB | year=2024 (2024-2025) | fields=40
03:43:35 [INFO]     [OK] 6babce36… |   730 KB | year=2024 (2024-2025) | fields=40
03:43:40 [INFO]     [OK] 80cf961d… |   690 KB | year=2024 (2024-2025) | fields=40
03:43:43 [INFO]     [OK] df4126be… |   157 KB | year=2024 (2024-2025) | fields=35
03:43:48 [INFO]   → Found 4 PDFs on https://www.transportstyrelsen.se/sv/om-oss/dina-rattigheter-lagar-och-regler/lagar-och-regler/utgangna-remisser/remiss-av-forslag-till-foreskrifter-om-undantag-for-tung-terrangvagn-med-band-med-eller-utan-terrangslap/
03:43:52 [INFO]     [OK] 3e19ddf1… |  1113 KB | year=2023 (2020-2023) | fields=36
03:43:57 [INFO]     [OK] b977bfb8… |   134 KB | year=2023 (2020-2023) | fields=35
03:44:02 [INFO]     [OK] 06829b1c… |   129 KB | year=2023 (2020-2023) | fields=35
03:44:06 [INFO]     [OK] de8f39da… |   276 KB | year=2023 (2020-2023) | fields=37
03:44:10 [INFO]   → Found 3 PDFs on https://www.transportstyrelsen.se/sv/om-oss/dina-rattigheter-lagar-och-regler/lagar-och-regler/utgangna-remisser/remiss-av-forslag-till-andring-i-transportstyrelsens-foreskrifter-om-parkeringsanmarkningar-och-felparkeringsavgift/
03:44:13 [INFO]     [OK] 203df82b… |   783 KB | year=2025 (2024-2025) | fields=37
03:44:18 [INFO]     [OK] 1a6558b1… |   157 KB | year=2025 (2024-2025) | fields=37
03:44:22 [INFO]     [OK] b8fc13e2… |   688 KB | year=2025 (2024-2025) | fields=37
03:44:26 [INFO]   → Found 6 PDFs on https://www.transportstyrelsen.se/sv/om-oss/dina-rattigheter-lagar-och-regler/lagar-och-regler/utgangna-remisser/remiss-av-andringar-i-foreskrifter-om-utbildning-for-sjopersonal-om-bemanning-och-om-lakarintyg-for-sjofolk/
03:44:30 [INFO]     [OK] 72626007… |   957 KB | year=2024 (2024-2025) | fields=20
03:44:33 [INFO]     [OK] 895665a9… |   205 KB | year=2024 (2024-2025) | fields=20
03:44:36 [INFO]   → Found 4 PDFs on https://www.transportstyrelsen.se/sv/om-oss/dina-rattigheter-lagar-och-regler/lagar-och-regler/utgangna-remisser/remiss-av-forslag-till-andring-av-transportstyrelsens-foreskrifter-om-luftfartsskydd/
03:44:40 [INFO]   → Found 3 PDFs on https://www.transportstyrelsen.se/sv/om-oss/dina-rattigheter-lagar-och-regler/lagar-och-regler/utgangna-remisser/remiss-av-forslag-av-andring-i-foreskrifter-om-tekniska-krav-pa-fordonstag-med-langd-over-2525-meter-tsfs-202517/
03:44:45 [INFO]     [OK] 2f74c3c2… |   758 KB | year=2026 (post-2026) | fields=37
03:44:49 [INFO]     [OK] 01f7ef99… |   140 KB | year=2026 (post-2026) | fields=36
03:44:53 [INFO]     [OK] 711e2de5… |   750 KB | year=2026 (post-2026) | fields=37
03:45:10 [INFO]   → Found 1 PDFs on https://www.transportstyrelsen.se/sv/om-oss/publikationer-och-rapporter/publikationer/publikationer-inom-vagtrafik/trafikant/att-kora-i-cirkulationsplats/
03:45:19 [INFO]   → Found 1 PDFs on https://www.transportstyrelsen.se/sv/om-oss/publikationer-och-rapporter/publikationer/publikationer-inom-vagtrafik/trafikant/overgangsstallen/
03:45:27 [INFO]   → Found 1 PDFs on https://www.transportstyrelsen.se/sv/om-oss/publikationer-och-rapporter/publikationer/publikationer-inom-vagtrafik/trafikant/valj-ratt-fordonsbelysning/
03:48:16 [INFO]   → Found 1 PDFs on https://www.transportstyrelsen.se/sv/om-oss/publikationer-och-rapporter/publikationer/myndighetsovergripande-publikationer/samverkan-i-regelgivningsprocessen-teori-och-praktik/
03:48:28 [INFO]   → Found 1 PDFs on https://www.transportstyrelsen.se/sv/om-oss/publikationer-och-rapporter/rapporter/rapporter-inom-vagtrafik/cykelhjalmens-betydelse-for-sakerheten-och-samhallsekonomin/
03:48:33 [INFO]     [OK] 8bff15b0… |  1980 KB | year=2021 (2020-2023) | fields=34
03:48:37 [INFO]   → Found 1 PDFs on https://www.transportstyrelsen.se/sv/om-oss/publikationer-och-rapporter/rapporter/rapporter-inom-vagtrafik/en-jamforelse-av-dodade-och-skadade-mopedister-fore-och-efter-inforandet-av-am-behorighet/
03:48:45 [INFO]   → Found 1 PDFs on https://www.transportstyrelsen.se/sv/om-oss/publikationer-och-rapporter/rapporter/rapporter-inom-vagtrafik/en-jamforelse-mellan-strada-och-par-2012/
03:48:50 [INFO]   → Found 1 PDFs on https://www.transportstyrelsen.se/sv/om-oss/publikationer-och-rapporter/rapporter/rapporter-inom-vagtrafik/fordonsbesiktning-i-glesbygd/
03:48:57 [INFO]     [OK] 0c859ea8… | 15412 KB | year=2021 (2020-2023) | fields=63
03:49:01 [INFO]   → Found 1 PDFs on https://www.transportstyrelsen.se/sv/om-oss/publikationer-och-rapporter/rapporter/rapporter-inom-vagtrafik/fordonsbesiktningsmarknaden-2022/
03:49:05 [INFO]     [OK] 6d03a7c1… |   802 KB | year=2022 (2020-2023) | fields=9
03:49:09 [INFO]   → Found 1 PDFs on https://www.transportstyrelsen.se/sv/om-oss/publikationer-och-rapporter/rapporter/rapporter-inom-vagtrafik/forarutbildningssystem-i-sverige-och-internationellt-en-oversikt-av-forandringar-och-deras-effekter/
03:49:18 [INFO]   → Found 1 PDFs on https://www.transportstyrelsen.se/sv/om-oss/publikationer-och-rapporter/rapporter/rapporter-inom-vagtrafik/forslag-pa-nytt-forarutbildningssystem-rapport/
03:49:46 [INFO]   → Found 1 PDFs on https://www.transportstyrelsen.se/sv/om-oss/publikationer-och-rapporter/rapporter/rapporter-inom-vagtrafik/oversyn-alkohol-narkotika-och-lakemedel/
03:49:51 [INFO]     [OK] 52c140f5… |  2020 KB | year=2022 (2020-2023) | fields=42
03:49:55 [INFO]   → Found 1 PDFs on https://www.transportstyrelsen.se/sv/om-oss/publikationer-och-rapporter/rapporter/rapporter-inom-vagtrafik/atgarder-mot-manipulering-av-viss-fordonsutrustning/
03:50:01 [INFO]     [OK] 8f494f62… |  6126 KB | year=2022 (2020-2023) | fields=23
03:50:05 [INFO]   → Found 1 PDFs on https://www.transportstyrelsen.se/sv/om-oss/publikationer-och-rapporter/rapporter/rapporter-inom-vagtrafik/arsrapport-for-yrkestrafik---analysforum-2018/
03:50:09 [INFO]   → Found 1 PDFs on https://www.transportstyrelsen.se/sv/om-oss/publikationer-och-rapporter/rapporter/rapporter-inom-vagtrafik/vagsakerhet-trafiksakerhetsgranskningars-effekt/
03:50:14 [INFO]     [OK] 7528b550… |  3067 KB | year=2023 (2020-2023) | fields=23
03:50:18 [INFO]   → Found 1 PDFs on https://www.transportstyrelsen.se/sv/om-oss/publikationer-och-rapporter/rapporter/rapporter-inom-vagtrafik/vagar-i-infrastrukturen-eller-i-fordonen/
03:50:22 [INFO]     [OK] 4ec2d753… |  1177 KB | year=2020 (2020-2023) | fields=13
03:50:25 [INFO]   → Found 1 PDFs on https://www.transportstyrelsen.se/sv/om-oss/publikationer-och-rapporter/rapporter/rapporter-inom-vagtrafik/vilket-morker---sommar--och-vintertidens-betydelse-for-fotgangares-sakerhet/
03:50:29 [INFO]   → Found 1 PDFs on https://www.transportstyrelsen.se/sv/om-oss/publikationer-och-rapporter/rapporter/rapporter-inom-vagtrafik/utredningsuppdrag---trafiksakerhetshojande-atgarder-for-gasbussar/
03:51:12 [INFO]   → Found 1 PDFs on https://www.transportstyrelsen.se/sv/om-oss/publikationer-och-rapporter/rapporter/rapporter-inom-vagtrafik/miljozoner-for-latta-fordon/
03:51:18 [INFO]     [OK] c663140d… |  8779 KB | year=2023 (2020-2023) | fields=17
03:51:23 [INFO]   → Found 1 PDFs on https://www.transportstyrelsen.se/sv/om-oss/publikationer-och-rapporter/rapporter/rapporter-inom-vagtrafik/slutrapport-i-uppdrag-om-egenkontroll-for-forarutbildare/
03:51:32 [INFO]   → Found 1 PDFs on https://www.transportstyrelsen.se/sv/om-oss/publikationer-och-rapporter/rapporter/rapporter-inom-vagtrafik/klassificering-av-suicid-i-vagtrafiken/
03:51:40 [INFO]   → Found 1 PDFs on https://www.transportstyrelsen.se/sv/om-oss/publikationer-och-rapporter/rapporter/rapporter-inom-vagtrafik/samband-mellan-sjukdomar-och-aldre-bilforares-inblandning-i-trafikolyckor/
03:51:50 [INFO]   → Found 1 PDFs on https://www.transportstyrelsen.se/sv/om-oss/publikationer-och-rapporter/rapporter/rapporter-inom-vagtrafik/sakerhetshojande-atgarder-for-passagerare-vid-fard-i-buss/
03:52:14 [INFO]   → Found 1 PDFs on https://www.transportstyrelsen.se/sv/om-oss/publikationer-och-rapporter/rapporter/rapporter-inom-vagtrafik/regeringsuppdrag-om-forsoksverksamhet-med-vissa-godstransporter/
03:52:17 [INFO]   → Found 1 PDFs on https://www.transportstyrelsen.se/sv/om-oss/publikationer-och-rapporter/rapporter/rapporter-inom-vagtrafik/uppdrag-att-analysera-och-folja-upp-mobilitetspaketets-genomforande-i-sverige/
03:52:26 [INFO]   → Found 1 PDFs on https://www.transportstyrelsen.se/sv/om-oss/publikationer-och-rapporter/rapporter/rapporter-inom-vagtrafik/uppdrag-att-se-over-polismyndighetens-tillgang-till-uppgifter-fran-befintligt-kamerasystem/
03:52:34 [INFO]   → Found 1 PDFs on https://www.transportstyrelsen.se/sv/om-oss/publikationer-och-rapporter/rapporter/rapporter-inom-vagtrafik/tillstandsmatning-buss-2023/
03:52:37 [INFO]     [OK] 5ce1be2a… |  1934 KB | year=2023 (2020-2023) | fields=37
03:52:41 [INFO]   → Found 2 PDFs on https://www.transportstyrelsen.se/sv/om-oss/publikationer-och-rapporter/rapporter/rapporter-inom-vagtrafik/uppdrag-att-utreda-en-modernare-utbildning-for-yrkesforarkompetens/
03:52:46 [INFO]     [OK] 67a8853d… |  1193 KB | year=2023 (2020-2023) | fields=73
03:52:50 [INFO]     [OK] bed67f30… |   529 KB | year=2023 (2020-2023) | fields=14
03:52:55 [INFO]   → Found 1 PDFs on https://www.transportstyrelsen.se/sv/om-oss/publikationer-och-rapporter/rapporter/rapporter-inom-vagtrafik/tillstandsmatning-taxi-2022/
03:53:00 [INFO]     [OK] 35df2585… |   885 KB | year=2022 (2020-2023) | fields=38
03:53:12 [INFO]   → Found 1 PDFs on https://www.transportstyrelsen.se/sv/om-oss/publikationer-och-rapporter/rapporter/rapporter-inom-vagtrafik/forutsattningar-for-skarpt-miljokontroll-vid-fordonsbesiktning-som-kan-forbattra-luftkvaliteten/
03:53:19 [INFO]     [OK] 9a1d90b7… |  7273 KB | year=2023 (2020-2023) | fields=23
03:53:23 [INFO]   → Found 1 PDFs on https://www.transportstyrelsen.se/sv/om-oss/publikationer-och-rapporter/rapporter/rapporter-inom-vagtrafik/tillstandsmatning-2022-rapport-gods-och-sociala-villkor/
03:53:27 [INFO]     [OK] a3f6b2b7… |  2501 KB | year=2022 (2020-2023) | fields=38
03:53:31 [INFO]   → Found 1 PDFs on https://www.transportstyrelsen.se/sv/om-oss/publikationer-och-rapporter/rapporter/rapporter-inom-vagtrafik/forslag-till-ett-avgiftssystem-for-statliga-elvagar/
03:53:37 [INFO]     [OK] 83b3f1ac… |  5708 KB | year=2022 (2020-2023) | fields=40
03:53:41 [INFO]   → Found 2 PDFs on https://www.transportstyrelsen.se/sv/om-oss/publikationer-och-rapporter/rapporter/rapporter-inom-vagtrafik/uppdrag-att-foresla-ytterligare-krav-pa-etablering-for-att-bedriva-yrkesmassig-trafik-i-sverige/
03:53:45 [INFO]     [OK] e179c48f… |   723 KB | year=2022 (2020-2023) | fields=20
03:53:50 [INFO]     [OK] e44c13ef… |   647 KB | year=2022 (2020-2023) | fields=76
03:53:53 [INFO]   → Found 1 PDFs on https://www.transportstyrelsen.se/sv/om-oss/publikationer-och-rapporter/rapporter/rapporter-inom-vagtrafik/uppdrag-att-analysera-regelfragor-sa-att-andelen-som-reser-med-cykel-kan-oka-del-2/
03:53:58 [INFO]     [OK] 5b9da2d4… |  5092 KB | year=2022 (2020-2023) | fields=42
03:54:03 [INFO]   → Found 1 PDFs on https://www.transportstyrelsen.se/sv/om-oss/publikationer-och-rapporter/rapporter/rapporter-inom-vagtrafik/register-for-arbetsmaskiner/
03:54:08 [INFO]     [OK] 93e50695… |  5466 KB | year=2022 (2020-2023) | fields=23
03:54:12 [INFO]   → Found 1 PDFs on https://www.transportstyrelsen.se/sv/om-oss/publikationer-och-rapporter/rapporter/rapporter-inom-vagtrafik/uppdrag-att-analysera-regelfragor-sa-att-andelen-som-reser-med-cykel-kan-oka/
03:54:17 [INFO]     [OK] 3e675ca1… |  2013 KB | year=2022 (2020-2023) | fields=42
03:54:22 [INFO]   → Found 1 PDFs on https://www.transportstyrelsen.se/sv/om-oss/publikationer-och-rapporter/rapporter/rapporter-inom-vagtrafik/utredning-av-sakerhetskrav-for-gasdrivna-bussar/
03:54:27 [INFO]     [OK] ac685647… |  1731 KB | year=2022 (2020-2023) | fields=23
03:54:27 [INFO]   Both quotas filled — moving to next authority
03:54:27 [INFO] 
[Transportstyrelsen] Done. Pre-NIS2: 50/50  NIS2-prep: 50/50
03:54:27 [INFO] 
============================================================
Authority : Affärsverket svenska kraftnät
Tier      : 2
Quota left: 2020-2023=50  2024-2025=50
============================================================
03:54:32 [INFO]   → Found 3 PDFs on https://www.svk.se/
03:54:37 [INFO]     [OK] ef682063… |  2310 KB | year=2026 (post-2026) | fields=22
03:54:41 [INFO]     [OK] 22a5cf0b… |   547 KB | year=2025 (2024-2025) | fields=17
03:54:45 [INFO]     [OK] f1fd2a7d… |  2026 KB | year=2025 (2024-2025) | fields=30
03:54:54 [INFO]   → Found 1 PDFs on https://www.svk.se/om-oss/rapporter-och-remissvar/planering-for-okad-elanvandning/
03:54:59 [INFO]     [OK] 4da33432… |  1130 KB | year=2025 (2024-2025) | fields=17
03:55:03 [INFO]   → Found 1 PDFs on https://www.svk.se/om-oss/rapporter-och-remissvar/langsiktig-marknadsanalys/
03:55:07 [INFO]     [OK] 0ca39f0e… |  6611 KB | year=2024 (2024-2025) | fields=13
03:55:12 [INFO]   → Found 3 PDFs on https://www.svk.se/om-oss/rapporter-och-remissvar/natutvecklingsplan/
03:55:16 [INFO]     [OK] d8b5d3f4… |  6322 KB | year=2026 (post-2026) | fields=31
03:55:19 [INFO]     [OK] 83804d6e… |  1476 KB | year=2025 (2024-2025) | fields=17
03:55:24 [INFO]     [OK] 4da9f001… |  5656 KB | year=2026 (post-2026) | fields=31
03:55:28 [INFO]   → Found 6 PDFs on https://www.svk.se/om-oss/rapporter-och-remissvar/systemutvecklingsplanen/
03:55:33 [INFO]     [OK] e9107429… | 15815 KB | year=2022 (2020-2023) | fields=32
03:55:37 [INFO]     [OK] c4d295f9… |  6402 KB | year=2022 (2020-2023) | fields=32
03:55:43 [INFO]     [OK] be63f938… | 29888 KB | year=2020 (2020-2023) | fields=28
03:55:47 [INFO]     [OK] a41c4eb7… |  4116 KB | year=2020 (2020-2023) | fields=18
03:56:17 [INFO]   → Found 7 PDFs on https://www.svk.se/sakerhet-och-beredskap/dammsakerhet/tillsynsvagledning-for-lansstyrelserna/rapportering-om-dammsakerhetstillsyn/
03:56:21 [INFO]     [OK] e96ec0ed… |   878 KB | year=2024 (2024-2025) | fields=17
03:56:24 [INFO]     [OK] 2e6db673… |  1206 KB | year=2023 (2020-2023) | fields=18
03:56:29 [INFO]     [OK] 2e641ab5… |  1339 KB | year=2022 (2020-2023) | fields=13
03:56:33 [INFO]     [OK] 8b357871… |  1965 KB | year=2021 (2020-2023) | fields=17
03:56:37 [INFO]     [OK] 6a585f19… |   662 KB | year=2020 (2020-2023) | fields=39
03:56:42 [INFO]   → Found 1 PDFs on https://www.svk.se/sakerhet-och-beredskap/dammsakerhet/vagledningar-och-stod/arlig-dammsakerhetsrapportering/
03:56:46 [INFO]     [OK] 03cdf971… |    33 KB | year=2026 (post-2026) | fields=16
03:57:02 [INFO]   → Found 2 PDFs on https://www.svk.se/sakerhet-och-beredskap/sakerhetsskydd/personalsakerhet/beslut-om-placering-i-sakerhetsklass/
03:57:06 [INFO]     [OK] b6e5caf2… |   286 KB | year=2024 (2024-2025) | fields=20
03:57:10 [INFO]     [OK] 06bbda94… |   171 KB | year=2024 (2024-2025) | fields=44
03:57:40 [INFO]   → Found 1 PDFs on https://www.svk.se/om-oss/verksamhet/var-strategi/
03:57:45 [INFO]     [OK] f755d07a… |  3422 KB | year=2030 (post-2026) | fields=31
03:57:50 [INFO]   → Found 3 PDFs on https://www.svk.se/om-oss/verksamhet/vara-regeringsuppdrag/
03:57:54 [INFO]     [OK] 085c68c7… |   735 KB | year=2026 (post-2026) | fields=17
03:57:58 [INFO]     [OK] 088fb6a9… |   393 KB | year=2026 (post-2026) | fields=17
03:58:03 [INFO]     [OK] 609cf77f… |   158 KB | year=2025 (2024-2025) | fields=18
03:58:40 [INFO]   → Found 1 PDFs on https://www.svk.se/om-oss/sa-styrs-vi/rad/elmarknadsradet/
03:58:46 [INFO]     [OK] 8cb554cb… |    74 KB | year=2025 (2024-2025) | fields=16
03:59:07 [INFO]   → Found 1 PDFs on https://www.svk.se/om-oss/hallbarhet/cirkularitet-och-klimatpaverkan/
03:59:12 [INFO]     [OK] 64300d50… |  1445 KB | year=2026 (post-2026) | fields=13
03:59:21 [INFO]   → Found 4 PDFs on https://www.svk.se/om-oss/hallbarhet/biologisk-mangfald/biologisk-mangfald-i-vara-kraftledningsgator/
03:59:25 [INFO]     [OK] d1e55c29… |  1512 KB | year=2022 (2020-2023) | fields=28
03:59:30 [INFO]     [OK] b887ee41… | 15194 KB | year=2022 (2020-2023) | fields=12
03:59:34 [INFO]     [OK] 6e65366a… |  5753 KB | year=2022 (2020-2023) | fields=29
03:59:38 [INFO]     [OK] 58ac3f16… |  1318 KB | year=2024 (2024-2025) | fields=23
03:59:42 [INFO]   → Found 1 PDFs on https://www.svk.se/om-oss/hallbarhet/hallbart-arbetsliv/
03:59:46 [INFO]     [OK] 6a1666f6… |   505 KB | year=2025 (2024-2025) | fields=13
04:00:39 [INFO]   → Found 1 PDFs on https://www.svk.se/aktorsportalen/dokument-for-aktorer-entreprenorer/
04:00:43 [INFO]     [OK] d78f663c… |  1274 KB | year=2026 (post-2026) | fields=17
04:01:09 [INFO]   → Found 22 PDFs on https://www.svk.se/om-oss/verksamhet/vara-regeringsuppdrag/genomforda-regeringsuppdrag/
04:01:12 [INFO]     [OK] 85ac6847… |  1057 KB | year=2025 (2024-2025) | fields=27
04:01:17 [INFO]     [OK] 314e74a3… |   600 KB | year=2025 (2024-2025) | fields=17
04:01:23 [INFO]     [OK] 0dfd0300… |  1214 KB | year=2025 (2024-2025) | fields=21
04:01:27 [INFO]     [OK] d8961ea3… |   333 KB | year=2024 (2024-2025) | fields=17
04:01:32 [INFO]     [OK] e39ff795… |   747 KB | year=2024 (2024-2025) | fields=18
04:01:36 [INFO]     [OK] 79c9000c… |   343 KB | year=2024 (2024-2025) | fields=17
04:01:41 [INFO]     [OK] 71d2db4c… |  1062 KB | year=2024 (2024-2025) | fields=14
04:01:45 [INFO]     [OK] d0a4f8fd… |   885 KB | year=2024 (2024-2025) | fields=13
04:01:49 [INFO]     [OK] 8aa356ec… |   305 KB | year=2024 (2024-2025) | fields=13
04:01:53 [INFO]     [OK] d118205e… |  1078 KB | year=2024 (2024-2025) | fields=13
04:01:53 [INFO]   [CAP] Reached 10-file limit for this page. Moving to other pages.
04:02:02 [INFO]   → Found 3 PDFs on https://www.svk.se/aktorsportalen/inkop-och-upphandling/information-om-aktuella-upphandlingar/affarspaket-for-luftledningsentreprenader-i-utforandeentreprenad/
04:02:07 [INFO]     [OK] 0604d1ee… |   157 KB | year=2025 (2024-2025) | fields=22
04:02:11 [INFO]     [OK] 0604d1ee… |   157 KB | year=2025 (2024-2025) | fields=22
04:02:14 [INFO]     [OK] 0604d1ee… |   157 KB | year=2025 (2024-2025) | fields=22
04:02:32 [INFO]   → Found 1 PDFs on https://www.svk.se/bra-att-veta-for-allmanheten/
04:02:37 [INFO]     [OK] 09b1d8e7… |  1065 KB | year=2024 (2024-2025) | fields=19
04:03:52 [INFO]   → Found 1 PDFs on https://www.svk.se/om-kraftsystemet/om-systemansvaret/verktyg-for-systemdrift/stodtjanster-och-avhjalpande-atgarder/sa-kan-du-som-privatperson-bidra-med-stodtjanster/
04:03:55 [INFO]     [OK] 6038a201… |    92 KB | year=2026 (post-2026) | fields=17
04:03:59 [INFO]   → Found 1 PDFs on https://www.svk.se/om-kraftsystemet/om-systemansvaret/verktyg-for-systemdrift/Krav-vid-anslutning/
04:04:04 [INFO]     [OK] ecfeafd8… |  3297 KB | year=2025 (2024-2025) | fields=25
04:04:12 [INFO]   → Found 1 PDFs on https://www.svk.se/om-kraftsystemet/om-systemansvaret/verktyg-for-systemdrift/forbrukningsfrankoppling/
04:04:17 [INFO]     [OK] aa905d59… |   483 KB | year=2022 (2020-2023) | fields=73
04:04:26 [INFO]   → Found 1 PDFs on https://www.svk.se/om-kraftsystemet/om-transmissionsnatet/transmissionsnatskarta/
04:04:31 [INFO]     [OK] 60c2005d… |   223 KB | year=2025 (2024-2025) | fields=68
04:05:05 [INFO]   → Found 1 PDFs on https://www.svk.se/om-kraftsystemet/om-transmissionsnatet/om-solstormar/
04:05:09 [INFO]     [OK] 4dc30481… |   194 KB | year=2022 (2020-2023) | fields=24
04:05:13 [INFO]   → Found 1 PDFs on https://www.svk.se/om-kraftsystemet/om-elmarknaden/
04:05:17 [INFO]     [OK] 80f02d60… |    50 KB | year=2025 (2024-2025) | fields=17
04:05:34 [INFO]   → Found 14 PDFs on https://www.svk.se/om-kraftsystemet/om-elmarknaden/forhandsmarknaden--prissakringsmarknad/auktionering-av-epads/
04:05:39 [INFO]     [OK] a8890710… |   858 KB | year=2025 (2024-2025) | fields=17
04:05:43 [INFO]     [OK] 76635cdb… |   979 KB | year=2025 (2024-2025) | fields=17
04:05:46 [INFO]     [OK] 2589913e… |   871 KB | year=2025 (2024-2025) | fields=17
04:05:51 [INFO]     [OK] 7182e68d… |   997 KB | year=2025 (2024-2025) | fields=18
04:05:54 [INFO]     [OK] cf7fa58b… |   902 KB | year=2024 (2024-2025) | fields=17
04:05:59 [INFO]     [OK] 576f4b81… |  1272 KB | year=2024 (2024-2025) | fields=17
04:06:03 [INFO]     [OK] 64e7c1f9… |  1562 KB | year=2024 (2024-2025) | fields=13
04:06:07 [INFO]     [OK] 0f648f1d… |  1479 KB | year=2024 (2024-2025) | fields=10
04:06:12 [INFO]     [OK] 8c8c3549… |  1101 KB | year=2023 (2020-2023) | fields=13
04:06:15 [INFO]     [OK] 576f4b81… |  1272 KB | year=2024 (2024-2025) | fields=17
04:06:15 [INFO]   [CAP] Reached 10-file limit for this page. Moving to other pages.
04:07:10 [INFO]   → Found 2 PDFs on https://www.svk.se/om-kraftsystemet/nar-elen-inte-racker-till/sa-har-funkar-frankoppling-om-elen-inte-racker-till/
04:07:15 [INFO]     [OK] b4544409… |    56 KB | year=2022 (2020-2023) | fields=68
04:07:20 [INFO]     [OK] f83f9a88… |   252 KB | year=2024 (2024-2025) | fields=70
04:07:41 [INFO]   → Found 2 PDFs on https://www.svk.se/om-kraftsystemet/legalt-ramverk/
04:07:45 [INFO]     [OK] 197d9756… |  1272 KB | year=2024 (2024-2025) | fields=28
04:07:48 [INFO]     [OK] a4d83530… |   262 KB | year=2023 (2020-2023) | fields=69
04:07:56 [INFO]   → Found 1 PDFs on https://www.svk.se/om-kraftsystemet/legalt-ramverk/eu-lagstiftning-/network-code-demand-response-nc-dr/
04:08:01 [INFO]     [OK] d01cda46… |   708 KB | year=2025 (2024-2025) | fields=17
04:08:19 [INFO]   → Found 1 PDFs on https://www.svk.se/om-kraftsystemet/legalt-ramverk/svenska-kraftnats-foreskrifter/ansokan-om-undantag-fran-svkfs-20052/
04:08:24 [INFO]     [OK] e14c4d9c… |   120 KB | year=2022 (2020-2023) | fields=64
04:08:35 [INFO]   → Found 5 PDFs on https://www.svk.se/sakerhet-och-beredskap/sakerhetsskydd/forfattningar-inom-sakerhetsskydd/
04:08:39 [INFO]     [OK] 45c3d6cc… |   341 KB | year=2022 (2020-2023) | fields=36
04:08:43 [INFO]     [OK] c6b2351d… |   545 KB | year=2022 (2020-2023) | fields=17
04:08:47 [INFO]     [OK] b4678e74… |   133 KB | year=2022 (2020-2023) | fields=30
04:08:51 [INFO]     [OK] edb5b1b9… |   597 KB | year=2021 (2020-2023) | fields=13
04:08:57 [INFO]     [OK] 9f1092e4… |  4815 KB | year=2025 (2024-2025) | fields=41
04:09:00 [INFO]   → Found 8 PDFs on https://www.svk.se/sakerhet-och-beredskap/dammsakerhet/regelverk-och-riktlinjer/
04:09:05 [INFO]     [OK] 38e2d65f… |  1892 KB | year=2022 (2020-2023) | fields=23
04:09:11 [INFO]     [OK] 9dba5e9e… |   654 KB | year=2024 (2024-2025) | fields=13
04:09:14 [INFO]     [OK] f8785856… |   106 KB | year=2022 (2020-2023) | fields=43
04:09:19 [INFO]     [OK] ce2b4ff4… |   202 KB | year=2025 (2024-2025) | fields=18
04:09:23 [INFO]     [OK] 78a91216… |  1188 KB | year=2021 (2020-2023) | fields=29
04:09:27 [INFO]     [OK] f3527c08… |   574 KB | year=2024 (2024-2025) | fields=13
04:09:32 [INFO]   → Found 1 PDFs on https://www.svk.se/om-kraftsystemet/kontrollrummet/
04:09:37 [INFO]     [OK] bdde2abd… |   296 KB | year=2022 (2020-2023) | fields=39
04:10:20 [INFO]   → Found 1 PDFs on https://www.svk.se/utveckling-av-kraftsystemet/systemansvar--elmarknad/ny-nordisk-balanseringsmodell-nbm/
04:10:24 [INFO]     [OK] b3669655… |    52 KB | year=2025 (2024-2025) | fields=15
04:10:32 [INFO]   → Found 3 PDFs on https://www.svk.se/utveckling-av-kraftsystemet/systemansvar--elmarknad/ny-nordisk-balanseringsmodell-nbm/automatiserad-nordisk-energiaktiveringsmarknad-for-mfrr/
04:10:37 [INFO]     [OK] 4bcc1934… |   509 KB | year=2024 (2024-2025) | fields=17
04:10:42 [INFO]     [OK] 1cc40f5a… |  3089 KB | year=2024 (2024-2025) | fields=13
04:10:46 [INFO]     [OK] eed4b30c… |   154 KB | year=2024 (2024-2025) | fields=12
04:11:14 [INFO]   → Found 2 PDFs on https://www.svk.se/om-oss/mot-svenska-kraftnat/evenemang/2020/utveckling-av-balanseringsmodell-och-balansavrakning/
04:11:20 [INFO]     [OK] bfa5c36b… |  6311 KB | year=2022 (2020-2023) | fields=19
04:11:24 [INFO]     [OK] a3bff457… |  1258 KB | year=2022 (2020-2023) | fields=12
04:11:45 [INFO]   → Found 6 PDFs on https://www.svk.se/om-oss/mot-svenska-kraftnat/evenemang/2024/offentligt-samrad-om-svenska-kraftnats-avtal-om-utbyte-av-data-samt-forslag-till-andringar-i-eis-foreskrift-om-utbyte-av-data/
04:11:51 [INFO]     [OK] c0a9e7a9… |   345 KB | year=2024 (2024-2025) | fields=12
04:12:16 [INFO]   → Found 3 PDFs on https://www.svk.se/utveckling-av-kraftsystemet/systemansvar--elmarknad/kraftsystemhubben/avbrottskoordinering-och-utokat-datautbyte-for-avbrottsplanering/arshjul-for-koordineringen-av-kommande-ars-avbrott/
04:12:35 [INFO]   → Found 6 PDFs on https://www.svk.se/utveckling-av-kraftsystemet/systemansvar--elmarknad/kraftsystemhubben/informationsblad/
04:12:49 [INFO]   → Found 2 PDFs on https://www.svk.se/om-oss/mot-svenska-kraftnat/evenemang/2025/webbinarium-status-i-regeringsuppdraget-att-analysera-alternativ-elomradesindelning/
04:12:54 [INFO]   → Found 1 PDFs on https://www.svk.se/utveckling-av-kraftsystemet/systemansvar--elmarknad/utveckling-av-elmarknaden/
04:13:01 [INFO]   → Found 1 PDFs on https://www.svk.se/om-oss/mot-svenska-kraftnat/evenemang/2022/oppen-konsultation-om-svenska-kraftnats-forslag-om-ny-summaallokering-for-se3-till-dk1-och-no1/
04:13:06 [INFO]     [OK] 753d0964… |   784 KB | year=2022 (2020-2023) | fields=22
04:13:11 [INFO]   → Found 2 PDFs on https://www.svk.se/om-oss/mot-svenska-kraftnat/evenemang/2022/statusuppdatering-om-ost-vastliga-floden/
04:13:16 [INFO]     [OK] b6d8a51e… |  2801 KB | year=2022 (2020-2023) | fields=22
04:13:21 [INFO]     [OK] b0b317a1… |   117 KB | year=2022 (2020-2023) | fields=41
04:13:31 [INFO]   → Found 1 PDFs on https://www.svk.se/om-oss/mot-svenska-kraftnat/evenemang/2022/webbinarium-om-atgarder-for-att-stodja-prissakringsmarknaden/
04:13:35 [INFO]     [OK] 61c916e2… |   726 KB | year=2022 (2020-2023) | fields=22
04:13:42 [INFO]   → Found 5 PDFs on https://www.svk.se/utveckling-av-kraftsystemet/systemansvar--elmarknad/nationell-effektiv-tillgang-till-vattenkraftsel/
04:13:47 [INFO]     [OK] a132b62a… |  2767 KB | year=2023 (2020-2023) | fields=13
04:13:57 [INFO]     [OK] a51f0e79… |  7203 KB | year=2021 (2020-2023) | fields=18
04:14:00 [INFO]     [OK] 3ea81754… |   323 KB | year=2026 (post-2026) | fields=26
04:14:09 [INFO]   → Found 1 PDFs on https://www.svk.se/utveckling-av-kraftsystemet/systemansvar--elmarknad/inforande-av-aktorsrollerna-bsp-och-brp/
04:14:19 [INFO]   → Found 6 PDFs on https://www.svk.se/utveckling-av-kraftsystemet/systemansvar--elmarknad/inforande-av-aktorsrollerna-bsp-och-brp/aktorsdialog---referensgrupp-och-aktorsmoten/
04:14:23 [INFO]   → Found 30 PDFs on https://www.svk.se/utveckling-av-kraftsystemet/systemansvar--elmarknad/tariffoversyn/
04:14:27 [INFO]     [OK] 99aec44a… |   291 KB | year=2026 (post-2026) | fields=17
04:14:30 [INFO]     [OK] d21688af… |   145 KB | year=2026 (post-2026) | fields=16
04:14:34 [INFO]     [OK] bbbd4cb2… |   801 KB | year=2026 (post-2026) | fields=17
04:14:58 [INFO]     [OK] b11be0de… |   838 KB | year=2023 (2020-2023) | fields=13
04:15:03 [INFO]     [OK] 8b869cde… |    80 KB | year=2023 (2020-2023) | fields=16
04:15:08 [INFO]     [OK] d8168ad7… |   319 KB | year=2023 (2020-2023) | fields=13
04:15:11 [INFO]     [OK] 3803d0c1… |    85 KB | year=2023 (2020-2023) | fields=16
04:15:37 [INFO]   → Found 3 PDFs on https://www.svk.se/om-oss/mot-svenska-kraftnat/evenemang/2023/svenska-kraftnat-bjuder-in-till-webbinarium-for-att-presentera-delrapporten-ny-anslutningsprocess-for-havsbaserad-vindkraft---delrapport-som-publicerades-den-13-oktober-2023/
04:15:42 [INFO]     [OK] 9edf1164… |  1782 KB | year=2026 (post-2026) | fields=22
04:15:47 [INFO]     [OK] 0b63e34e… |   501 KB | year=2026 (post-2026) | fields=21
04:15:52 [INFO]     [OK] 4563a187… |  3815 KB | year=2023 (2020-2023) | fields=13
04:16:08 [INFO]   → Found 1 PDFs on https://www.svk.se/utveckling-av-kraftsystemet/transmissionsnatet/anslutning-av-solkraft/
04:16:48 [INFO]   → Found 2 PDFs on https://www.svk.se/utveckling-av-kraftsystemet/transmissionsnatet/utbyggnadsprocessen/
04:16:59 [INFO]   → Found 1 PDFs on https://www.svk.se/utveckling-av-kraftsystemet/transmissionsnatet/utbyggnadsprocessen/samrad/
04:17:13 [INFO]   → Found 2 PDFs on https://www.svk.se/utveckling-av-kraftsystemet/transmissionsnatet/utbyggnadsprocessen/tillstand/
04:17:54 [INFO]   → Found 7 PDFs on https://www.svk.se/utveckling-av-kraftsystemet/transmissionsnatet/koncessionsarenden/pagaende-forlangningsarenden/
04:18:03 [INFO]     [OK] 8508fa5d… |  1720 KB | year=2026 (post-2026) | fields=17
04:18:06 [INFO]     [OK] 56780251… |  3280 KB | year=2026 (post-2026) | fields=15
04:18:14 [INFO]     [OK] d563ee0f… | 39574 KB | year=2026 (post-2026) | fields=17
04:18:19 [INFO]     [OK] 398bdceb… |  8625 KB | year=2026 (post-2026) | fields=15
04:18:50 [INFO]   → Found 2 PDFs on https://www.svk.se/utveckling-av-kraftsystemet/regional-samverkan/
04:19:03 [INFO]   → Found 2 PDFs on https://www.svk.se/utveckling-av-kraftsystemet/samhallsplanering/nar-vindkraft-eller-andra-hoga-konstruktioner-planeras/
04:19:34 [INFO]   → Found 1 PDFs on https://www.svk.se/sakerhet-och-beredskap/dammsakerhet/tillsynsvagledning-for-lansstyrelserna/
04:19:38 [INFO]   → Found 4 PDFs on https://www.svk.se/sakerhet-och-beredskap/dammsakerhet/tillsynsvagledning-for-lansstyrelserna/tillsynsteman/
04:19:43 [INFO]     [OK] b1d73e11… |   635 KB | year=2022 (2020-2023) | fields=21
04:19:48 [INFO]     [OK] 9e203263… |  1200 KB | year=2021 (2020-2023) | fields=14
04:19:53 [INFO]     [OK] 367c56a5… |  3048 KB | year=2022 (2020-2023) | fields=17
04:19:57 [INFO]   → Found 1 PDFs on https://www.svk.se/sakerhet-och-beredskap/dammsakerhet/tillsynsvagledning-for-lansstyrelserna/kompetensutveckling-och-samverkan/
04:20:04 [INFO]   → Found 1 PDFs on https://www.svk.se/sakerhet-och-beredskap/dammsakerhet/vagledningar-och-stod/
04:20:07 [INFO]     [OK] 0d01369e… |   100 KB | year=2022 (2020-2023) | fields=22
04:20:12 [INFO]   → Found 6 PDFs on https://www.svk.se/sakerhet-och-beredskap/dammsakerhet/vagledningar-och-stod/dammsakerhetsklassificering/
04:20:17 [INFO]     [OK] b8ad78f4… |  5047 KB | year=2022 (2020-2023) | fields=16
04:20:22 [INFO]     [OK] 67d515b8… |    58 KB | year=2022 (2020-2023) | fields=16
04:20:27 [INFO]     [OK] fb5c1d44… |   127 KB | year=2022 (2020-2023) | fields=39
04:20:31 [INFO]     [OK] f858b3cd… |  1386 KB | year=2022 (2020-2023) | fields=25
04:20:40 [INFO]   → Found 1 PDFs on https://www.svk.se/sakerhet-och-beredskap/dammsakerhet/vagledningar-och-stod/helhetsbedomning-av-dammsakerheten/
04:20:50 [INFO]   → Found 1 PDFs on https://www.svk.se/sakerhet-och-beredskap/dammsakerhet/vagledningar-och-stod/sakerhetsledningssystem-for-dammsakerhetsverksamheten/
04:20:54 [INFO]     [OK] ba0b791d… |    94 KB | year=2022 (2020-2023) | fields=61
04:20:58 [INFO]   → Found 3 PDFs on https://www.svk.se/sakerhet-och-beredskap/dammsakerhet/beredskap-for-dammhaveri/
04:21:03 [INFO]     [OK] 89acba60… |   224 KB | year=2021 (2020-2023) | fields=29
04:21:08 [INFO]     [OK] 350135d6… |   725 KB | year=2022 (2020-2023) | fields=29
04:21:17 [INFO]   → Found 1 PDFs on https://www.svk.se/sakerhet-och-beredskap/dammsakerhet/beredskap-for-dammhaveri/om-beredskapsplanering/
04:21:20 [INFO]     [OK] 942b2294… |   330 KB | year=2022 (2020-2023) | fields=16
04:21:20 [INFO]   Both quotas filled — moving to next authority
04:21:20 [INFO] 
[Affärsverket svenska kraftnät] Done. Pre-NIS2: 50/50  NIS2-prep: 50/50
04:21:20 [INFO] 
============================================================
Authority : Energimyndigheten
Tier      : 2
Quota left: 2020-2023=50  2024-2025=50
============================================================
04:21:44 [INFO]   → Found 1 PDFs on https://www.energimyndigheten.se/om-oss/stod-och-bidrag-att-soka-pa-energiomradet/mina-sidor/alla-e-tjanster/statsstodsrapportering-for-biodrivmedel/
04:21:49 [INFO]     [OK] 85e173b6… |  1218 KB | year=2023 (2020-2023) | fields=19
04:22:10 [INFO]   → Found 1 PDFs on https://www.energimyndigheten.se/effektiv-energianvandning/foretag/rapportering-av-datacenters-energiprestanda/
04:22:14 [INFO]     [OK] 9bbba2ca… |   232 KB | year=2026 (post-2026) | fields=33
04:22:29 [INFO]   → Found 11 PDFs on https://www.energimyndigheten.se/energiberedskap/sakerhetsskydd/blanketter-och-vagledningar/
04:22:33 [INFO]     [OK] ad15b866… |  1512 KB | year=2023 (2020-2023) | fields=50
04:22:39 [INFO]     [OK] fdcc1349… |  1325 KB | year=2023 (2020-2023) | fields=50
04:22:42 [INFO]     [OK] eb8cc258… |  1586 KB | year=2023 (2020-2023) | fields=43
04:22:46 [INFO]     [OK] dfb4f77b… |  1482 KB | year=2023 (2020-2023) | fields=49
04:22:51 [INFO]     [OK] c9d1d2ef… |  1386 KB | year=2023 (2020-2023) | fields=50
04:22:55 [INFO]     [OK] a9bee4b4… |  1630 KB | year=2023 (2020-2023) | fields=44
04:23:00 [INFO]     [OK] 94185450… |  1452 KB | year=2023 (2020-2023) | fields=44
04:23:07 [INFO]     [OK] e8285462… |  1363 KB | year=2023 (2020-2023) | fields=50
04:23:12 [INFO]     [OK] c11c1d3b… |  1345 KB | year=2023 (2020-2023) | fields=49
04:23:18 [INFO]     [OK] 829eb793… |  1395 KB | year=2023 (2020-2023) | fields=50
04:23:18 [INFO]   [CAP] Reached 10-file limit for this page. Moving to other pages.
04:23:39 [INFO]   → Found 3 PDFs on https://www.energimyndigheten.se/klimat/internationella-klimatsamarbeten/rapporterochanalyser/
04:23:47 [INFO]     [OK] 1b7df9d2… |  1223 KB | year=2023 (2020-2023) | fields=19
04:23:59 [INFO]     [OK] e2f69878… |  3306 KB | year=2026 (post-2026) | fields=35
04:24:07 [INFO]     [OK] 29119642… |  2212 KB | year=2026 (post-2026) | fields=37
04:24:50 [INFO]   → Found 1 PDFs on https://www.energimyndigheten.se/statistik/statistik/om-den-officiella-statistiken/
04:25:02 [INFO]     [OK] c156fd26… |   114 KB | year=2025 (2024-2025) | fields=22
04:27:33 [INFO]   → Found 1 PDFs on https://www.energimyndigheten.se/om-oss/om-energimyndigheten/energimyndighetens-uppdrag/
04:27:41 [INFO]     [OK] 744b4f95… |   433 KB | year=2025 (2024-2025) | fields=25
04:28:32 [INFO]   → Found 2 PDFs on https://www.energimyndigheten.se/om-oss/om-energimyndigheten/organisation/fjarrvarmenamnden/ansok-om-medling-hos-fjarrvarmenamnden/
04:28:42 [INFO]     [robots.txt] Blocked PDF: https://utsidan.energimyndigheten.se/GDPR/Så här behandlar Energimyndigheten dina personuppgifter för Fjärrvärmenämnden medling.pdf
04:28:49 [INFO]     [OK] 2398a3d6… |   159 KB | year=2025 (2024-2025) | fields=52
04:29:14 [INFO]   → Found 3 PDFs on https://www.energimyndigheten.se/om-oss/om-energimyndigheten/organisation/natverket-for-olja-och-gas/seminarier/
04:29:19 [INFO]     [OK] 603db732… |  1803 KB | year=2024 (2024-2025) | fields=19
04:29:24 [INFO]     [OK] e9a5fd18… |   235 KB | year=2024 (2024-2025) | fields=17
04:29:28 [INFO]     [OK] dd1828cf… |  5296 KB | year=2024 (2024-2025) | fields=19
04:29:53 [INFO]   → Found 1 PDFs on https://www.energimyndigheten.se/om-oss/om-energimyndigheten/energimyndighetens-hallbarhetsarbete/jamstalldhetsintegrering/
04:29:59 [INFO]     [OK] 0d19ac92… |   795 KB | year=2022 (2020-2023) | fields=19
04:31:07 [INFO]   → Found 1 PDFs on https://www.energimyndigheten.se/om-oss/press-och-kanaler/prenumerera/prenumerera-pa-resultat/
04:31:07 [INFO]     [robots.txt] Blocked PDF: https://utsidan.energimyndigheten.se/GDPR/Så behandlar Energimyndigheten personuppgifter - generell.pdf
04:31:40 [INFO]   → Found 1 PDFs on https://www.energimyndigheten.se/om-oss/press-och-kanaler/grafisk-profil-och-logotyper/designguide/
04:31:44 [INFO]     [OK] 34246100… |  1738 KB | year=2025 (2024-2025) | fields=73
04:31:54 [INFO]   → Found 8 PDFs on https://www.energimyndigheten.se/om-oss/foreskrifter/
04:31:58 [INFO]     [OK] 5daf083b… |   106 KB | year=2025 (2024-2025) | fields=44
04:32:03 [INFO]     [OK] 65e8f82f… |   242 KB | year=2026 (post-2026) | fields=47
04:32:06 [INFO]     [OK] 4b6dd223… |   163 KB | year=2025 (2024-2025) | fields=44
04:32:11 [INFO]     [OK] c156fd26… |   114 KB | year=2025 (2024-2025) | fields=22
04:32:16 [INFO]   → Found 32 PDFs on https://www.energimyndigheten.se/om-oss/foreskrifter/upphavda-foreskrifter/
04:32:20 [INFO]     [OK] 31f8295f… |    11 KB | year=None (unknown) | fields=13
04:32:35 [INFO]     [OK] d94192a5… |    10 KB | year=None (unknown) | fields=19
04:32:40 [INFO]     [OK] a185d6ed… |    12 KB | year=None (unknown) | fields=18
04:32:45 [INFO]     [OK] b565bc37… |     7 KB | year=None (unknown) | fields=19
04:32:49 [INFO]     [OK] b565bc37… |     7 KB | year=None (unknown) | fields=19
04:32:52 [INFO]     [OK] 7b736122… |     9 KB | year=None (unknown) | fields=19
04:32:58 [INFO]     [OK] 507ebbb7… |    44 KB | year=None (unknown) | fields=19
04:33:02 [INFO]     [OK] 6ce0d080… |    38 KB | year=None (unknown) | fields=19
04:33:07 [INFO]     [OK] f30e4dc8… |    41 KB | year=None (unknown) | fields=19
04:33:11 [INFO]     [OK] 5e4047a1… |    43 KB | year=None (unknown) | fields=19
04:33:11 [INFO]   [CAP] Reached 10-file limit for this page. Moving to other pages.
04:33:32 [INFO]   → Found 2 PDFs on https://www.energimyndigheten.se/om-oss/stod-och-bidrag-att-soka-pa-energiomradet/mina-sidor/behorigheter/
04:33:36 [INFO]     [OK] bfdfd1e8… |   219 KB | year=2023 (2020-2023) | fields=46
04:33:41 [INFO]     [OK] 91ab16e3… |  1324 KB | year=2023 (2020-2023) | fields=46
04:34:02 [INFO]   → Found 1 PDFs on https://www.energimyndigheten.se/om-oss/stod-och-bidrag-att-soka-pa-energiomradet/mina-sidor/alla-e-tjanster/energikartlaggning-i-stora-foretag/
04:34:07 [INFO]     [OK] d1dfd335… |  2933 KB | year=2023 (2020-2023) | fields=50
04:35:26 [INFO]   → Found 1 PDFs on https://www.energimyndigheten.se/effektiv-energianvandning/effektiv-energianvandning/lagar-och-krav-inom-energieffektivisering/miljobalken/vagledning-for-tillsynsmyndigheter/tillsyn-pa-energihushallning/
04:35:31 [INFO]     [OK] 7c9a4a7e… |    52 KB | year=None (unknown) | fields=19
04:36:34 [INFO]   → Found 3 PDFs on https://www.energimyndigheten.se/effektiv-energianvandning/tester/solenergi/rapporterade-incidenter-i-solcellsinstallationer/
04:37:01 [INFO]   → Found 1 PDFs on https://www.energimyndigheten.se/energisystem-och-analys/styrmedel-for-elproduktion/ursprungsgarantier/om-ursprungsgarantier/andringar-i-regelverket-for-ursprungsgarantier-till-foljd-av-det-reviderade-fornybartdirektivet-rediii/fragor-och-svar-om-andrade-regler-for-ursprungsgarantier-till-foljd-av-rediii/
04:37:07 [INFO]     [OK] 57d8993e… |   127 KB | year=2025 (2024-2025) | fields=36
04:37:39 [INFO]   → Found 2 PDFs on https://www.energimyndigheten.se/energisystem-och-analys/styrmedel-for-elproduktion/elcertifikatsystemet/natagare-rapportorer-och-installatorer/
04:37:44 [INFO]     [OK] 70181311… |   381 KB | year=2024 (2024-2025) | fields=21
04:37:57 [INFO]   → Found 1 PDFs on https://www.energimyndigheten.se/energisystem-och-analys/styrmedel-for-elproduktion/elcertifikatsystemet/marknadsstatistik/
04:38:02 [INFO]     [OK] 41cb6cd0… |   401 KB | year=2024 (2024-2025) | fields=33
04:38:34 [INFO]   → Found 7 PDFs on https://www.energimyndigheten.se/klimat/eus-utslappshandelssystem-eu-ets/vagledning-for-verksamhetsutovare-eller-annan-aktor-inom-utslappshandeln/granskning-av-dokumentation/
04:38:39 [INFO]     [OK] 2813a78d… |   892 KB | year=2020 (2020-2023) | fields=43
04:38:43 [INFO]     [OK] 91ab16e3… |  1324 KB | year=2023 (2020-2023) | fields=46
04:38:48 [INFO]     [OK] 77eff56f… |   394 KB | year=2022 (2020-2023) | fields=36
04:38:52 [INFO]     [OK] 6795cf74… |  1426 KB | year=2024 (2024-2025) | fields=45
04:38:56 [INFO]     [OK] 91ab16e3… |  1324 KB | year=2023 (2020-2023) | fields=46
04:39:00 [INFO]     [OK] 2813a78d… |   892 KB | year=2020 (2020-2023) | fields=43
04:39:05 [INFO]     [OK] 6795cf74… |  1426 KB | year=2024 (2024-2025) | fields=45
04:39:10 [INFO]   → Found 1 PDFs on https://www.energimyndigheten.se/klimat/eus-utslappshandelssystem-eu-ets/vagledning-for-verksamhetsutovare-eller-annan-aktor-inom-utslappshandeln/granskning-av-dokumentation/arlig-kontroll-av-dina-uppgifter/
04:39:14 [INFO]     [OK] d4bbfde4… |   484 KB | year=2025 (2024-2025) | fields=45
04:39:41 [INFO]   → Found 3 PDFs on https://www.energimyndigheten.se/klimat/transporter/laddinfrastruktur/handlingsprogram-och-lagesrapporter-enligt-krav-i-afir/
04:39:46 [INFO]     [OK] da6bfd87… |  2781 KB | year=2025 (2024-2025) | fields=33
04:39:51 [INFO]     [OK] ed0232f3… |   910 KB | year=2025 (2024-2025) | fields=33
04:39:57 [INFO]     [OK] 652ca9ee… |  3688 KB | year=2025 (2024-2025) | fields=19
04:42:35 [INFO]   → Found 4 PDFs on https://www.energimyndigheten.se/statistik/officiell-energistatistik/tillforsel-och-anvandning/natanslutna-solcellsanlaggningar/
04:42:39 [INFO]     [OK] 86238d9e… |   119 KB | year=2023 (2020-2023) | fields=8
04:42:43 [INFO]     [OK] acbd6484… |   119 KB | year=2023 (2020-2023) | fields=8
04:42:48 [INFO]     [OK] d9c10f59… |   120 KB | year=2022 (2020-2023) | fields=8
04:42:53 [INFO]     [OK] 136d86cb… |   119 KB | year=2023 (2020-2023) | fields=8
04:43:19 [INFO]   → Found 11 PDFs on https://www.energimyndigheten.se/statistik/officiell-energistatistik/tillforsel-och-anvandning/vindkraftsstatistik/
04:43:24 [INFO]     [OK] 3cb5cb75… |   328 KB | year=2025 (2024-2025) | fields=20
04:43:28 [INFO]     [OK] 896bd09a… |   261 KB | year=2024 (2024-2025) | fields=20
04:43:34 [INFO]     [OK] d42d56cd… |   262 KB | year=2023 (2020-2023) | fields=20
04:43:38 [INFO]     [OK] 5a82eca3… |   234 KB | year=2022 (2020-2023) | fields=20
04:43:43 [INFO]     [OK] 0d49f45e… |   470 KB | year=2021 (2020-2023) | fields=10
04:43:47 [INFO]     [OK] 0d49f45e… |   470 KB | year=2021 (2020-2023) | fields=10
04:43:51 [INFO]     [OK] 0d49f45e… |   470 KB | year=2021 (2020-2023) | fields=10
04:43:56 [INFO]     [OK] 0d49f45e… |   470 KB | year=2021 (2020-2023) | fields=10
04:44:00 [INFO]     [OK] cc33c8d8… |   233 KB | year=2020 (2020-2023) | fields=20
04:44:30 [INFO]   → Found 3 PDFs on https://www.energimyndigheten.se/statistik/ovrig-energistatistik/energistatistik-i-bebyggelsen-och-industrin/elmatning-i-bostader/
04:44:37 [INFO]     [OK] f02bab04… |  2616 KB | year=None (unknown) | fields=20
04:44:43 [INFO]     [OK] ac165a5b… |   667 KB | year=None (unknown) | fields=21
04:44:47 [INFO]     [OK] 8c29f942… |   197 KB | year=None (unknown) | fields=16
04:44:55 [INFO]   → Found 5 PDFs on https://www.energimyndigheten.se/statistik/ovrig-energistatistik/energistatistik-i-bebyggelsen-och-industrin/beteendestudier/
04:45:00 [INFO]     [OK] 8466fdd4… |   697 KB | year=None (unknown) | fields=21
04:45:04 [INFO]     [OK] 415931f6… |   409 KB | year=None (unknown) | fields=21
04:45:09 [INFO]     [OK] ef78f222… |  1973 KB | year=None (unknown) | fields=12
04:45:14 [INFO]     [OK] 4ab0bb16… |   305 KB | year=None (unknown) | fields=17
04:45:20 [INFO]     [OK] 5bb99b01… |  3487 KB | year=None (unknown) | fields=17
04:45:25 [INFO]   → Found 1 PDFs on https://www.energimyndigheten.se/statistik/ovrig-energistatistik/energistatistik-i-bebyggelsen-och-industrin/matningar-av-varm--och-kallvattenforbrukning/
04:45:34 [INFO]   → Found 4 PDFs on https://www.energimyndigheten.se/statistik/ovrig-energistatistik/energistatistik-i-bebyggelsen-och-industrin/industrins-energianvandning-stind/
04:47:28 [INFO]   → Found 1 PDFs on https://www.energimyndigheten.se/nyhetsarkiv/2026/energiforskning-starker-industrins-omstallning/
04:47:32 [INFO]     [OK] 6f4a32b6… |   595 KB | year=2025 (2024-2025) | fields=33
04:51:21 [INFO]   → Found 5 PDFs on https://www.energimyndigheten.se/om-oss/press-och-kanaler/prenumerera/laget-pa-energimarknaderna/sveriges-energilage/
04:51:26 [INFO]     [OK] fc26d1af… |   226 KB | year=2026 (post-2026) | fields=36
04:51:31 [INFO]     [OK] 9ed2afd6… |   283 KB | year=2026 (post-2026) | fields=37
04:51:36 [INFO]     [OK] a51c8867… |   274 KB | year=2026 (post-2026) | fields=37
04:51:41 [INFO]     [OK] 996d2270… |   275 KB | year=2026 (post-2026) | fields=36
04:51:46 [INFO]     [OK] 2be21877… |   306 KB | year=2025 (2024-2025) | fields=19
04:53:22 [INFO]   → Found 4 PDFs on https://www.energimyndigheten.se/effektiv-energianvandning/effektiv-energianvandning/lagar-och-krav-inom-energieffektivisering/miljobalken/vagledning-for-verksamhetsutovare/?currentTab=1
04:53:49 [INFO]   → Found 1 PDFs on https://www.energimyndigheten.se/effektiv-energianvandning/effektiv-energianvandning/lagar-och-krav-inom-energieffektivisering/miljobalken/vagledning-for-verksamhetsutovare/?currentTab=3
04:53:58 [INFO]   → Found 2 PDFs on https://www.energimyndigheten.se/effektiv-energianvandning/effektiv-energianvandning/lagar-och-krav-inom-energieffektivisering/miljobalken/vagledning-for-verksamhetsutovare/?currentTab=4
04:54:04 [INFO]     [OK] da4d7f58… |   114 KB | year=None (unknown) | fields=22
04:54:08 [INFO]     [OK] 7a714cd2… |  5731 KB | year=None (unknown) | fields=20
04:54:13 [INFO]   → Found 3 PDFs on https://www.energimyndigheten.se/effektiv-energianvandning/effektiv-energianvandning/lagar-och-krav-inom-energieffektivisering/miljobalken/vagledning-for-verksamhetsutovare/?currentTab=5
04:54:54 [INFO]   → Found 1 PDFs on https://www.energimyndigheten.se/effektiv-energianvandning/effektiv-energianvandning/lagar-och-krav-inom-energieffektivisering/miljobalken/vagledning-for-tillsynsmyndigheter/?currentTab=1
04:55:04 [INFO]   → Found 3 PDFs on https://www.energimyndigheten.se/effektiv-energianvandning/effektiv-energianvandning/lagar-och-krav-inom-energieffektivisering/miljobalken/vagledning-for-tillsynsmyndigheter/?currentTab=2
04:55:22 [INFO]   → Found 1 PDFs on https://www.energimyndigheten.se/effektiv-energianvandning/effektiv-energianvandning/lagar-och-krav-inom-energieffektivisering/miljobalken/vagledning-for-tillsynsmyndigheter/?currentTab=4
04:55:30 [INFO]   → Found 6 PDFs on https://www.energimyndigheten.se/effektiv-energianvandning/effektiv-energianvandning/lagar-och-krav-inom-energieffektivisering/miljobalken/vagledning-for-tillsynsmyndigheter/?currentTab=5
04:55:59 [INFO]   → Found 1 PDFs on https://www.energimyndigheten.se/effektiv-energianvandning/effektiv-energianvandning/lagar-och-krav-inom-energieffektivisering/miljobalken/vagledning-for-tillsynsmyndigheter/?currentTab=6
04:57:06 [INFO]   → Found 40 PDFs on https://www.energimyndigheten.se/energisystem-och-analys/styrmedel-for-elproduktion/elcertifikatsystemet/marknadsstatistik/?currentTab=2
04:57:10 [INFO]     [OK] 62dbfe3d… |   415 KB | year=2025 (2024-2025) | fields=20
04:57:14 [INFO]     [OK] a20fe3c2… |   351 KB | year=2025 (2024-2025) | fields=36
04:57:19 [INFO]     [OK] b7f86ba3… |   400 KB | year=2025 (2024-2025) | fields=20
04:57:26 [INFO]     [OK] 145d35f6… |   436 KB | year=2025 (2024-2025) | fields=36
04:57:30 [INFO]     [OK] 8177bae1… |   346 KB | year=2024 (2024-2025) | fields=23
04:57:34 [INFO]     [OK] c8426240… |   438 KB | year=2024 (2024-2025) | fields=19
04:57:40 [INFO]     [OK] 1de1ec13… |   439 KB | year=2024 (2024-2025) | fields=21
04:57:45 [INFO]     [OK] cbc1df1d… |   440 KB | year=2024 (2024-2025) | fields=21
04:57:49 [INFO]     [OK] 8a96c5dc… |   339 KB | year=2023 (2020-2023) | fields=23
04:57:53 [INFO]     [OK] bd5a0b5c… |   344 KB | year=2023 (2020-2023) | fields=22
04:57:53 [INFO]   [CAP] Reached 10-file limit for this page. Moving to other pages.
04:57:57 [INFO]   → Found 6 PDFs on https://www.energimyndigheten.se/energisystem-och-analys/styrmedel-for-elproduktion/elcertifikatsystemet/marknadsstatistik/?currentTab=3
04:58:02 [INFO]     [OK] 7e2d6de3… |   200 KB | year=2020 (2020-2023) | fields=22
04:58:06 [INFO]     [OK] 3c330f8c… |   157 KB | year=2020 (2020-2023) | fields=21
04:58:11 [INFO]     [OK] 470e09b0… |   221 KB | year=2021 (2020-2023) | fields=22
04:58:15 [INFO]     [OK] d0b05e60… |   200 KB | year=2021 (2020-2023) | fields=22
04:58:20 [INFO]     [OK] f863e0c7… |   201 KB | year=2021 (2020-2023) | fields=22
04:58:25 [INFO]     [OK] d472f5ff… |   200 KB | year=2021 (2020-2023) | fields=22
04:59:08 [INFO]   → Found 1 PDFs on https://www.energimyndigheten.se/klimat/eus-utslappshandelssystem-eu-ets/vagledning-for-verksamhetsutovare-eller-annan-aktor-inom-utslappshandeln/ansokan/oppna-depakonto-for-reglerade-enheter/?currentTab=2
04:59:12 [INFO]     [OK] f2ad8680… |   739 KB | year=2025 (2024-2025) | fields=49
04:59:16 [INFO]   → Found 1 PDFs on https://www.energimyndigheten.se/klimat/eus-utslappshandelssystem-eu-ets/vagledning-for-verksamhetsutovare-eller-annan-aktor-inom-utslappshandeln/ansokan/oppna-depakonto-for-reglerade-enheter/?currentTab=3
04:59:21 [INFO]     [OK] 3625c8eb… |  1522 KB | year=2026 (post-2026) | fields=37
04:59:55 [INFO]   → Found 6 PDFs on https://www.energimyndigheten.se/statistik/officiell-energistatistik/energibalanser/arlig-energibalans/?currentTab=2
04:59:59 [INFO]     [OK] 56adb427… |   531 KB | year=None (unknown) | fields=15
05:00:03 [INFO]     [OK] 59ea1ec7… |   453 KB | year=None (unknown) | fields=11
05:00:08 [INFO]     [OK] 99fbc4ea… |   448 KB | year=None (unknown) | fields=15
05:00:12 [INFO]     [OK] b5595f5c… |   421 KB | year=None (unknown) | fields=13
05:00:17 [INFO]     [OK] 1e25ba53… |   462 KB | year=None (unknown) | fields=12
05:00:21 [INFO]     [OK] f5005a6f… |   546 KB | year=None (unknown) | fields=10
05:00:25 [INFO]   → Found 14 PDFs on https://www.energimyndigheten.se/statistik/officiell-energistatistik/energibalanser/arlig-energibalans/?currentTab=3
05:00:29 [INFO]     [OK] 4853e6ac… |   281 KB | year=2024 (2024-2025) | fields=20
05:00:33 [INFO]     [OK] dfca7b13… |   281 KB | year=2023 (2020-2023) | fields=20
05:00:38 [INFO]     [OK] 8bdd4b44… |   280 KB | year=2022 (2020-2023) | fields=20
05:00:42 [INFO]     [OK] 0b4ac7ea… |   281 KB | year=2021 (2020-2023) | fields=20
05:00:47 [INFO]     [OK] 2d3433ef… |   240 KB | year=2020 (2020-2023) | fields=21
05:00:52 [INFO]     [OK] 212542ed… |  1303 KB | year=2025 (2024-2025) | fields=18
05:01:10 [INFO]   → Found 2 PDFs on https://www.energimyndigheten.se/statistik/officiell-energistatistik/energibalanser/kvartalsvis-energibalans/?currentTab=3
05:01:28 [INFO]   → Found 2 PDFs on https://www.energimyndigheten.se/statistik/officiell-energistatistik/tillforsel-och-anvandning/energianvandningen-inom-byggsektorn/?currentTab=3
05:01:32 [INFO]     [OK] 577524d2… |   511 KB | year=2023 (2020-2023) | fields=21
05:01:36 [INFO]     [OK] d3d44939… |   685 KB | year=2023 (2020-2023) | fields=19
05:01:44 [INFO]   → Found 1 PDFs on https://www.energimyndigheten.se/statistik/officiell-energistatistik/tillforsel-och-anvandning/energianvandningen-inom-fiskesektorn/?currentTab=1
05:01:50 [INFO]     [OK] 235ef1a1… |   387 KB | year=None (unknown) | fields=23
05:01:59 [INFO]   → Found 4 PDFs on https://www.energimyndigheten.se/statistik/officiell-energistatistik/tillforsel-och-anvandning/energianvandningen-inom-fiskesektorn/?currentTab=3
05:02:04 [INFO]     [OK] 62d3fb54… |   325 KB | year=2022 (2020-2023) | fields=20
05:02:09 [INFO]     [OK] 1b03e139… |   650 KB | year=2020 (2020-2023) | fields=18
05:02:15 [INFO]     [OK] 93b51933… |   397 KB | year=2022 (2020-2023) | fields=18
05:02:32 [INFO]   → Found 6 PDFs on https://www.energimyndigheten.se/statistik/officiell-energistatistik/tillforsel-och-anvandning/energianvandningen-inom-jordbruket/?currentTab=3
05:02:38 [INFO]     [OK] 38932b0f… |   337 KB | year=2024 (2024-2025) | fields=20
05:02:43 [INFO]     [OK] 2a065e27… |   339 KB | year=2021 (2020-2023) | fields=20
05:02:48 [INFO]     [OK] ae18ff9d… |   647 KB | year=2024 (2024-2025) | fields=18
05:03:06 [INFO]   → Found 1 PDFs on https://www.energimyndigheten.se/statistik/officiell-energistatistik/tillforsel-och-anvandning/energianvandningen-inom-skogsbruket/?currentTab=3
05:03:11 [INFO]     [OK] 3aefc6a5… |   392 KB | year=2024 (2024-2025) | fields=20
05:03:33 [INFO]   → Found 16 PDFs on https://www.energimyndigheten.se/statistik/officiell-energistatistik/tillforsel-och-anvandning/energistatistik-for-flerbostadshus/?currentTab=1
05:03:43 [INFO]     [OK] 225c9470… |   906 KB | year=None (unknown) | fields=25
05:03:47 [INFO]     [OK] 6bc74f41… |  1466 KB | year=None (unknown) | fields=24
05:03:52 [INFO]     [OK] 0ce7da76… |   732 KB | year=None (unknown) | fields=16
05:03:57 [INFO]     [OK] 493f18b6… |   778 KB | year=None (unknown) | fields=15
05:04:02 [INFO]     [OK] fedd57f4… |   886 KB | year=None (unknown) | fields=16
05:04:06 [INFO]     [OK] 247f9550… |   470 KB | year=None (unknown) | fields=15
05:04:11 [INFO]     [OK] b6a11d99… |   492 KB | year=None (unknown) | fields=17
05:04:16 [INFO]     [OK] 7dd0a633… |   377 KB | year=None (unknown) | fields=10
05:04:20 [INFO]     [OK] b3d00b03… |   357 KB | year=None (unknown) | fields=12
05:04:28 [INFO]   → Found 14 PDFs on https://www.energimyndigheten.se/statistik/officiell-energistatistik/tillforsel-och-anvandning/energistatistik-for-flerbostadshus/?currentTab=3
05:05:33 [INFO]   → Found 1 PDFs on https://www.energimyndigheten.se/statistik/officiell-energistatistik/tillforsel-och-anvandning/energistatistik-for-fritidshus/?currentTab=1
05:05:42 [INFO]   → Found 1 PDFs on https://www.energimyndigheten.se/statistik/officiell-energistatistik/tillforsel-och-anvandning/energistatistik-for-fritidshus/?currentTab=3
05:05:50 [INFO]   → Found 16 PDFs on https://www.energimyndigheten.se/statistik/officiell-energistatistik/tillforsel-och-anvandning/energistatistik-for-lokaler/?currentTab=1
05:06:01 [INFO]     [OK] d79a4d03… |  1773 KB | year=None (unknown) | fields=25
05:06:07 [INFO]     [OK] c72cdfe4… |  1351 KB | year=None (unknown) | fields=25
05:06:12 [INFO]     [OK] 2c285800… |   720 KB | year=None (unknown) | fields=16
05:06:18 [INFO]     [OK] 1ec8adba… |   781 KB | year=None (unknown) | fields=15
05:06:23 [INFO]     [OK] c835674b… |  1031 KB | year=None (unknown) | fields=16
05:06:27 [INFO]     [OK] 53dd530f… |   465 KB | year=None (unknown) | fields=16
05:06:32 [INFO]     [OK] 2f50cb9a… |   249 KB | year=None (unknown) | fields=15
05:06:36 [INFO]     [OK] 4c2a345d… |   337 KB | year=None (unknown) | fields=13
05:06:41 [INFO]     [OK] 7eca4ba8… |   460 KB | year=None (unknown) | fields=12
05:06:49 [INFO]   → Found 14 PDFs on https://www.energimyndigheten.se/statistik/officiell-energistatistik/tillforsel-och-anvandning/energistatistik-for-lokaler/?currentTab=3
05:08:16 [INFO]   → Found 16 PDFs on https://www.energimyndigheten.se/statistik/officiell-energistatistik/tillforsel-och-anvandning/energistatistik-for-smahus/?currentTab=1
05:08:25 [INFO]     [OK] c43727c8… |  1123 KB | year=None (unknown) | fields=26
05:08:30 [INFO]     [OK] bd118f4a… |  1910 KB | year=None (unknown) | fields=22
05:08:35 [INFO]     [OK] 7bcfc4f6… |   647 KB | year=None (unknown) | fields=15
05:08:40 [INFO]     [OK] 10336d0f… |   967 KB | year=None (unknown) | fields=15
05:09:18 [INFO]   → Found 16 PDFs on https://www.energimyndigheten.se/statistik/officiell-energistatistik/tillforsel-och-anvandning/energistatistik-for-smahus/?currentTab=3
05:10:36 [INFO]   → Found 16 PDFs on https://www.energimyndigheten.se/statistik/officiell-energistatistik/tillforsel-och-anvandning/energistatistik-for-smahus-flerbostadshus-och-lokaler/?currentTab=1
05:11:36 [INFO]   → Found 14 PDFs on https://www.energimyndigheten.se/statistik/officiell-energistatistik/tillforsel-och-anvandning/energistatistik-for-smahus-flerbostadshus-och-lokaler/?currentTab=3
05:12:47 [INFO]   → Found 1 PDFs on https://www.energimyndigheten.se/statistik/officiell-energistatistik/tillforsel-och-anvandning/industrins-energianvandning/?currentTab=1
05:12:51 [INFO]   [CAP] Reached 500 page limit for authority. Moving on.
05:12:51 [INFO] 
[Energimyndigheten] Done. Pre-NIS2: 50/50  NIS2-prep: 37/50
05:12:51 [INFO] 
============================================================
Authority : E-hälsomyndigheten
Tier      : 2
Quota left: 2020-2023=50  2024-2025=50
============================================================
05:13:22 [INFO]   → Found 2 PDFs on https://www.ehalsomyndigheten.se/om-ehalsomyndigheten/om-oss/
05:13:26 [INFO]     [OK] 4223c0d3… |   216 KB | year=2025 (2024-2025) | fields=22
05:13:31 [INFO]     [OK] 024eee69… |   396 KB | year=2026 (post-2026) | fields=16
05:13:35 [INFO]   → Found 1 PDFs on https://www.ehalsomyndigheten.se/om-ehalsomyndigheten/om-oss/beredskap/
05:13:39 [INFO]     [OK] a54b8136… |  1425 KB | year=2025 (2024-2025) | fields=20
05:13:43 [INFO]   → Found 5 PDFs on https://www.ehalsomyndigheten.se/om-ehalsomyndigheten/om-oss/foreskrifter/
05:13:48 [INFO]     [OK] 25ffc54b… |    99 KB | year=2025 (2024-2025) | fields=22
05:13:53 [INFO]     [OK] afa0b850… |   210 KB | year=2021 (2020-2023) | fields=71
05:13:57 [INFO]     [OK] 7a1fd0e5… |   109 KB | year=2021 (2020-2023) | fields=29
05:14:01 [INFO]     [OK] abf2c555… |  2020 KB | year=2024 (2024-2025) | fields=71
05:14:05 [INFO]     [OK] ea2738b8… |    23 KB | year=2021 (2020-2023) | fields=16
05:14:15 [INFO]   → Found 1 PDFs on https://www.ehalsomyndigheten.se/om-ehalsomyndigheten/om-oss/internationellt-arbete/
05:14:19 [INFO]     [OK] cd10c515… |   225 KB | year=2025 (2024-2025) | fields=21
05:14:43 [INFO]   → Found 5 PDFs on https://www.ehalsomyndigheten.se/om-ehalsomyndigheten/om-oss/regeringsuppdrag/
05:14:48 [INFO]     [OK] abf84422… |  1650 KB | year=2025 (2024-2025) | fields=10
05:14:52 [INFO]     [OK] 09e7b88d… |   734 KB | year=2023 (2020-2023) | fields=24
05:14:56 [INFO]     [OK] dba8167b… |   694 KB | year=2025 (2024-2025) | fields=25
05:15:01 [INFO]     [OK] e5754753… |   206 KB | year=2026 (post-2026) | fields=18
05:15:04 [INFO]     [OK] d70e0be6… |   142 KB | year=2025 (2024-2025) | fields=16
05:15:21 [INFO]   → Found 4 PDFs on https://www.ehalsomyndigheten.se/om-ehalsomyndigheten/rapporter/
05:15:26 [INFO]     [OK] 31e061fc… |   564 KB | year=2026 (post-2026) | fields=16
05:15:30 [INFO]     [OK] 06df530a… |   618 KB | year=2025 (2024-2025) | fields=16
05:15:35 [INFO]     [OK] fdf5b823… |   838 KB | year=2025 (2024-2025) | fields=16
05:15:38 [INFO]     [OK] d63c7919… |   763 KB | year=2026 (post-2026) | fields=22
05:15:51 [INFO]   → Found 5 PDFs on https://www.ehalsomyndigheten.se/om-ehalsomyndigheten/om-oss/behandling-av-personuppgifter/samtycke-till-vara-tjanster-och-register/
05:15:55 [INFO]     [OK] ec15f877… |   107 KB | year=2025 (2024-2025) | fields=16
05:15:59 [INFO]     [OK] a69cb00c… |    69 KB | year=2025 (2024-2025) | fields=16
05:16:04 [INFO]     [OK] f85176d2… |    86 KB | year=2025 (2024-2025) | fields=18
05:16:07 [INFO]     [OK] 141615a4… |    85 KB | year=2025 (2024-2025) | fields=16
05:16:12 [INFO]     [OK] 555047f9… |    65 KB | year=2026 (post-2026) | fields=16
05:16:42 [INFO]   → Found 3 PDFs on https://www.ehalsomyndigheten.se/om-ehalsomyndigheten/om-oss/regeringsuppdrag/nationell-lagesbild-over-tillangen-till-lakemedel/
05:16:47 [INFO]     [OK] 8f2dbc3e… |   240 KB | year=2026 (post-2026) | fields=16
05:16:52 [INFO]     [OK] 2f167526… |   143 KB | year=2025 (2024-2025) | fields=16
05:16:56 [INFO]     [OK] 14b08aa6… |   332 KB | year=2025 (2024-2025) | fields=16
05:17:00 [INFO]   → Found 1 PDFs on https://www.ehalsomyndigheten.se/om-ehalsomyndigheten/om-oss/regeringsuppdrag/starka-robustheten-i-det-digitala-flodet-i-fraga-om-forskrivning-och-expediering-av-lakemedel/
05:17:04 [INFO]     [OK] 979b2791… |   404 KB | year=2025 (2024-2025) | fields=16
05:17:08 [INFO]   → Found 1 PDFs on https://www.ehalsomyndigheten.se/om-ehalsomyndigheten/om-oss/regeringsuppdrag/nationell-databas-for-medicintekniska-produkter/
05:17:12 [INFO]     [OK] f5d2bfd5… |   535 KB | year=2025 (2024-2025) | fields=16
05:17:32 [INFO]   → Found 4 PDFs on https://www.ehalsomyndigheten.se/om-ehalsomyndigheten/om-oss/regeringsuppdrag/?status=finished
05:17:35 [INFO]     [OK] 615f2396… |   529 KB | year=2024 (2024-2025) | fields=16
05:17:40 [INFO]     [OK] 145338b0… |   439 KB | year=2025 (2024-2025) | fields=10
05:17:45 [INFO]     [OK] 23ae0ce6… |   590 KB | year=2026 (post-2026) | fields=16
05:17:50 [INFO]     [OK] c206ee15… |   758 KB | year=2025 (2024-2025) | fields=10
05:18:00 [INFO]   → Found 1 PDFs on https://www.ehalsomyndigheten.se/om-ehalsomyndigheten/om-oss/regeringsuppdrag/?p=2
05:18:04 [INFO]     [OK] da8967fb… |   533 KB | year=2025 (2024-2025) | fields=16
05:18:50 [INFO]   → Found 3 PDFs on https://www.ehalsomyndigheten.se/om-ehalsomyndigheten/rapporter/?p=2
05:18:55 [INFO]     [OK] fc77d587… |  1587 KB | year=2025 (2024-2025) | fields=17
05:19:00 [INFO]     [OK] 7efa108e… |   705 KB | year=2026 (post-2026) | fields=22
05:19:04 [INFO]     [OK] 23cbd91c… |   974 KB | year=2026 (post-2026) | fields=20
05:19:09 [INFO]   → Found 2 PDFs on https://www.ehalsomyndigheten.se/om-ehalsomyndigheten/rapporter/?p=3
05:19:13 [INFO]     [OK] 55f91460… |  1729 KB | year=2026 (post-2026) | fields=20
05:19:17 [INFO]     [OK] 02c64c95… |  1028 KB | year=2025 (2024-2025) | fields=18
05:19:22 [INFO]   → Found 4 PDFs on https://www.ehalsomyndigheten.se/om-ehalsomyndigheten/rapporter/?p=16
05:19:27 [INFO]     [OK] a264c488… |  1446 KB | year=2020 (2020-2023) | fields=23
05:19:32 [INFO]     [OK] f1507a04… |   685 KB | year=2025 (2024-2025) | fields=18
05:19:37 [INFO]     [OK] ab21b117… |  2858 KB | year=2025 (2024-2025) | fields=17
05:19:42 [INFO]     [OK] 27daa7a3… |  1326 KB | year=2025 (2024-2025) | fields=18
05:19:46 [INFO]   → Found 8 PDFs on https://www.ehalsomyndigheten.se/om-ehalsomyndigheten/rapporter/?p=14
05:19:51 [INFO]     [OK] 319f4288… |  3030 KB | year=2025 (2024-2025) | fields=17
05:19:55 [INFO]     [OK] 033c40a3… |   627 KB | year=2025 (2024-2025) | fields=18
05:20:00 [INFO]     [OK] fdd28718… |   596 KB | year=2022 (2020-2023) | fields=23
05:20:06 [INFO]     [OK] 98783f1f… |   490 KB | year=2021 (2020-2023) | fields=18
05:20:10 [INFO]     [OK] d761cd19… |   461 KB | year=2022 (2020-2023) | fields=16
05:20:14 [INFO]     [OK] e5f84649… |   502 KB | year=2021 (2020-2023) | fields=16
05:20:19 [INFO]     [OK] 71f98b91… |   437 KB | year=2025 (2024-2025) | fields=18
05:20:24 [INFO]     [OK] 575a667d… |   257 KB | year=2025 (2024-2025) | fields=16
05:20:27 [INFO]   → Found 6 PDFs on https://www.ehalsomyndigheten.se/om-ehalsomyndigheten/rapporter/?p=15
05:20:31 [INFO]     [OK] 3e04fb1d… |  1392 KB | year=2021 (2020-2023) | fields=17
05:20:35 [INFO]     [OK] d4ba7477… |   600 KB | year=2021 (2020-2023) | fields=16
05:20:38 [INFO]     [OK] e639bedc… |   490 KB | year=2021 (2020-2023) | fields=16
05:20:42 [INFO]     [OK] 041297d4… |  1440 KB | year=2025 (2024-2025) | fields=18
05:20:47 [INFO]     [OK] 294f48ef… |   639 KB | year=2025 (2024-2025) | fields=18
05:20:52 [INFO]     [OK] 1961c421… |   898 KB | year=2025 (2024-2025) | fields=18
05:22:54 [INFO]   → Found 2 PDFs on https://www.ehalsomyndigheten.se/om-ehalsomyndigheten/om-oss/regeringsuppdrag/etableringen-av-en-nationell-digital-infrastruktur-i-halso--och-sjukvarden/
05:22:58 [INFO]     [OK] c8aa18d9… |  2194 KB | year=2025 (2024-2025) | fields=16
05:23:01 [INFO]     [OK] 49ada5b6… |   466 KB | year=2025 (2024-2025) | fields=16
05:23:08 [INFO]   → Found 1 PDFs on https://www.ehalsomyndigheten.se/om-ehalsomyndigheten/om-oss/regeringsuppdrag/?status=finished&p=2
05:23:13 [INFO]     [OK] 803e22fd… |  1029 KB | year=2025 (2024-2025) | fields=16
05:23:17 [INFO]   → Found 10 PDFs on https://www.ehalsomyndigheten.se/om-ehalsomyndigheten/om-oss/regeringsuppdrag/?status=finished&p=3
05:23:21 [INFO]     [OK] 7488ae99… |   442 KB | year=2025 (2024-2025) | fields=16
05:23:25 [INFO]     [OK] 5c58d5f3… |   484 KB | year=2026 (post-2026) | fields=21
05:23:30 [INFO]     [OK] 664bebbe… |   535 KB | year=2024 (2024-2025) | fields=21
05:23:35 [INFO]     [OK] fe1397ba… |   353 KB | year=2025 (2024-2025) | fields=16
05:23:40 [INFO]     [OK] 2443d97f… |   448 KB | year=2025 (2024-2025) | fields=16
05:23:45 [INFO]     [OK] bc832c28… |   741 KB | year=2024 (2024-2025) | fields=19
05:23:49 [INFO]     [OK] 4c23905f… |   524 KB | year=2023 (2020-2023) | fields=17
05:23:54 [INFO]     [OK] dc944910… |   312 KB | year=2022 (2020-2023) | fields=16
05:23:59 [INFO]     [OK] 63cd4c04… |   721 KB | year=2022 (2020-2023) | fields=16
05:24:04 [INFO]     [OK] ec1d6ef8… |   508 KB | year=2022 (2020-2023) | fields=21
05:24:08 [INFO]   → Found 7 PDFs on https://www.ehalsomyndigheten.se/om-ehalsomyndigheten/om-oss/regeringsuppdrag/?status=finished&p=4
05:24:12 [INFO]     [OK] 4abd55ac… |  1533 KB | year=2025 (2024-2025) | fields=26
05:24:16 [INFO]     [OK] 66f58070… |  1045 KB | year=2025 (2024-2025) | fields=20
05:24:21 [INFO]     [OK] cd93f486… |  2439 KB | year=2025 (2024-2025) | fields=16
05:24:26 [INFO]     [OK] a1d2b62f… |  1449 KB | year=2025 (2024-2025) | fields=23
05:24:30 [INFO]     [OK] 7f09392c… |  1887 KB | year=2025 (2024-2025) | fields=26
05:24:35 [INFO]     [OK] 1348a7af… |  1092 KB | year=2025 (2024-2025) | fields=17
05:24:39 [INFO]     [OK] 34c7b2b5… |   617 KB | year=2023 (2020-2023) | fields=16
05:24:44 [INFO]   → Found 5 PDFs on https://www.ehalsomyndigheten.se/om-ehalsomyndigheten/om-oss/regeringsuppdrag/?status=finished&p=5
05:24:49 [INFO]     [OK] 197c81f8… |  4320 KB | year=2025 (2024-2025) | fields=18
05:24:53 [INFO]     [OK] 926cf15c… |  1703 KB | year=2025 (2024-2025) | fields=16
05:25:03 [INFO]     [OK] a5fffd0b… |  1636 KB | year=2022 (2020-2023) | fields=16
05:25:23 [INFO]   → Found 2 PDFs on https://www.ehalsomyndigheten.se/verksamhet/vard/blanketter-for-vard-och-omsorg/
05:25:27 [INFO]     [OK] eb219dfc… |   159 KB | year=2020 (2020-2023) | fields=39
05:25:36 [INFO]   → Found 2 PDFs on https://www.ehalsomyndigheten.se/om-ehalsomyndigheten/rapporter/?p=4
05:25:41 [INFO]     [OK] 6acb5a05… |  4744 KB | year=2022 (2020-2023) | fields=15
05:25:45 [INFO]     [OK] a3249fd5… |  1033 KB | year=2023 (2020-2023) | fields=18
05:25:49 [INFO]   → Found 4 PDFs on https://www.ehalsomyndigheten.se/om-ehalsomyndigheten/rapporter/?p=13
05:25:55 [INFO]     [OK] 19e0ba72… |   397 KB | year=2022 (2020-2023) | fields=16
05:26:03 [INFO]     [OK] 8e5ab8be… |  1142 KB | year=2022 (2020-2023) | fields=17
05:26:08 [INFO]     [OK] 1bfca120… |  1818 KB | year=2021 (2020-2023) | fields=10
05:27:22 [INFO]   → Found 2 PDFs on https://www.ehalsomyndigheten.se/verksamhet/statistik-och-lakemedelsforsaljning/samtycke-till-utlamning-av-uppgifter/
05:27:34 [INFO]   → Found 2 PDFs on https://www.ehalsomyndigheten.se/verksamhet/statistik-och-lakemedelsforsaljning/bestalla-statistik/
05:27:42 [INFO]   → Found 3 PDFs on https://www.ehalsomyndigheten.se/verksamhet/statistik-och-lakemedelsforsaljning/partihandel/
05:28:01 [INFO]   → Found 1 PDFs on https://www.ehalsomyndigheten.se/verksamhet/statistik-och-lakemedelsforsaljning/detaljhandel/
05:28:05 [INFO]     [OK] 58382c71… |   238 KB | year=2021 (2020-2023) | fields=24
05:28:16 [INFO]   → Found 4 PDFs on https://www.ehalsomyndigheten.se/privatperson/blanketter/blanketter-for-fullmakter/
05:28:38 [INFO]   → Found 3 PDFs on https://www.ehalsomyndigheten.se/privatperson/blanketter/blanketter-for-att-begara-registerutdrag/
05:28:52 [INFO]   → Found 2 PDFs on https://www.ehalsomyndigheten.se/privatperson/blanketter/blanketter-for-att-dolja-eller-visa-receptinformation/
05:29:48 [INFO]   → Found 4 PDFs on https://www.ehalsomyndigheten.se/verksamhet/tjanster/forskrivningskollen/
05:29:57 [INFO]     [OK] 1a2c68ca… |   392 KB | year=2026 (post-2026) | fields=16
05:30:01 [INFO]     [OK] 1a05ee15… |   353 KB | year=2026 (post-2026) | fields=16
05:30:05 [INFO]     [OK] 1457a26c… |   375 KB | year=2026 (post-2026) | fields=10
05:31:01 [INFO]   → Found 1 PDFs on https://www.ehalsomyndigheten.se/om-ehalsomyndigheten/aktuellt/omvarldsrapport/
05:31:31 [INFO]   → Found 2 PDFs on https://www.ehalsomyndigheten.se/verksamhet/tjanster/nationell-vardformedling/
05:31:51 [WARNING]   [HTTP error] https://www.ehalsomyndigheten.se/cdn-cgi/l/email-protection#691b0c0e001a1d1b081d061b290c0108051a060410070d000e010c1d0c07471a0c: 404 Client Error: Not Found for url: https://www.ehalsomyndigheten.se/cdn-cgi/l/email-protection#691b0c0e001a1d1b081d061b290c0108051a060410070d000e010c1d0c07471a0c
05:32:05 [INFO]   → Found 3 PDFs on https://www.ehalsomyndigheten.se/om-ehalsomyndigheten/remissvar/
05:32:09 [INFO]     [OK] a96c67ac… |   132 KB | year=2026 (post-2026) | fields=21
05:32:14 [INFO]     [OK] a430f44b… |    18 KB | year=2026 (post-2026) | fields=16
05:32:17 [INFO]     [OK] 91862f88… |   134 KB | year=2026 (post-2026) | fields=16
05:32:21 [WARNING]   [HTTP error] https://www.ehalsomyndigheten.se/cdn-cgi/l/email-protection#a1d3c4c6c8d2d5d3c0d5ced3e1c4c9c0cdd2ceccd8cfc5c8c6c9c4d5c4cf8fd2c4: 404 Client Error: Not Found for url: https://www.ehalsomyndigheten.se/cdn-cgi/l/email-protection#a1d3c4c6c8d2d5d3c0d5ced3e1c4c9c0cdd2ceccd8cfc5c8c6c9c4d5c4cf8fd2c4
05:32:25 [WARNING]   [HTTP error] https://www.ehalsomyndigheten.se/cdn-cgi/l/email-protection#3e4d5b4c48575d5b5a5b4d557e5b565f524d515347505a5759565b4a5b50104d5b: 404 Client Error: Not Found for url: https://www.ehalsomyndigheten.se/cdn-cgi/l/email-protection#3e4d5b4c48575d5b5a5b4d557e5b565f524d515347505a5759565b4a5b50104d5b
05:32:28 [WARNING]   [HTTP error] https://www.ehalsomyndigheten.se/cdn-cgi/l/email-protection#4c3c3e293f3f38262d223f380c29242d203f2321352228252b2429382922623f29: 404 Client Error: Not Found for url: https://www.ehalsomyndigheten.se/cdn-cgi/l/email-protection#4c3c3e293f3f38262d223f380c29242d203f2321352228252b2429382922623f29
05:32:33 [WARNING]   [HTTP error] https://www.ehalsomyndigheten.se/cdn-cgi/l/email-protection#e49681838d97909685908b96a4818c8588978b899d8a808d838c8190818aca9781: 404 Client Error: Not Found for url: https://www.ehalsomyndigheten.se/cdn-cgi/l/email-protection#e49681838d97909685908b96a4818c8588978b899d8a808d838c8190818aca9781
05:32:37 [WARNING]   [HTTP error] https://www.ehalsomyndigheten.se/cdn-cgi/l/email-protection#cebaa7ac8eaba6afa2bda1a3b7a0aaa7a9a6abbaaba0e0bdab: 404 Client Error: Not Found for url: https://www.ehalsomyndigheten.se/cdn-cgi/l/email-protection#cebaa7ac8eaba6afa2bda1a3b7a0aaa7a9a6abbaaba0e0bdab
05:32:42 [WARNING]   [HTTP error] https://www.ehalsomyndigheten.se/cdn-cgi/l/email-protection#314354565842454350455e43715459505d425e5c485f555856595445545f1f4254: 404 Client Error: Not Found for url: https://www.ehalsomyndigheten.se/cdn-cgi/l/email-protection#314354565842454350455e43715459505d425e5c485f555856595445545f1f4254
05:32:46 [WARNING]   [HTTP error] https://www.ehalsomyndigheten.se/cdn-cgi/l/email-protection#2a4e4b5e4b5941534e4e594547485f4e6a4f424b4659454753444e434d424f5e4f4404594f: 404 Client Error: Not Found for url: https://www.ehalsomyndigheten.se/cdn-cgi/l/email-protection#2a4e4b5e4b5941534e4e594547485f4e6a4f424b4659454753444e434d424f5e4f4404594f
05:32:50 [WARNING]   [HTTP error] https://www.ehalsomyndigheten.se/cdn-cgi/l/email-protection#215344464852555340554e53614449404d524e4c584f454846494455444f0f5244: 404 Client Error: Not Found for url: https://www.ehalsomyndigheten.se/cdn-cgi/l/email-protection#215344464852555340554e53614449404d524e4c584f454846494455444f0f5244
05:32:54 [WARNING]   [HTTP error] https://www.ehalsomyndigheten.se/cdn-cgi/l/email-protection#5c2e393b352f282e3d28332e1c39343d302f3331253238353b3439283932722f39: 404 Client Error: Not Found for url: https://www.ehalsomyndigheten.se/cdn-cgi/l/email-protection#5c2e393b352f282e3d28332e1c39343d302f3331253238353b3439283932722f39
05:32:59 [WARNING]   [HTTP error] https://www.ehalsomyndigheten.se/cdn-cgi/l/email-protection#245641434d57505645504b5664414c4548574b495d4a404d434c4150414a0a5741: 404 Client Error: Not Found for url: https://www.ehalsomyndigheten.se/cdn-cgi/l/email-protection#245641434d57505645504b5664414c4548574b495d4a404d434c4150414a0a5741
05:33:16 [WARNING]   [HTTP error] https://www.ehalsomyndigheten.se/cdn-cgi/l/email-protection#334156545a40474152475c4173565b525f405c5e4a5d575a545b5647565d1d4056: 404 Client Error: Not Found for url: https://www.ehalsomyndigheten.se/cdn-cgi/l/email-protection#334156545a40474152475c4173565b525f405c5e4a5d575a545b5647565d1d4056
05:33:36 [INFO]   → Found 1 PDFs on https://www.ehalsomyndigheten.se/privatperson/e-recept/nationella-lakemedelslistan-okar-patientsakerheten/
05:33:49 [WARNING]   [HTTP error] https://www.ehalsomyndigheten.se/cdn-cgi/l/email-protection#e39186848a90979182978c91a3868b828f908c8e9a8d878a848b8697868dcd9086: 404 Client Error: Not Found for url: https://www.ehalsomyndigheten.se/cdn-cgi/l/email-protection#e39186848a90979182978c91a3868b828f908c8e9a8d878a848b8697868dcd9086
05:34:00 [INFO]   → Found 1 PDFs on https://www.ehalsomyndigheten.se/verksamhet/e-halsostod-till-kommuner/
05:34:33 [INFO]   → Found 4 PDFs on https://www.ehalsomyndigheten.se/verksamhet/tjanster/klas/
05:34:37 [INFO]     [OK] 8adc08bd… |   966 KB | year=2026 (post-2026) | fields=16
05:34:41 [INFO]     [OK] 3c699671… |   959 KB | year=2026 (post-2026) | fields=16
05:34:47 [INFO]     [OK] 9a2add68… |   919 KB | year=2026 (post-2026) | fields=16
05:34:52 [INFO]     [OK] b88f00c1… |   281 KB | year=2026 (post-2026) | fields=16
05:34:56 [INFO]   → Found 2 PDFs on https://www.ehalsomyndigheten.se/verksamhet/tjanster/min-forskrivning/
05:35:09 [WARNING]   [HTTP error] https://www.ehalsomyndigheten.se/cdn-cgi/l/email-protection#760413111f0502041702190436131e171a05191b0f18121f111e13021318580513: 404 Client Error: Not Found for url: https://www.ehalsomyndigheten.se/cdn-cgi/l/email-protection#760413111f0502041702190436131e171a05191b0f18121f111e13021318580513
05:36:04 [WARNING]   [HTTP error] https://www.ehalsomyndigheten.se/cdn-cgi/l/email-protection#166473717f6562647762796456737e777a65797b6f78727f717e73627378386573: 404 Client Error: Not Found for url: https://www.ehalsomyndigheten.se/cdn-cgi/l/email-protection#166473717f6562647762796456737e777a65797b6f78727f717e73627378386573
05:36:46 [WARNING]   [HTTP error] https://www.ehalsomyndigheten.se/cdn-cgi/l/email-protection#770512101e0403051603180537121f161b04181a0e19131e101f12031219590412: 404 Client Error: Not Found for url: https://www.ehalsomyndigheten.se/cdn-cgi/l/email-protection#770512101e0403051603180537121f161b04181a0e19131e101f12031219590412
05:36:50 [WARNING]   [HTTP error] https://www.ehalsomyndigheten.se/cdn-cgi/l/email-protection#463423212f3532342732293406232e272a35292b3f28222f212e23322328683523: 404 Client Error: Not Found for url: https://www.ehalsomyndigheten.se/cdn-cgi/l/email-protection#463423212f3532342732293406232e272a35292b3f28222f212e23322328683523
05:36:59 [INFO]   → Found 8 PDFs on https://www.ehalsomyndigheten.se/verksamhet/nationella-lakemedelslistan/verktygslada-for-dig-som-ska-infora-nationella-lakemedelslistan/
05:37:36 [INFO]   → Found 2 PDFs on https://www.ehalsomyndigheten.se/verksamhet/nationella-lakemedelslistan/regeringsuppdraget-bakom-nationella-lakemedelslistan/
05:37:48 [WARNING]   [HTTP error] https://www.ehalsomyndigheten.se/cdn-cgi/l/email-protection#572532303e2423253623382517323f363b24383a2e39333e303f32233239792432: 404 Client Error: Not Found for url: https://www.ehalsomyndigheten.se/cdn-cgi/l/email-protection#572532303e2423253623382517323f363b24383a2e39333e303f32233239792432
05:38:20 [WARNING]   [HTTP error] https://www.ehalsomyndigheten.se/cdn-cgi/l/email-protection#c7b5a2a0aeb4b3b5a6b3a8b587a2afa6abb4a8aabea9a3aea0afa2b3a2a9e9b4a2: 404 Client Error: Not Found for url: https://www.ehalsomyndigheten.se/cdn-cgi/l/email-protection#c7b5a2a0aeb4b3b5a6b3a8b587a2afa6abb4a8aabea9a3aea0afa2b3a2a9e9b4a2
05:39:22 [WARNING]   [HTTP error] https://www.ehalsomyndigheten.se/cdn-cgi/l/email-protection#2f5d4a48465c5b5d4e5b405d6f4a474e435c404256414b4648474a5b4a41015c4a: 404 Client Error: Not Found for url: https://www.ehalsomyndigheten.se/cdn-cgi/l/email-protection#2f5d4a48465c5b5d4e5b405d6f4a474e435c404256414b4648474a5b4a41015c4a
05:40:33 [INFO]   → Found 1 PDFs on https://www.ehalsomyndigheten.se/verksamhet/ndi/om-nationell-digital-infrastruktur/
05:40:54 [INFO]   → Found 1 PDFs on https://www.ehalsomyndigheten.se/verksamhet/ndi/grunddatadoman-halsa-vard-och-omsorg/
05:41:15 [WARNING]   [HTTP error] https://www.ehalsomyndigheten.se/cdn-cgi/l/email-protection#f58790929c86818794819a87b5909d9499869a988c9b919c929d9081909bdb8690: 404 Client Error: Not Found for url: https://www.ehalsomyndigheten.se/cdn-cgi/l/email-protection#f58790929c86818794819a87b5909d9499869a988c9b919c929d9081909bdb8690
05:41:18 [INFO]   → Found 1 PDFs on https://www.ehalsomyndigheten.se/verksamhet/medicintekniska-produkter/elektroniskt-expertstod-farmakologisk-analys/
05:41:28 [WARNING]   [HTTP error] https://www.ehalsomyndigheten.se/statistik: 404 Client Error: Not Found for url: https://www.ehalsomyndigheten.se/statistik
05:41:54 [INFO]   → Found 9 PDFs on https://www.ehalsomyndigheten.se/verksamhet/tjanster/liiv-leverantorernas-information-i-vara/
05:42:01 [INFO]     [OK] cd5955be… |    78 KB | year=2026 (post-2026) | fields=16
05:42:05 [INFO]     [OK] 4a7b5588… |   112 KB | year=2026 (post-2026) | fields=16
05:42:10 [INFO]     [OK] 8a671bb0… |  1262 KB | year=2026 (post-2026) | fields=18
05:42:14 [INFO]     [OK] 3fd38186… |  1174 KB | year=2026 (post-2026) | fields=16
05:42:25 [INFO]   → Found 3 PDFs on https://www.ehalsomyndigheten.se/verksamhet/tjanster/ngs-tjansten/
05:42:47 [WARNING]   [HTTP error] https://www.ehalsomyndigheten.se/cdn-cgi/l/email-protection#65160017130c06000100160e25000d0409160a081c0b010c020d0011000b4b1600: 404 Client Error: Not Found for url: https://www.ehalsomyndigheten.se/cdn-cgi/l/email-protection#65160017130c06000100160e25000d0409160a081c0b010c020d0011000b4b1600
05:42:55 [WARNING]   [HTTP error] https://www.ehalsomyndigheten.se/cdn-cgi/l/email-protection#720017151b01060013061d0032171a131e011d1f0b1c161b151a1706171c5c0117: 404 Client Error: Not Found for url: https://www.ehalsomyndigheten.se/cdn-cgi/l/email-protection#720017151b01060013061d0032171a131e011d1f0b1c161b151a1706171c5c0117
05:44:29 [WARNING]   [HTTP error] https://www.ehalsomyndigheten.se/cdn-cgi/l/email-protection#740611131d07000615001b0634111c1518071b190d1a101d131c1100111a5a0711: 404 Client Error: Not Found for url: https://www.ehalsomyndigheten.se/cdn-cgi/l/email-protection#740611131d07000615001b0634111c1518071b190d1a101d131c1100111a5a0711
05:45:57 [WARNING]   [HTTP error] https://www.ehalsomyndigheten.se/cdn-cgi/l/email-protection#512334363822252330253e23113439303d223e3c283f353836393425343f7f2234: 404 Client Error: Not Found for url: https://www.ehalsomyndigheten.se/cdn-cgi/l/email-protection#512334363822252330253e23113439303d223e3c283f353836393425343f7f2234
05:46:47 [WARNING]   [HTTP error] https://www.ehalsomyndigheten.se/cdn-cgi/l/email-protection#c1b3a4a6a8b2b5b3a0b5aeb381a4a9a0adb2aeacb8afa5a8a6a9a4b5a4afefb2a4: 404 Client Error: Not Found for url: https://www.ehalsomyndigheten.se/cdn-cgi/l/email-protection#c1b3a4a6a8b2b5b3a0b5aeb381a4a9a0adb2aeacb8afa5a8a6a9a4b5a4afefb2a4
05:46:51 [WARNING]   [HTTP error] https://www.ehalsomyndigheten.se/cdn-cgi/l/email-protection#453720222c36313724312a3705202d2429362a283c2b212c222d2031202b6b3620: 404 Client Error: Not Found for url: https://www.ehalsomyndigheten.se/cdn-cgi/l/email-protection#453720222c36313724312a3705202d2429362a283c2b212c222d2031202b6b3620
05:46:55 [INFO]   → Found 1 PDFs on https://www.ehalsomyndigheten.se/om-ehalsomyndigheten/aktuellt/evenemang/nationell-digital-infrastruktur-inom-halsa-vard-och-omsorg-vitalis/
05:46:59 [INFO]     [OK] 51486267… |   169 KB | year=2026 (post-2026) | fields=16
05:47:02 [WARNING]   [HTTP error] https://www.ehalsomyndigheten.se/cdn-cgi/l/email-protection#eb998e8c82989f998a9f8499ab8e838a8798848692858f828c838e9f8e85c5988e: 404 Client Error: Not Found for url: https://www.ehalsomyndigheten.se/cdn-cgi/l/email-protection#eb998e8c82989f998a9f8499ab8e838a8798848692858f828c838e9f8e85c5988e
05:47:12 [WARNING]   [HTTP error] https://www.ehalsomyndigheten.se/cdn-cgi/l/email-protection#86f5e3f4f0efe5e3e2e3f5edc6e3eee7eaf5e9ebffe8e2efe1eee3f2e3e8a8f5e3: 404 Client Error: Not Found for url: https://www.ehalsomyndigheten.se/cdn-cgi/l/email-protection#86f5e3f4f0efe5e3e2e3f5edc6e3eee7eaf5e9ebffe8e2efe1eee3f2e3e8a8f5e3
05:47:15 [WARNING]   [HTTP error] https://www.ehalsomyndigheten.se/cdn-cgi/l/email-protection#7c0e191b150f080e1d08130e3c19141d100f1311051218151b1419081912520f19: 404 Client Error: Not Found for url: https://www.ehalsomyndigheten.se/cdn-cgi/l/email-protection#7c0e191b150f080e1d08130e3c19141d100f1311051218151b1419081912520f19
05:47:19 [WARNING]   [HTTP error] https://www.ehalsomyndigheten.se/cdn-cgi/l/email-protection#186a7d7f716b6c6a796c776a587d7079746b777561767c717f707d6c7d76366b7d: 404 Client Error: Not Found for url: https://www.ehalsomyndigheten.se/cdn-cgi/l/email-protection#186a7d7f716b6c6a796c776a587d7079746b777561767c717f707d6c7d76366b7d
05:47:32 [WARNING]   [HTTP error] https://www.ehalsomyndigheten.se/cdn-cgi/l/email-protection#611304060812151300150e13210409000d120e0c180f050806090415040f4f1204: 404 Client Error: Not Found for url: https://www.ehalsomyndigheten.se/cdn-cgi/l/email-protection#611304060812151300150e13210409000d120e0c180f050806090415040f4f1204
05:47:41 [WARNING]   [HTTP error] https://www.ehalsomyndigheten.se/cdn-cgi/l/email-protection#b7c5d2d0dec4c3c5d6c3d8c5f7d2dfd6dbc4d8daced9d3ded0dfd2c3d2d999c4d2: 404 Client Error: Not Found for url: https://www.ehalsomyndigheten.se/cdn-cgi/l/email-protection#b7c5d2d0dec4c3c5d6c3d8c5f7d2dfd6dbc4d8daced9d3ded0dfd2c3d2d999c4d2
05:47:46 [WARNING]   [HTTP error] https://www.ehalsomyndigheten.se/cdn-cgi/l/email-protection#8efcebe9e7fdfafceffae1fcceebe6efe2fde1e3f7e0eae7e9e6ebfaebe0a0fdeb: 404 Client Error: Not Found for url: https://www.ehalsomyndigheten.se/cdn-cgi/l/email-protection#8efcebe9e7fdfafceffae1fcceebe6efe2fde1e3f7e0eae7e9e6ebfaebe0a0fdeb
05:47:51 [WARNING]   [HTTP error] https://www.ehalsomyndigheten.se/cdn-cgi/l/email-protection#8dffe8eae4fef9ffecf9e2ffcde8e5ece1fee2e0f4e3e9e4eae5e8f9e8e3a3fee8: 404 Client Error: Not Found for url: https://www.ehalsomyndigheten.se/cdn-cgi/l/email-protection#8dffe8eae4fef9ffecf9e2ffcde8e5ece1fee2e0f4e3e9e4eae5e8f9e8e3a3fee8
05:47:56 [WARNING]   [HTTP error] https://www.ehalsomyndigheten.se/cdn-cgi/l/email-protection#ea988f8d83999e988b9e8598aa8f828b8699858793848e838d828f9e8f84c4998f: 404 Client Error: Not Found for url: https://www.ehalsomyndigheten.se/cdn-cgi/l/email-protection#ea988f8d83999e988b9e8598aa8f828b8699858793848e838d828f9e8f84c4998f
05:48:00 [WARNING]   [HTTP error] https://www.ehalsomyndigheten.se/cdn-cgi/l/email-protection#addfc8cac4ded9dfccd9c2dfedc8c5ccc1dec2c0d4c3c9c4cac5c8d9c8c383dec8: 404 Client Error: Not Found for url: https://www.ehalsomyndigheten.se/cdn-cgi/l/email-protection#addfc8cac4ded9dfccd9c2dfedc8c5ccc1dec2c0d4c3c9c4cac5c8d9c8c383dec8
05:48:03 [WARNING]   [HTTP error] https://www.ehalsomyndigheten.se/cdn-cgi/l/email-protection#7f0d1a18160c0b0d1e0b100d3f1a171e130c101206111b1618171a0b1a11510c1a: 404 Client Error: Not Found for url: https://www.ehalsomyndigheten.se/cdn-cgi/l/email-protection#7f0d1a18160c0b0d1e0b100d3f1a171e130c101206111b1618171a0b1a11510c1a
05:48:12 [WARNING]   [HTTP error] https://www.ehalsomyndigheten.se/cdn-cgi/l/email-protection#a0d2c5c7c9d3d4d2c1d4cfd2e0c5c8c1ccd3cfcdd9cec4c9c7c8c5d4c5ce8ed3c5: 404 Client Error: Not Found for url: https://www.ehalsomyndigheten.se/cdn-cgi/l/email-protection#a0d2c5c7c9d3d4d2c1d4cfd2e0c5c8c1ccd3cfcdd9cec4c9c7c8c5d4c5ce8ed3c5
05:48:16 [WARNING]   [HTTP error] https://www.ehalsomyndigheten.se/cdn-cgi/l/email-protection#483a2d2f213b3c3a293c273a082d2029243b272531262c212f202d3c2d26663b2d: 404 Client Error: Not Found for url: https://www.ehalsomyndigheten.se/cdn-cgi/l/email-protection#483a2d2f213b3c3a293c273a082d2029243b272531262c212f202d3c2d26663b2d
05:48:20 [INFO]   → Found 1 PDFs on https://www.ehalsomyndigheten.se/verksamhet/ndi/ehds/for-dig-som-forskare-och-innovator/senash/
05:48:24 [INFO]     [OK] 47535c4f… |  1287 KB | year=2026 (post-2026) | fields=18
05:48:28 [WARNING]   [HTTP error] https://www.ehalsomyndigheten.se/cdn-cgi/l/email-protection#493b2c2e203a3d3b283d263b092c2128253a262430272d202e212c3d2c27673a2c: 404 Client Error: Not Found for url: https://www.ehalsomyndigheten.se/cdn-cgi/l/email-protection#493b2c2e203a3d3b283d263b092c2128253a262430272d202e212c3d2c27673a2c
05:48:33 [WARNING]   [HTTP error] https://www.ehalsomyndigheten.se/cdn-cgi/l/email-protection: 404 Client Error: Not Found for url: https://www.ehalsomyndigheten.se/cdn-cgi/l/email-protection
05:48:37 [WARNING]   [HTTP error] https://www.ehalsomyndigheten.se/cdn-cgi/l/email-protection#cab8afada3b9beb8abbea5b88aafa2aba6b9a5a7b3a4aea3ada2afbeafa4e4b9af: 404 Client Error: Not Found for url: https://www.ehalsomyndigheten.se/cdn-cgi/l/email-protection#cab8afada3b9beb8abbea5b88aafa2aba6b9a5a7b3a4aea3ada2afbeafa4e4b9af
05:48:41 [WARNING]   [HTTP error] https://www.ehalsomyndigheten.se/cdn-cgi/l/email-protection#2c5e494b455f585e4d58435e6c49444d405f4341554248454b4449584942025f49: 404 Client Error: Not Found for url: https://www.ehalsomyndigheten.se/cdn-cgi/l/email-protection#2c5e494b455f585e4d58435e6c49444d405f4341554248454b4449584942025f49
05:48:45 [WARNING]   [HTTP error] https://www.ehalsomyndigheten.se/cdn-cgi/l/email-protection#6d080602030200042d08050c011e0200140309040a0508190803431e08: 404 Client Error: Not Found for url: https://www.ehalsomyndigheten.se/cdn-cgi/l/email-protection#6d080602030200042d08050c011e0200140309040a0508190803431e08
05:48:49 [WARNING]   [HTTP error] https://www.ehalsomyndigheten.se/cdn-cgi/l/email-protection#344651535d47404655405b4674515c5558475b594d5a505d535c5140515a1a4751: 404 Client Error: Not Found for url: https://www.ehalsomyndigheten.se/cdn-cgi/l/email-protection#344651535d47404655405b4674515c5558475b594d5a505d535c5140515a1a4751
05:48:53 [WARNING]   [HTTP error] https://www.ehalsomyndigheten.se/cdn-cgi/l/email-protection#601205070913141201140f12200508010c130f0d190e040907080514050e4e1305: 404 Client Error: Not Found for url: https://www.ehalsomyndigheten.se/cdn-cgi/l/email-protection#601205070913141201140f12200508010c130f0d190e040907080514050e4e1305
05:48:57 [WARNING]   [HTTP error] https://www.ehalsomyndigheten.se/cdn-cgi/l/email-protection#85f7e0e2ecf6f1f7e4f1eaf7c5e0ede4e9f6eae8fcebe1ece2ede0f1e0ebabf6e0: 404 Client Error: Not Found for url: https://www.ehalsomyndigheten.se/cdn-cgi/l/email-protection#85f7e0e2ecf6f1f7e4f1eaf7c5e0ede4e9f6eae8fcebe1ece2ede0f1e0ebabf6e0
05:49:02 [INFO]   → Found 2 PDFs on https://www.ehalsomyndigheten.se/verksamhet/apotek/fullmakter-for-vard-och-apotek/
05:49:18 [WARNING]   [HTTP error] https://www.ehalsomyndigheten.se/cdn-cgi/l/email-protection#205245474953545241544f52604548414c534f4d594e444947484554454e0e5345: 404 Client Error: Not Found for url: https://www.ehalsomyndigheten.se/cdn-cgi/l/email-protection#205245474953545241544f52604548414c534f4d594e444947484554454e0e5345
05:49:22 [WARNING]   [HTTP error] https://www.ehalsomyndigheten.se/cdn-cgi/l/email-protection#b6c4d3d1dfc5c2c4d7c2d9c4f6d3ded7dac5d9dbcfd8d2dfd1ded3c2d3d898c5d3: 404 Client Error: Not Found for url: https://www.ehalsomyndigheten.se/cdn-cgi/l/email-protection#b6c4d3d1dfc5c2c4d7c2d9c4f6d3ded7dac5d9dbcfd8d2dfd1ded3c2d3d898c5d3
05:49:27 [WARNING]   [HTTP error] https://www.ehalsomyndigheten.se/cdn-cgi/l/email-protection#671502000e1413150613081527020f060b14080a1e09030e000f02130209491402: 404 Client Error: Not Found for url: https://www.ehalsomyndigheten.se/cdn-cgi/l/email-protection#671502000e1413150613081527020f060b14080a1e09030e000f02130209491402
05:49:30 [WARNING]   [HTTP error] https://www.ehalsomyndigheten.se/cdn-cgi/l/email-protection#c4b6a1a3adb7b0b6a5b0abb684a1aca5a8b7aba9bdaaa0ada3aca1b0a1aaeab7a1: 404 Client Error: Not Found for url: https://www.ehalsomyndigheten.se/cdn-cgi/l/email-protection#c4b6a1a3adb7b0b6a5b0abb684a1aca5a8b7aba9bdaaa0ada3aca1b0a1aaeab7a1
05:49:33 [WARNING]   [HTTP error] https://www.ehalsomyndigheten.se/cdn-cgi/l/email-protection#2c484d584d5f475548485f43414e59486c49444d405f4341554248454b4449584942025f49: 404 Client Error: Not Found for url: https://www.ehalsomyndigheten.se/cdn-cgi/l/email-protection#2c484d584d5f475548485f43414e59486c49444d405f4341554248454b4449584942025f49
05:49:37 [WARNING]   [HTTP error] https://www.ehalsomyndigheten.se/cdn-cgi/l/email-protection#2b4f4a5f4a5840524f4f584446495e4f6b4e434a4758444652454f424c434e5f4e4505584e: 404 Client Error: Not Found for url: https://www.ehalsomyndigheten.se/cdn-cgi/l/email-protection#2b4f4a5f4a5840524f4f584446495e4f6b4e434a4758444652454f424c434e5f4e4505584e
05:49:41 [WARNING]   [HTTP error] https://www.ehalsomyndigheten.se/cdn-cgi/l/email-protection#4f3d2a28263c3b3d2e3b203d0f2a272e233c202236212b2628272a3b2a21613c2a: 404 Client Error: Not Found for url: https://www.ehalsomyndigheten.se/cdn-cgi/l/email-protection#4f3d2a28263c3b3d2e3b203d0f2a272e233c202236212b2628272a3b2a21613c2a
05:49:45 [WARNING]   [HTTP error] https://www.ehalsomyndigheten.se/cdn-cgi/l/email-protection#156770727c66616774617a6755707d7479667a786c7b717c727d7061707b3b6670: 404 Client Error: Not Found for url: https://www.ehalsomyndigheten.se/cdn-cgi/l/email-protection#156770727c66616774617a6755707d7479667a786c7b717c727d7061707b3b6670
05:49:50 [WARNING]   [HTTP error] https://www.ehalsomyndigheten.se/cdn-cgi/l/email-protection#0460657065776f7d6060776b6966716044616c6568776b697d6a606d636c6170616a2a7761: 404 Client Error: Not Found for url: https://www.ehalsomyndigheten.se/cdn-cgi/l/email-protection#0460657065776f7d6060776b6966716044616c6568776b697d6a606d636c6170616a2a7761
05:49:54 [WARNING]   [HTTP error] https://www.ehalsomyndigheten.se/cdn-cgi/l/email-protection#335a5e4a735a5e4a1d4056: 404 Client Error: Not Found for url: https://www.ehalsomyndigheten.se/cdn-cgi/l/email-protection#335a5e4a735a5e4a1d4056
05:49:58 [WARNING]   [HTTP error] https://www.ehalsomyndigheten.se/cdn-cgi/l/email-protection#027067656b71767063766d7042676a636e716d6f7b6c666b656a6776676c2c7167: 404 Client Error: Not Found for url: https://www.ehalsomyndigheten.se/cdn-cgi/l/email-protection#027067656b71767063766d7042676a636e716d6f7b6c666b656a6776676c2c7167
05:50:01 [WARNING]   [HTTP error] https://www.ehalsomyndigheten.se/cdn-cgi/l/email-protection#423027252b31363023362d3002272a232e312d2f3b2c262b252a2736272c6c3127: 404 Client Error: Not Found for url: https://www.ehalsomyndigheten.se/cdn-cgi/l/email-protection#423027252b31363023362d3002272a232e312d2f3b2c262b252a2736272c6c3127
05:50:06 [WARNING]   [HTTP error] https://www.ehalsomyndigheten.se/cdn-cgi/l/email-protection#1c6e797b756f686e7d68736e5c79747d706f7371657278757b7479687972326f79: 404 Client Error: Not Found for url: https://www.ehalsomyndigheten.se/cdn-cgi/l/email-protection#1c6e797b756f686e7d68736e5c79747d706f7371657278757b7479687972326f79
05:50:10 [WARNING]   [HTTP error] https://www.ehalsomyndigheten.se/cdn-cgi/l/email-protection#7a081f1d13090e081b0e15083a1f121b1609151703141e131d121f0e1f1454091f: 404 Client Error: Not Found for url: https://www.ehalsomyndigheten.se/cdn-cgi/l/email-protection#7a081f1d13090e081b0e15083a1f121b1609151703141e131d121f0e1f1454091f
05:50:13 [WARNING]   [HTTP error] https://www.ehalsomyndigheten.se/cdn-cgi/l/email-protection#422623362331293b2626312d2f20372602272a232e312d2f3b2c262b252a2736272c6c3127: 404 Client Error: Not Found for url: https://www.ehalsomyndigheten.se/cdn-cgi/l/email-protection#422623362331293b2626312d2f20372602272a232e312d2f3b2c262b252a2736272c6c3127
05:50:17 [WARNING]   [HTTP error] https://www.ehalsomyndigheten.se/cdn-cgi/l/email-protection#99ebfcfef0eaedebf8edf6ebd9fcf1f8f5eaf6f4e0f7fdf0fef1fcedfcf7b7eafc: 404 Client Error: Not Found for url: https://www.ehalsomyndigheten.se/cdn-cgi/l/email-protection#99ebfcfef0eaedebf8edf6ebd9fcf1f8f5eaf6f4e0f7fdf0fef1fcedfcf7b7eafc
05:50:22 [WARNING]   [HTTP error] https://www.ehalsomyndigheten.se/cdn-cgi/l/email-protection#036762776270687a6767706c6e61766743666b626f706c6e7a6d676a646b6677666d2d7066: 404 Client Error: Not Found for url: https://www.ehalsomyndigheten.se/cdn-cgi/l/email-protection#036762776270687a6767706c6e61766743666b626f706c6e7a6d676a646b6677666d2d7066
05:50:25 [WARNING]   [HTTP error] https://www.ehalsomyndigheten.se/cdn-cgi/l/email-protection#d4a6b1b3bda7a0a6b5a0bba694b1bcb5b8a7bbb9adbab0bdb3bcb1a0b1bafaa7b1: 404 Client Error: Not Found for url: https://www.ehalsomyndigheten.se/cdn-cgi/l/email-protection#d4a6b1b3bda7a0a6b5a0bba694b1bcb5b8a7bbb9adbab0bdb3bcb1a0b1bafaa7b1
05:50:38 [WARNING]   [HTTP error] https://www.ehalsomyndigheten.se/cdn-cgi/l/email-protection#710314161802050310051e03311419101d021e1c081f151816191405141f5f0214: 404 Client Error: Not Found for url: https://www.ehalsomyndigheten.se/cdn-cgi/l/email-protection#710314161802050310051e03311419101d021e1c081f151816191405141f5f0214
05:50:41 [WARNING]   [HTTP error] https://www.ehalsomyndigheten.se/cdn-cgi/l/email-protection#aedccbc9c7dddadccfdac1dceecbc6cfc2ddc1c3d7c0cac7c9c6cbdacbc080ddcb: 404 Client Error: Not Found for url: https://www.ehalsomyndigheten.se/cdn-cgi/l/email-protection#aedccbc9c7dddadccfdac1dceecbc6cfc2ddc1c3d7c0cac7c9c6cbdacbc080ddcb
05:50:45 [WARNING]   [HTTP error] https://www.ehalsomyndigheten.se/cdn-cgi/l/email-protection#d9abbcbeb0aaadabb8adb6ab99bcb1b8b5aab6b4a0b7bdb0beb1bcadbcb7f7aabc: 404 Client Error: Not Found for url: https://www.ehalsomyndigheten.se/cdn-cgi/l/email-protection#d9abbcbeb0aaadabb8adb6ab99bcb1b8b5aab6b4a0b7bdb0beb1bcadbcb7f7aabc
05:50:53 [WARNING]   [HTTP error] https://www.ehalsomyndigheten.se/cdn-cgi/l/email-protection#037166646a70777162776c7143666b626f706c6e7a6d676a646b6677666d2d7066: 404 Client Error: Not Found for url: https://www.ehalsomyndigheten.se/cdn-cgi/l/email-protection#037166646a70777162776c7143666b626f706c6e7a6d676a646b6677666d2d7066
05:50:57 [WARNING]   [HTTP error] https://www.ehalsomyndigheten.se/cdn-cgi/l/email-protection#354750525c46414754415a4775505d5459465a584c5b515c525d5041505b1b4650: 404 Client Error: Not Found for url: https://www.ehalsomyndigheten.se/cdn-cgi/l/email-protection#354750525c46414754415a4775505d5459465a584c5b515c525d5041505b1b4650
05:51:01 [WARNING]   [HTTP error] https://www.ehalsomyndigheten.se/cdn-cgi/l/email-protection#b2c0d7d5dbc1c6c0d3c6ddc0f2d7dad3dec1dddfcbdcd6dbd5dad7c6d7dc9cc1d7: 404 Client Error: Not Found for url: https://www.ehalsomyndigheten.se/cdn-cgi/l/email-protection#b2c0d7d5dbc1c6c0d3c6ddc0f2d7dad3dec1dddfcbdcd6dbd5dad7c6d7dc9cc1d7
05:51:13 [INFO]   → Found 3 PDFs on https://www.ehalsomyndigheten.se/om-ehalsomyndigheten/remissvar/?p=2
05:51:17 [INFO]     [OK] b028dde7… |   150 KB | year=2026 (post-2026) | fields=24
05:51:22 [INFO]     [OK] f1ee17c9… |   103 KB | year=2026 (post-2026) | fields=18
05:51:30 [INFO]   → Found 3 PDFs on https://www.ehalsomyndigheten.se/om-ehalsomyndigheten/remissvar/?p=3
05:51:38 [INFO]   → Found 1 PDFs on https://www.ehalsomyndigheten.se/om-ehalsomyndigheten/remissvar/?p=40
05:51:42 [INFO]   → Found 3 PDFs on https://www.ehalsomyndigheten.se/om-ehalsomyndigheten/remissvar/?p=38
05:51:46 [INFO]   → Found 3 PDFs on https://www.ehalsomyndigheten.se/om-ehalsomyndigheten/remissvar/?p=39
05:51:51 [WARNING]   [HTTP error] https://www.ehalsomyndigheten.se/cdn-cgi/l/email-protection#e59780828c96919784918a97a5808d8489968a889c8b818c828d8091808bcb9680: 404 Client Error: Not Found for url: https://www.ehalsomyndigheten.se/cdn-cgi/l/email-protection#e59780828c96919784918a97a5808d8489968a889c8b818c828d8091808bcb9680
05:52:00 [INFO]   → Found 3 PDFs on https://www.ehalsomyndigheten.se/privatperson/e-recept/ditt-barns-receptinformation/
05:52:21 [WARNING]   [HTTP error] https://www.ehalsomyndigheten.se/cdn-cgi/l/email-protection#4b392e2c22383f392a3f24390b2e232a2738242632252f222c232e3f2e2565382e: 404 Client Error: Not Found for url: https://www.ehalsomyndigheten.se/cdn-cgi/l/email-protection#4b392e2c22383f392a3f24390b2e232a2738242632252f222c232e3f2e2565382e
05:52:25 [INFO]   → Found 1 PDFs on https://www.ehalsomyndigheten.se/privatperson/hogkostnadsskydd/hojt-tak-i-hogkostnadsskyddet-den-1-juli-2025/
05:52:29 [INFO]   → Found 1 PDFs on https://www.ehalsomyndigheten.se/privatperson/hogkostnadsskydd/hogkostnadsskyddet-januari-2026/
05:52:34 [INFO]     [OK] 11be0b3f… |   122 KB | year=2026 (post-2026) | fields=16
05:52:48 [WARNING]   [HTTP error] https://www.ehalsomyndigheten.se/cdn-cgi/l/email-protection#8af8efede3f9fef8ebfee5f8caefe2ebe6f9e5e7f3e4eee3ede2effeefe4a4f9ef: 404 Client Error: Not Found for url: https://www.ehalsomyndigheten.se/cdn-cgi/l/email-protection#8af8efede3f9fef8ebfee5f8caefe2ebe6f9e5e7f3e4eee3ede2effeefe4a4f9ef
05:52:52 [WARNING]   [HTTP error] https://www.ehalsomyndigheten.se/cdn-cgi/l/email-protection#631106040a10171102170c1123060b020f100c0e1a0d070a040b0617060d4d1006: 404 Client Error: Not Found for url: https://www.ehalsomyndigheten.se/cdn-cgi/l/email-protection#631106040a10171102170c1123060b020f100c0e1a0d070a040b0617060d4d1006
05:52:57 [WARNING]   [HTTP error] https://www.ehalsomyndigheten.se/cdn-cgi/l/email-protection#017364666872757360756e73416469606d726e6c786f656866696475646f2f7264: 404 Client Error: Not Found for url: https://www.ehalsomyndigheten.se/cdn-cgi/l/email-protection#017364666872757360756e73416469606d726e6c786f656866696475646f2f7264
05:53:02 [WARNING]   [HTTP error] https://www.ehalsomyndigheten.se/cdn-cgi/l/email-protection#0a786f6d63797e786b7e65784a6f626b6679656773646e636d626f7e6f6424796f: 404 Client Error: Not Found for url: https://www.ehalsomyndigheten.se/cdn-cgi/l/email-protection#0a786f6d63797e786b7e65784a6f626b6679656773646e636d626f7e6f6424796f
05:53:21 [WARNING]   [HTTP error] https://www.ehalsomyndigheten.se/cdn-cgi/l/email-protection#730116141a00070112071c0133161b121f001c1e0a1d171a141b1607161d5d0016: 404 Client Error: Not Found for url: https://www.ehalsomyndigheten.se/cdn-cgi/l/email-protection#730116141a00070112071c0133161b121f001c1e0a1d171a141b1607161d5d0016
05:53:33 [INFO]   → Found 3 PDFs on https://www.ehalsomyndigheten.se/verksamhet/apotek/utbyte-av-lakemedel/
05:54:07 [WARNING]   [HTTP error] https://www.ehalsomyndigheten.se/cdn-cgi/l/email-protection#7e0c1b19170d0a0c1f0a110c3e1b161f120d111307101a1719161b0a1b10500d1b: 404 Client Error: Not Found for url: https://www.ehalsomyndigheten.se/cdn-cgi/l/email-protection#7e0c1b19170d0a0c1f0a110c3e1b161f120d111307101a1719161b0a1b10500d1b
05:54:11 [WARNING]   [HTTP error] https://www.ehalsomyndigheten.se/cdn-cgi/l/email-protection#97e5f2f0fee4e3e5f6e3f8e5d7f2fff6fbe4f8faeef9f3fef0fff2e3f2f9b9e4f2: 404 Client Error: Not Found for url: https://www.ehalsomyndigheten.se/cdn-cgi/l/email-protection#97e5f2f0fee4e3e5f6e3f8e5d7f2fff6fbe4f8faeef9f3fef0fff2e3f2f9b9e4f2
05:54:15 [WARNING]   [HTTP error] https://www.ehalsomyndigheten.se/cdn-cgi/l/email-protection#225047454b51565043564d5062474a434e514d4f5b4c464b454a4756474c0c5147: 404 Client Error: Not Found for url: https://www.ehalsomyndigheten.se/cdn-cgi/l/email-protection#225047454b51565043564d5062474a434e514d4f5b4c464b454a4756474c0c5147
05:54:19 [WARNING]   [HTTP error] https://www.ehalsomyndigheten.se/cdn-cgi/l/email-protection#beccdbd9d7cdcaccdfcad1ccfedbd6dfd2cdd1d3c7d0dad7d9d6dbcadbd090cddb: 404 Client Error: Not Found for url: https://www.ehalsomyndigheten.se/cdn-cgi/l/email-protection#beccdbd9d7cdcaccdfcad1ccfedbd6dfd2cdd1d3c7d0dad7d9d6dbcadbd090cddb
05:54:22 [WARNING]   [HTTP error] https://www.ehalsomyndigheten.se/cdn-cgi/l/email-protection#83f1e6e4eaf0f7f1e2f7ecf1c3e6ebe2eff0eceefaede7eae4ebe6f7e6edadf0e6: 404 Client Error: Not Found for url: https://www.ehalsomyndigheten.se/cdn-cgi/l/email-protection#83f1e6e4eaf0f7f1e2f7ecf1c3e6ebe2eff0eceefaede7eae4ebe6f7e6edadf0e6
05:54:29 [WARNING]   [HTTP error] https://www.ehalsomyndigheten.se/cdn-cgi/l/email-protection#b8cadddfd1cbcccad9ccd7caf8ddd0d9d4cbd7d5c1d6dcd1dfd0ddccddd696cbdd: 404 Client Error: Not Found for url: https://www.ehalsomyndigheten.se/cdn-cgi/l/email-protection#b8cadddfd1cbcccad9ccd7caf8ddd0d9d4cbd7d5c1d6dcd1dfd0ddccddd696cbdd
05:54:33 [WARNING]   [HTTP error] https://www.ehalsomyndigheten.se/cdn-cgi/l/email-protection#0e7c6b69677d7a7c6f7a617c4e6b666f627d616377606a6769666b7a6b60207d6b: 404 Client Error: Not Found for url: https://www.ehalsomyndigheten.se/cdn-cgi/l/email-protection#0e7c6b69677d7a7c6f7a617c4e6b666f627d616377606a6769666b7a6b60207d6b
05:54:53 [WARNING]   [HTTP error] https://www.ehalsomyndigheten.se/cdn-cgi/l/email-protection#f08295979983848291849f82b09598919c839f9d899e949997989584959ede8395: 404 Client Error: Not Found for url: https://www.ehalsomyndigheten.se/cdn-cgi/l/email-protection#f08295979983848291849f82b09598919c839f9d899e949997989584959ede8395
05:54:57 [WARNING]   [HTTP error] https://www.ehalsomyndigheten.se/cdn-cgi/l/email-protection#57243225213e34323332243c17323f363b24383a2e39333e303f32233239792432: 404 Client Error: Not Found for url: https://www.ehalsomyndigheten.se/cdn-cgi/l/email-protection#57243225213e34323332243c17323f363b24383a2e39333e303f32233239792432
05:56:24 [INFO]   → Found 3 PDFs on https://www.ehalsomyndigheten.se/verksamhet/tjanster/klas/reservrutiner-for-klas/
05:56:28 [INFO]     [OK] 82dbaab0… |    36 KB | year=2026 (post-2026) | fields=17
05:56:33 [INFO]     [OK] 0c6d7852… |    37 KB | year=2026 (post-2026) | fields=17
05:56:37 [INFO]     [OK] 2df51342… |    91 KB | year=2026 (post-2026) | fields=21
05:56:48 [WARNING]   [HTTP error] https://www.ehalsomyndigheten.se/cdn-cgi/l/email-protection#43302631352a20262726302803262b222f302c2e3a2d272a242b2637262d6d3026: 404 Client Error: Not Found for url: https://www.ehalsomyndigheten.se/cdn-cgi/l/email-protection#43302631352a20262726302803262b222f302c2e3a2d272a242b2637262d6d3026
05:56:53 [WARNING]   [HTTP error] https://www.ehalsomyndigheten.se/cdn-cgi/l/email-protection#681a0d0f011b1c1a091c071a280d0009041b070511060c010f000d1c0d06461b0d: 404 Client Error: Not Found for url: https://www.ehalsomyndigheten.se/cdn-cgi/l/email-protection#681a0d0f011b1c1a091c071a280d0009041b070511060c010f000d1c0d06461b0d
05:56:57 [WARNING]   [HTTP error] https://www.ehalsomyndigheten.se/cdn-cgi/l/email-protection#84f7e1f6f2ede7e1e0e1f7efc4e1ece5e8f7ebe9fdeae0ede3ece1f0e1eaaaf7e1: 404 Client Error: Not Found for url: https://www.ehalsomyndigheten.se/cdn-cgi/l/email-protection#84f7e1f6f2ede7e1e0e1f7efc4e1ece5e8f7ebe9fdeae0ede3ece1f0e1eaaaf7e1
05:57:00 [WARNING]   [HTTP error] https://www.ehalsomyndigheten.se/cdn-cgi/l/email-protection#691a0c1b1f000a0c0d0c1a02290c0108051a060410070d000e010c1d0c07471a0c: 404 Client Error: Not Found for url: https://www.ehalsomyndigheten.se/cdn-cgi/l/email-protection#691a0c1b1f000a0c0d0c1a02290c0108051a060410070d000e010c1d0c07471a0c
05:57:05 [WARNING]   [HTTP error] https://www.ehalsomyndigheten.se/cdn-cgi/l/email-protection#0c7e696b657f787e6d78637e4c69646d607f6361756268656b6469786962227f69: 404 Client Error: Not Found for url: https://www.ehalsomyndigheten.se/cdn-cgi/l/email-protection#0c7e696b657f787e6d78637e4c69646d607f6361756268656b6469786962227f69
05:57:22 [WARNING]   [HTTP error] https://www.ehalsomyndigheten.se/cdn-cgi/l/email-protection#b0c2d5d7d9c3c4c2d1c4dfc2f0d5d8d1dcc3dfddc9ded4d9d7d8d5c4d5de9ec3d5: 404 Client Error: Not Found for url: https://www.ehalsomyndigheten.se/cdn-cgi/l/email-protection#b0c2d5d7d9c3c4c2d1c4dfc2f0d5d8d1dcc3dfddc9ded4d9d7d8d5c4d5de9ec3d5
05:57:36 [WARNING]   [HTTP error] https://www.ehalsomyndigheten.se/cdn-cgi/l/email-protection#d1a3b4b6b8a2a5a3b0a5bea391b4b9b0bda2bebca8bfb5b8b6b9b4a5b4bfffa2b4: 404 Client Error: Not Found for url: https://www.ehalsomyndigheten.se/cdn-cgi/l/email-protection#d1a3b4b6b8a2a5a3b0a5bea391b4b9b0bda2bebca8bfb5b8b6b9b4a5b4bfffa2b4
05:57:56 [WARNING]   [HTTP error] https://www.ehalsomyndigheten.se/cdn-cgi/l/email-protection#a9dbcccec0dadddbc8ddc6dbe9ccc1c8c5dac6c4d0c7cdc0cec1ccddccc787dacc: 404 Client Error: Not Found for url: https://www.ehalsomyndigheten.se/cdn-cgi/l/email-protection#a9dbcccec0dadddbc8ddc6dbe9ccc1c8c5dac6c4d0c7cdc0cec1ccddccc787dacc
05:58:05 [INFO]   [CAP] Reached 500 page limit for authority. Moving on.
05:58:05 [INFO] 
[E-hälsomyndigheten] Done. Pre-NIS2: 25/50  NIS2-prep: 50/50
05:58:05 [INFO] 
============================================================
Authority : Lantmäteriet
Tier      : 2
Quota left: 2020-2023=50  2024-2025=50
============================================================
05:58:31 [INFO]   → Found 3 PDFs on https://www.lantmateriet.se/sv/om-lantmateriet/e-tjanster-och-blanketter/e-tjanster-for-foretag/
05:58:35 [INFO]     [OK] 0985169f… |    72 KB | year=2025 (2024-2025) | fields=22
05:58:40 [INFO]     [OK] 1b10515b… |   831 KB | year=2025 (2024-2025) | fields=23
05:58:45 [INFO]     [OK] eddf295b… |   344 KB | year=2025 (2024-2025) | fields=20
05:58:53 [INFO]   → Found 43 PDFs on https://www.lantmateriet.se/sv/om-lantmateriet/e-tjanster-och-blanketter/Blanketter/
05:58:58 [INFO]     [OK] ff5cc1d8… |   148 KB | year=2025 (2024-2025) | fields=24
05:59:01 [INFO]     [OK] 428ad981… |  1626 KB | year=2025 (2024-2025) | fields=24
05:59:06 [INFO]     [OK] 84d25d3b… |   173 KB | year=2023 (2020-2023) | fields=29
05:59:11 [INFO]     [OK] a96416a9… |   469 KB | year=2025 (2024-2025) | fields=24
05:59:15 [INFO]     [OK] 536d5688… |   903 KB | year=2025 (2024-2025) | fields=27
05:59:20 [INFO]     [OK] ece22988… |  3314 KB | year=2025 (2024-2025) | fields=24
05:59:23 [INFO]     [OK] b094288f… |   913 KB | year=2025 (2024-2025) | fields=26
05:59:27 [INFO]     [OK] 493a9b4a… |   934 KB | year=2025 (2024-2025) | fields=27
05:59:31 [INFO]     [OK] 157603f3… |   891 KB | year=2025 (2024-2025) | fields=24
05:59:34 [INFO]     [OK] a3fd7847… |  2016 KB | year=2023 (2020-2023) | fields=23
05:59:34 [INFO]   [CAP] Reached 10-file limit for this page. Moving to other pages.
05:59:57 [INFO]   → Found 3 PDFs on https://www.lantmateriet.se/sv/om-lantmateriet/e-tjanster-och-blanketter/lantmateriets-appar/hjalp-och-tips-till-min-karta-for-ios/
06:00:01 [INFO]     [OK] 375f6b04… |   637 KB | year=2023 (2020-2023) | fields=21
06:00:06 [INFO]     [OK] de1e368b… |   957 KB | year=2020 (2020-2023) | fields=21
06:00:10 [INFO]     [OK] 6c68e163… |   603 KB | year=2021 (2020-2023) | fields=21
06:00:47 [INFO]   → Found 1 PDFs on https://www.lantmateriet.se/sv/om-lantmateriet/
06:00:52 [INFO]     [OK] 23225373… |  3973 KB | year=2025 (2024-2025) | fields=30
06:01:04 [INFO]   → Found 6 PDFs on https://www.lantmateriet.se/sv/fastighet-och-mark/kopa-aga-salja-eller-ge-bort/registrera-agare---lagfart/
06:01:08 [INFO]     [OK] 0eb6f2c9… |   185 KB | year=2026 (post-2026) | fields=25
06:01:13 [INFO]     [OK] c596b008… |   169 KB | year=2026 (post-2026) | fields=24
06:01:17 [INFO]     [OK] 596cc0d6… |   148 KB | year=2025 (2024-2025) | fields=21
06:01:21 [INFO]     [OK] 9e219e6f… |    70 KB | year=2025 (2024-2025) | fields=20
06:01:24 [INFO]     [OK] 360fae51… |  3275 KB | year=2025 (2024-2025) | fields=26
06:01:28 [INFO]     [OK] 91d44478… |    57 KB | year=2025 (2024-2025) | fields=21
06:01:33 [INFO]   → Found 1 PDFs on https://www.lantmateriet.se/sv/fastighet-och-mark/kopa-aga-salja-eller-ge-bort/Stampelskatt-och-avgifter/Tidigare-skattesatser-och-expeditionsavgifter/
06:01:38 [INFO]     [OK] 8c9c20cc… |    62 KB | year=2025 (2024-2025) | fields=20
06:01:44 [INFO]   → Found 1 PDFs on https://www.lantmateriet.se/sv/fastighet-och-mark/information-om-fastigheter/vem-ager-fastigheten/
06:01:48 [INFO]     [OK] 24f4b6b1… |   153 KB | year=2025 (2024-2025) | fields=22
06:01:51 [INFO]   → Found 1 PDFs on https://www.lantmateriet.se/sv/fastigheter/andra-agare/Fastighetstaxering/#anchor-1
06:01:56 [INFO]     [OK] c2e9c206… |  9292 KB | year=2026 (post-2026) | fields=9
06:02:09 [INFO]   → Found 2 PDFs on https://www.lantmateriet.se/sv/fastighet-och-mark/forandra-lagg-ihop-eller-dela/ansok-folj-eller-komplettera-ett-arende/#anchor-0
06:02:14 [INFO]     [OK] cd3a9204… |   121 KB | year=2026 (post-2026) | fields=21
06:02:18 [INFO]     [OK] fc6bbf9d… |   229 KB | year=2025 (2024-2025) | fields=17
06:02:21 [INFO]   → Found 30 PDFs on https://www.lantmateriet.se/sv/om-lantmateriet/e-tjanster-och-blanketter/Blanketter/#lantmateriforrattning
06:02:26 [INFO]     [OK] d1c0ab27… |   192 KB | year=2026 (post-2026) | fields=24
06:02:30 [INFO]     [OK] a2f3738e… |   128 KB | year=2025 (2024-2025) | fields=23
06:02:34 [INFO]     [OK] 2892b6b1… |   506 KB | year=2025 (2024-2025) | fields=24
06:02:39 [INFO]     [OK] ead15e75… |   309 KB | year=2025 (2024-2025) | fields=22
06:02:44 [INFO]     [OK] cf1657d0… |   383 KB | year=2024 (2024-2025) | fields=20
06:02:47 [INFO]     [OK] 35cc1cc4… |   260 KB | year=2025 (2024-2025) | fields=25
06:02:52 [INFO]     [OK] 0bea8f9a… |   198 KB | year=2025 (2024-2025) | fields=24
06:02:55 [INFO]     [OK] ced0af9a… |   123 KB | year=2025 (2024-2025) | fields=24
06:03:00 [INFO]     [OK] 6f2d6cce… |   202 KB | year=2025 (2024-2025) | fields=24
06:03:04 [INFO]     [OK] c6ca3e7d… |   124 KB | year=2025 (2024-2025) | fields=24
06:03:04 [INFO]   [CAP] Reached 10-file limit for this page. Moving to other pages.
06:03:18 [INFO]   → Found 10 PDFs on https://www.lantmateriet.se/sv/om-lantmateriet/Samverkan-med-andra/geodataradet/vision-geodataomradet-2040/
06:03:24 [INFO]     [OK] 302ccf84… |   324 KB | year=2024 (2024-2025) | fields=23
06:03:29 [INFO]     [OK] cfda59de… |   290 KB | year=2024 (2024-2025) | fields=19
06:03:33 [INFO]     [OK] 07c4dddc… |   321 KB | year=2024 (2024-2025) | fields=19
06:03:38 [INFO]     [OK] e42754e9… |   277 KB | year=2024 (2024-2025) | fields=19
06:03:42 [INFO]     [OK] af4a7784… |   206 KB | year=2024 (2024-2025) | fields=19
06:03:46 [INFO]     [OK] ed5de924… |   715 KB | year=2024 (2024-2025) | fields=19
06:03:51 [INFO]     [OK] 1bed8114… |   325 KB | year=2024 (2024-2025) | fields=19
06:03:56 [INFO]     [OK] c950fb03… |   340 KB | year=2024 (2024-2025) | fields=19
06:04:00 [INFO]     [OK] b5e28493… |   335 KB | year=2024 (2024-2025) | fields=19
06:04:04 [INFO]     [OK] 5219d881… |   472 KB | year=2023 (2020-2023) | fields=18
06:04:19 [INFO]   → Found 5 PDFs on https://www.lantmateriet.se/sv/fastighet-och-mark/samfallighet--aga-och-anvanda-gemensamt/samfallighetsforening/samfallighetsforeningsregistret---sfr/#anchor-2
06:04:23 [INFO]     [OK] 7c7e31a6… |   234 KB | year=2025 (2024-2025) | fields=23
06:04:27 [INFO]     [OK] 7c7e31a6… |   234 KB | year=2025 (2024-2025) | fields=23
06:04:28 [INFO]     [OK] ea9d2b99… |   156 KB | year=2025 (2024-2025) | fields=24
06:04:33 [INFO]     [OK] ffdb961f… |   168 KB | year=2025 (2024-2025) | fields=20
06:04:37 [INFO]     [OK] 7c7e31a6… |   234 KB | year=2025 (2024-2025) | fields=23
06:04:47 [INFO]   → Found 10 PDFs on https://www.lantmateriet.se/sv/fastighet-och-mark/samfallighet--aga-och-anvanda-gemensamt/samfallighetsforening/samfallighetsforeningsregistret---sfr/andra-uppgifter-i-samfallighetsforeningsregistret/
06:04:50 [INFO]     [OK] 1cd69fbf… |   228 KB | year=2025 (2024-2025) | fields=23
06:04:54 [INFO]     [OK] eb38b4b9… |   959 KB | year=2026 (post-2026) | fields=23
06:04:57 [INFO]     [OK] 1cd69fbf… |   228 KB | year=2025 (2024-2025) | fields=23
06:05:01 [INFO]     [OK] 30542515… |   126 KB | year=2025 (2024-2025) | fields=20
06:05:04 [INFO]     [OK] 1cd69fbf… |   228 KB | year=2025 (2024-2025) | fields=23
06:05:09 [INFO]     [OK] 744d714d… |   221 KB | year=2023 (2020-2023) | fields=23
06:05:13 [INFO]     [OK] 1cd69fbf… |   228 KB | year=2025 (2024-2025) | fields=23
06:05:18 [INFO]     [OK] 1cd69fbf… |   228 KB | year=2025 (2024-2025) | fields=23
06:05:22 [INFO]     [OK] 1eebd2b9… |   150 KB | year=2025 (2024-2025) | fields=20
06:05:26 [INFO]     [OK] 1cd69fbf… |   228 KB | year=2025 (2024-2025) | fields=23
06:05:30 [INFO]   → Found 3 PDFs on https://www.lantmateriet.se/sv/fastighet-och-mark/samfallighet--aga-och-anvanda-gemensamt/gemensamhetsanlaggningar/andra-andelstal/
06:06:07 [INFO]   → Found 1 PDFs on https://www.lantmateriet.se/sv/om-lantmateriet/nyheter-och-sociala-medier/nyheter/nya-taxor-fran-maj-2026/
06:06:11 [INFO]     [OK] ad0e0918… |    19 KB | year=2026 (post-2026) | fields=19
06:06:18 [INFO]   → Found 1 PDFs on https://www.lantmateriet.se/sv/om-lantmateriet/nyheter-och-sociala-medier/nyheter/lantmateriets-forslag-mojliggor-digitala-rattshandlingar/
06:06:23 [INFO]     [OK] 141b89e4… |  1406 KB | year=2023 (2020-2023) | fields=21
06:08:10 [INFO]   → Found 80 PDFs on https://www.lantmateriet.se/sv/om-lantmateriet/diariet-och-informationsredovisning/rapporter/
06:08:15 [INFO]     [OK] a7a4b39a… |   720 KB | year=2026 (post-2026) | fields=20
06:08:19 [INFO]     [OK] 0ae5b6ee… |  2591 KB | year=2023 (2020-2023) | fields=23
06:08:23 [INFO]     [OK] 5f43ddcd… |  1900 KB | year=2022 (2020-2023) | fields=23
06:08:27 [INFO]     [OK] 16e0fd7f… |  1107 KB | year=2022 (2020-2023) | fields=17
06:08:33 [INFO]     [OK] 6b99855b… |  4993 KB | year=2022 (2020-2023) | fields=21
06:08:38 [INFO]     [OK] c0e5dfbd… |  9749 KB | year=2021 (2020-2023) | fields=26
06:11:04 [INFO]     [OK] 67923c01… |  1304 KB | year=2023 (2020-2023) | fields=21
06:11:12 [INFO]   → Found 1 PDFs on https://www.lantmateriet.se/sv/om-lantmateriet/diariet-och-informationsredovisning/rapporter/rapporter-fran-2000-2005/
06:11:19 [INFO]   → Found 1 PDFs on https://www.lantmateriet.se/sv/om-lantmateriet/diariet-och-informationsredovisning/rapporter/rapporter-fran-1990-1999/
06:11:29 [INFO]   → Found 12 PDFs on https://www.lantmateriet.se/sv/om-lantmateriet/diariet-och-informationsredovisning/rapporter/rapporter-fran-1982-1989/
06:12:06 [INFO]     [OK] 73afaa4f… | 17424 KB | year=2022 (2020-2023) | fields=22
06:12:12 [INFO]     [OK] 04b156c5… |  8289 KB | year=2022 (2020-2023) | fields=16
06:12:20 [INFO]     [OK] c4e25a2c… | 16264 KB | year=2022 (2020-2023) | fields=16
06:12:25 [INFO]     [OK] ffecbf3d… | 12478 KB | year=2022 (2020-2023) | fields=17
06:12:30 [INFO]     [OK] 8a0b31cc… |  7814 KB | year=2022 (2020-2023) | fields=16
06:13:39 [INFO]   → Found 4 PDFs on https://www.lantmateriet.se/sv/kartor/geoskolan/lektionsforslag-om-kartkunskap/
06:13:44 [INFO]     [OK] 80f1dc1b… |   428 KB | year=2022 (2020-2023) | fields=15
06:13:49 [INFO]     [OK] 61c775af… |   105 KB | year=2026 (post-2026) | fields=42
06:13:54 [INFO]     [OK] 9bf4ad2a… |   447 KB | year=2022 (2020-2023) | fields=21
06:13:58 [INFO]     [OK] 61c775af… |   105 KB | year=2026 (post-2026) | fields=42
06:14:28 [INFO]   → Found 3 PDFs on https://www.lantmateriet.se/sv/kartor/vara-karttjanster/Historiska-kartor/Arkiven-som-ingar/Rikets-allmanna-kartverks-arkiv---RAK/
06:14:32 [INFO]     [OK] 440efff6… |  1089 KB | year=2022 (2020-2023) | fields=15
06:14:37 [INFO]     [OK] d46df29c… |  4077 KB | year=2022 (2020-2023) | fields=15
06:14:41 [INFO]     [OK] 41edbc43… |  2695 KB | year=2022 (2020-2023) | fields=15
06:15:48 [INFO]   → Found 1 PDFs on https://geotorget.lantmateriet.se/dokumentation/GEODOK/81/latest/atkomst-och-leverans.html
06:16:00 [INFO]   → Found 1 PDFs on https://geotorget.lantmateriet.se/dokumentation/GEODOK/85/latest/informationsinnehall.html
06:16:03 [WARNING]     [HTTP error] https://geotorget.lantmateriet.se/dokumentation/kla/files/443809860/444268560/2/1765798398760/HuvudavrinningsomrÃ¥den+och+nummer.pdf: 404 Client Error: Not Found for url: https://geotorget.lantmateriet.se/dokumentation/kla/files/443809860/444268560/2/1765798398760/Huvudavrinningsomr%C3%83%C2%A5den+och+nummer.pdf
06:16:17 [INFO]   → Found 1 PDFs on https://geotorget.lantmateriet.se/dokumentation/GEODOK/85/latest/atkomst-och-leverans.html
06:17:55 [INFO]   → Found 1 PDFs on https://geotorget.lantmateriet.se/dokumentation/GEODOK/77/latest/informationsinnehall.html
06:17:58 [INFO]     [OK] 41edbc43… |  2695 KB | year=2026 (post-2026) | fields=15
06:18:40 [INFO]   → Found 1 PDFs on https://geotorget.lantmateriet.se/dokumentation/GEODOK/26/latest.html
06:19:32 [INFO]   → Found 1 PDFs on https://geotorget.lantmateriet.se/dokumentation/GEODOK/78/latest/informationsinnehall.html
06:19:38 [INFO]     [OK] 440efff6… |  1089 KB | year=2026 (post-2026) | fields=15
06:19:51 [INFO]   → Found 1 PDFs on https://geotorget.lantmateriet.se/dokumentation/GEODOK/32/latest/informationsinnehall.html
06:19:56 [WARNING]     [HTTP error] https://geotorget.lantmateriet.se/dokumentation/kla/files/443809849/443809850/3/1765798541227/HuvudavrinningsomrÃ¥den+och+nummer.pdf: 404 Client Error: Not Found for url: https://geotorget.lantmateriet.se/dokumentation/kla/files/443809849/443809850/3/1765798541227/Huvudavrinningsomr%C3%83%C2%A5den+och+nummer.pdf
06:20:39 [INFO]   → Found 1 PDFs on https://geotorget.lantmateriet.se/dokumentation/GEODOK/79/latest/informationsinnehall.html
06:20:44 [WARNING]     [HTTP error] https://geotorget.lantmateriet.se/dokumentation/GEODOK/79/files/latest/299303011/310083598/1/1730197206201/teckenforklaring-hÃ¤radsekonomiska-kartan.pdf: 404 Client Error: Not Found for url: https://geotorget.lantmateriet.se/dokumentation/GEODOK/79/files/latest/299303011/310083598/1/1730197206201/teckenforklaring-h%C3%83%C2%A4radsekonomiska-kartan.pdf
06:21:06 [INFO]   → Found 1 PDFs on https://geotorget.lantmateriet.se/dokumentation/GEODOK/35/latest/atkomst-och-leverans.html
06:21:11 [INFO]     [OK] 6857ab25… |   413 KB | year=2026 (post-2026) | fields=31
06:21:30 [INFO]   → Found 1 PDFs on https://geotorget.lantmateriet.se/dokumentation/GEODOK/36/latest/atkomst-och-leverans.html
06:21:34 [INFO]     [OK] 544454eb… |   404 KB | year=2026 (post-2026) | fields=78
06:22:15 [INFO]   → Found 1 PDFs on https://geotorget.lantmateriet.se/dokumentation/GEODOK/86/latest.html
06:22:23 [INFO]   → Found 1 PDFs on https://geotorget.lantmateriet.se/dokumentation/GEODOK/86/latest/informationsinnehall.html
06:22:29 [INFO]     [OK] e21db089… |  5009 KB | year=2026 (post-2026) | fields=17
06:22:57 [INFO]   → Found 1 PDFs on https://geotorget.lantmateriet.se/dokumentation/GEODOK/50/latest/informationsinnehall.html
06:23:00 [INFO]     [OK] 289da022… |  3334 KB | year=2026 (post-2026) | fields=16
06:23:43 [INFO]   → Found 1 PDFs on https://geotorget.lantmateriet.se/dokumentation/GEODOK/44/latest.html
06:23:51 [INFO]   → Found 1 PDFs on https://geotorget.lantmateriet.se/dokumentation/GEODOK/44/latest/informationsinnehall.html
06:23:55 [INFO]     [OK] 02e3b537… |   921 KB | year=2026 (post-2026) | fields=65
06:29:58 [INFO]   → Found 1 PDFs on https://geotorget.lantmateriet.se/dokumentation/GEODOK/52/latest/informationsinnehall.html
06:30:04 [INFO]     [OK] ee6005a9… |  9035 KB | year=2026 (post-2026) | fields=32
06:31:20 [INFO]   → Found 1 PDFs on https://geotorget.lantmateriet.se/dokumentation/GEODOK/59/latest/atkomst-och-leverans.html
06:31:25 [INFO]     [OK] 60f8dfd1… |  1195 KB | year=2026 (post-2026) | fields=54
06:32:47 [INFO]   → Found 1 PDFs on https://geotorget.lantmateriet.se/dokumentation/GEODOK/62/latest/atkomst-och-leverans.html
06:32:51 [INFO]     [OK] efa96ff5… |  1231 KB | year=2026 (post-2026) | fields=31
06:36:19 [INFO]   → Found 1 PDFs on https://geotorget.lantmateriet.se/dokumentation/GEODOK/72/latest/informationsinnehall.html
06:36:24 [INFO]     [OK] c5c534fa… |  2262 KB | year=2026 (post-2026) | fields=27
06:42:11 [INFO]   → Found 2 PDFs on https://geotorget.lantmateriet.se/dokumentation/GEODOK/75/latest.html
06:42:16 [INFO]     [OK] a4d175c3… |    95 KB | year=2026 (post-2026) | fields=22
06:42:19 [WARNING]     [HTTP error] https://geotorget.lantmateriet.se/dokumentation/GEODOK/75/files/latest/456556575/456556576/1/1767617604242/m_lÃ¤genhet_v.1.1.pdf: 404 Client Error: Not Found for url: https://geotorget.lantmateriet.se/dokumentation/GEODOK/75/files/latest/456556575/456556576/1/1767617604242/m_l%C3%83%C2%A4genhet_v.1.1.pdf
06:42:56 [INFO]   → Found 2 PDFs on https://geotorget.lantmateriet.se/dokumentation/GEODOK/74/latest.html
06:43:01 [WARNING]     [HTTP error] https://geotorget.lantmateriet.se/dokumentation/GEODOK/74/files/latest/456556561/456556564/1/1767617544442/fm-Ã¶ff-taxering-nedladdning-v.1.0.pdf: 404 Client Error: Not Found for url: https://geotorget.lantmateriet.se/dokumentation/GEODOK/74/files/latest/456556561/456556564/1/1767617544442/fm-%C3%83%C2%B6ff-taxering-nedladdning-v.1.0.pdf
06:43:05 [INFO]     [OK] 4a309614… |   687 KB | year=2026 (post-2026) | fields=20
06:43:18 [INFO]   [CAP] Reached 500 page limit for authority. Moving on.
06:43:18 [INFO] 
[Lantmäteriet] Done. Pre-NIS2: 24/50  NIS2-prep: 50/50
06:43:18 [INFO] 
============================================================
Authority : Ekobrottsmyndigheten
Tier      : 2
Quota left: 2020-2023=50  2024-2025=50
============================================================
06:43:26 [INFO]   → Found 29 PDFs on https://www.ekobrottsmyndigheten.se/om-oss/publikationer/rapporter/
06:43:30 [INFO]     [OK] 60eaf034… |  1136 KB | year=2025 (2024-2025) | fields=36
06:43:33 [INFO]     [OK] 5d9a1792… |  1476 KB | year=2021 (2020-2023) | fields=13
06:43:37 [INFO]     [OK] 1b39535f… |  1701 KB | year=2021 (2020-2023) | fields=30
06:43:42 [INFO]     [OK] 90e90f54… |  7049 KB | year=2025 (2024-2025) | fields=29
06:43:46 [INFO]     [OK] 460cf931… |  6341 KB | year=2021 (2020-2023) | fields=42
06:43:51 [INFO]     [OK] 958ff45b… |  4281 KB | year=2021 (2020-2023) | fields=29
06:43:54 [INFO]     [OK] 9c22d391… |   572 KB | year=2021 (2020-2023) | fields=24
06:43:59 [INFO]     [OK] e658b2f7… |   181 KB | year=2021 (2020-2023) | fields=13
06:44:04 [INFO]     [OK] 8ac141ec… |   708 KB | year=2025 (2024-2025) | fields=23
06:44:07 [INFO]     [OK] 3017beb7… |   441 KB | year=2023 (2020-2023) | fields=22
06:44:07 [INFO]   [CAP] Reached 10-file limit for this page. Moving to other pages.
06:44:22 [INFO]   → Found 10 PDFs on https://www.ekobrottsmyndigheten.se/om-oss/publikationer/arfar-promemorier/
06:44:26 [INFO]     [OK] f98acf39… |  1265 KB | year=2023 (2020-2023) | fields=17
06:44:29 [INFO]     [OK] 1a9e67dc… |   160 KB | year=2021 (2020-2023) | fields=18
06:44:33 [INFO]     [OK] 01ef9915… |   870 KB | year=2021 (2020-2023) | fields=19
06:44:37 [INFO]     [OK] 3e5e8e0f… |  2313 KB | year=2021 (2020-2023) | fields=12
06:44:40 [INFO]     [OK] dd75d78e… |   225 KB | year=2021 (2020-2023) | fields=17
06:44:45 [INFO]     [OK] ad88cc68… |  2210 KB | year=2021 (2020-2023) | fields=28
06:44:49 [INFO]     [OK] 5c248b3a… |   923 KB | year=2021 (2020-2023) | fields=12
06:44:54 [INFO]     [OK] 8cd69008… |   417 KB | year=2021 (2020-2023) | fields=21
06:44:58 [INFO]     [OK] 535a2735… |  6453 KB | year=2021 (2020-2023) | fields=13
06:45:39 [INFO]   → Found 3 PDFs on https://www.ekobrottsmyndigheten.se/om-oss/vart-uppdrag/arsredovisningar/
06:45:43 [INFO]     [OK] 21147b2c… |  1228 KB | year=2026 (post-2026) | fields=42
06:45:48 [INFO]     [OK] 3c9e1ecd… |   911 KB | year=2025 (2024-2025) | fields=37
06:45:52 [INFO]     [OK] 911a1664… |  5164 KB | year=2023 (2020-2023) | fields=31
06:45:57 [INFO]   → Found 3 PDFs on https://www.ekobrottsmyndigheten.se/om-oss/vart-uppdrag/budgetunderlag/
06:46:01 [INFO]     [OK] da29e518… |   317 KB | year=2026 (post-2026) | fields=27
06:46:05 [INFO]     [OK] 586fc591… |   279 KB | year=2025 (2024-2025) | fields=20
06:46:10 [INFO]     [OK] b8319f34… |   355 KB | year=2024 (2024-2025) | fields=20
06:46:13 [INFO]   → Found 1 PDFs on https://www.ekobrottsmyndigheten.se/om-oss/organisation/
06:46:17 [INFO]     [OK] b8c9b054… |   102 KB | year=2024 (2024-2025) | fields=29
06:46:21 [INFO]   → Found 3 PDFs on https://www.ekobrottsmyndigheten.se/om-oss/samverkan/
06:46:26 [INFO]     [OK] ad01e297… |   564 KB | year=2022 (2020-2023) | fields=30
06:46:29 [INFO]     [OK] 53b8e36f… |   634 KB | year=2021 (2020-2023) | fields=29
06:46:34 [INFO]     [OK] c4e6480b… |  1004 KB | year=2022 (2020-2023) | fields=16
06:47:23 [INFO]   → Found 240 PDFs on https://www.ekobrottsmyndigheten.se/om-oss/remisser-och-yttranden/
06:47:27 [INFO]     [OK] f18012b8… |   188 KB | year=2026 (post-2026) | fields=25
06:47:32 [INFO]     [OK] 5ec03cf2… |   153 KB | year=2026 (post-2026) | fields=25
06:47:35 [INFO]     [OK] ef8bc963… |   151 KB | year=2026 (post-2026) | fields=25
06:47:39 [INFO]     [OK] a88a393d… |   149 KB | year=2026 (post-2026) | fields=25
06:47:44 [INFO]     [OK] 30389aed… |   150 KB | year=2026 (post-2026) | fields=25
06:47:47 [INFO]     [OK] 528e896b… |   219 KB | year=2026 (post-2026) | fields=25
06:47:53 [INFO]     [OK] 45af1a54… |   187 KB | year=2026 (post-2026) | fields=25
06:47:57 [INFO]     [OK] 26d4ffe1… |   154 KB | year=2026 (post-2026) | fields=25
06:48:02 [INFO]     [OK] 02b0b63b… |   150 KB | year=2026 (post-2026) | fields=25
06:48:07 [INFO]     [OK] 2ff53d5e… |    40 KB | year=2026 (post-2026) | fields=16
06:48:07 [INFO]   [CAP] Reached 10-file limit for this page. Moving to other pages.
06:48:24 [INFO]   → Found 1 PDFs on https://www.ekobrottsmyndigheten.se/om-ekobrott/lagesbilden/
06:48:30 [INFO]     [OK] 77fb557b… | 19764 KB | year=2025 (2024-2025) | fields=41
06:49:34 [INFO]   → Found 2 PDFs on https://www.ekobrottsmyndigheten.se/om-ekobrott/brotten-vi-utreder/eu-bedragerier/
06:49:38 [INFO]     [OK] ecbd162e… |   754 KB | year=2021 (2020-2023) | fields=27
06:49:42 [INFO]     [OK] 0bbfd925… |   129 KB | year=2024 (2024-2025) | fields=61
06:49:50 [INFO]   → Found 1 PDFs on https://www.ekobrottsmyndigheten.se/om-ekobrott/organiserad-brottslighet/
06:49:54 [INFO]     [OK] ab1a1112… |  3868 KB | year=2025 (2024-2025) | fields=31
06:50:06 [INFO]   → Found 1 PDFs on https://www.ekobrottsmyndigheten.se/om-ekobrott/brotten-vi-utreder/penningtvattsbrott/
06:50:09 [INFO]     [OK] 652aef73… |   322 KB | year=2021 (2020-2023) | fields=67
06:50:21 [INFO]   → Found 3 PDFs on https://www.ekobrottsmyndigheten.se/om-ekobrott/bf/
06:50:26 [INFO]     [OK] 6d5d994b… |  4582 KB | year=2023 (2020-2023) | fields=29
06:50:31 [INFO]     [OK] 0cca359d… |   548 KB | year=2025 (2024-2025) | fields=28
06:50:36 [INFO]     [OK] 0e309b21… |  3264 KB | year=2022 (2020-2023) | fields=37
06:50:44 [INFO]   → Found 1 PDFs on https://www.ekobrottsmyndigheten.se/forebygg-arbetslivskriminalitet/
06:50:48 [INFO]     [OK] 8008291a… |   807 KB | year=2023 (2020-2023) | fields=40
06:51:01 [INFO]   → Found 1 PDFs on https://www.ekobrottsmyndigheten.se/om-ekobrott/bf/upphandla-sakert/
06:51:07 [INFO]     [OK] 19112da4… |  1032 KB | year=2021 (2020-2023) | fields=12
06:51:28 [INFO]   → Found 1 PDFs on https://www.ekobrottsmyndigheten.se/visselblasarfunktion-eu-medel/
06:51:32 [INFO]     [OK] 9982a44e… |  1463 KB | year=2021 (2020-2023) | fields=69
06:51:36 [INFO]   → Found 5 PDFs on https://www.ekobrottsmyndigheten.se/konkursforvaltare/
06:51:40 [INFO]     [OK] 4cf06dae… |   890 KB | year=2022 (2020-2023) | fields=23
06:51:44 [INFO]     [OK] 8458a49a… |   302 KB | year=2024 (2024-2025) | fields=59
06:51:48 [INFO]     [OK] 1a9e67dc… |   160 KB | year=2021 (2020-2023) | fields=18
06:51:52 [INFO]     [OK] c8b76450… |   273 KB | year=2021 (2020-2023) | fields=22
06:51:57 [INFO]     [OK] bc7f4c60… |   598 KB | year=2021 (2020-2023) | fields=28
06:52:05 [INFO]   → Found 2 PDFs on https://www.ekobrottsmyndigheten.se/om-ekobrott/anmal-ekobrott/redovisningskonsult/
06:52:09 [INFO]     [OK] 077eb900… |   563 KB | year=2025 (2024-2025) | fields=31
06:52:14 [INFO]     [OK] 7bc53b1a… |  1004 KB | year=2024 (2024-2025) | fields=14
06:52:18 [INFO]   → Found 2 PDFs on https://www.ekobrottsmyndigheten.se/om-ekobrott/anmal-ekobrott/revisor/
06:52:23 [INFO]     [OK] 12390b5f… |   164 KB | year=2026 (post-2026) | fields=25
06:52:27 [INFO]     [OK] 0dbfadbc… |   950 KB | year=2021 (2020-2023) | fields=19
06:53:40 [INFO]   → Found 1 PDFs on https://www.ekobrottsmyndigheten.se/rattsprocessen/overprovning/
06:54:21 [INFO]   → Found 2 PDFs on https://www.ekobrottsmyndigheten.se/jobb/arbeta-pa-ebm/
06:54:25 [INFO]     [OK] a59b9333… |   770 KB | year=2023 (2020-2023) | fields=31
06:54:30 [INFO]     [OK] 8267e88e… |  2034 KB | year=2021 (2020-2023) | fields=28
06:55:55 [INFO]   → Found 7 PDFs on https://www.ekobrottsmyndigheten.se/sefi-radet/
06:55:58 [INFO]     [OK] f7647c1d… |  2610 KB | year=2020 (2020-2023) | fields=17
06:56:03 [INFO]     [OK] 4d723b84… |   213 KB | year=2023 (2020-2023) | fields=23
06:56:08 [INFO]     [OK] cb71e2df… |   313 KB | year=2025 (2024-2025) | fields=23
06:56:11 [INFO]     [OK] 501b0383… |   347 KB | year=2025 (2024-2025) | fields=23
06:56:15 [INFO]     [OK] 9b33e92a… |   273 KB | year=2023 (2020-2023) | fields=26
06:56:18 [INFO]     [OK] 50b33fe8… |  2518 KB | year=2021 (2020-2023) | fields=18
06:56:31 [INFO]   → Found 5 PDFs on https://www.ekobrottsmyndigheten.se/guider-och-vagledningar/
06:56:34 [INFO]     [OK] 4d723b84… |   213 KB | year=2023 (2020-2023) | fields=23
06:56:39 [INFO]     [OK] ecbd162e… |   754 KB | year=2021 (2020-2023) | fields=27
06:56:44 [INFO]     [OK] 0c95ef69… |  7205 KB | year=2023 (2020-2023) | fields=52
06:56:49 [INFO]     [OK] 3ed3ec2c… |   464 KB | year=2021 (2020-2023) | fields=23
06:56:52 [INFO]     [OK] 1653db48… |   156 KB | year=2021 (2020-2023) | fields=30
06:57:25 [INFO]   → Found 2 PDFs on https://www.ekobrottsmyndigheten.se/om-webbplatsen/dina-personuppgifter/
06:57:28 [INFO]     [OK] dcc0eb63… |   166 KB | year=2021 (2020-2023) | fields=13
06:57:33 [INFO]     [OK] c41ebe75… |  1174 KB | year=2024 (2024-2025) | fields=27
06:57:46 [INFO]   → Found 1 PDFs on https://www.ekobrottsmyndigheten.se/okat-fokus-pa-ekonomisk-brottslighet-i-grovt-kriminella-miljoer/
06:57:52 [INFO]     [OK] f1d4bc6b… |  5618 KB | year=2026 (post-2026) | fields=32
06:57:59 [WARNING]   [HTTP error] https://www.ekobrottsmyndigheten.se/cdn-cgi/l/email-protection#82eaf7f4f7e6f0e7e5ebf1f6f0e3f6edf0c2e7e9ede0f0edf6f6f1effbece6ebe5eae7f6e7ecacf1e7: 404 Client Error: Not Found for url: https://www.ekobrottsmyndigheten.se/cdn-cgi/l/email-protection#82eaf7f4f7e6f0e7e5ebf1f6f0e3f6edf0c2e7e9ede0f0edf6f6f1effbece6ebe5eae7f6e7ecacf1e7
06:58:04 [WARNING]   [HTTP error] https://www.ekobrottsmyndigheten.se/cdn-cgi/l/email-protection#e89a8d8f819b9c9a899c879ac68f879c8d8a879a8fa88d83878a9a879c9c9b8591868c818f808d9c8d86c69b8d: 404 Client Error: Not Found for url: https://www.ekobrottsmyndigheten.se/cdn-cgi/l/email-protection#e89a8d8f819b9c9a899c879ac68f879c8d8a879a8fa88d83878a9a879c9c9b8591868c818f808d9c8d86c69b8d
06:58:08 [WARNING]   [HTTP error] https://www.ekobrottsmyndigheten.se/cdn-cgi/l/email-protection#fd8f989a948e898f9c89928fd391949396928d94939abd9896929f8f9289898e90849399949a9598899893d38e98: 404 Client Error: Not Found for url: https://www.ekobrottsmyndigheten.se/cdn-cgi/l/email-protection#fd8f989a948e898f9c89928fd391949396928d94939abd9896929f8f9289898e90849399949a9598899893d38e98
06:58:13 [WARNING]   [HTTP error] https://www.ekobrottsmyndigheten.se/cdn-cgi/l/email-protection#b6c4d3d1dfc5c2c4d7c2d9c498dbd7dadbd9f6d3ddd9d4c4d9c2c2c5dbcfd8d2dfd1ded3c2d3d898c5d3: 404 Client Error: Not Found for url: https://www.ekobrottsmyndigheten.se/cdn-cgi/l/email-protection#b6c4d3d1dfc5c2c4d7c2d9c498dbd7dadbd9f6d3ddd9d4c4d9c2c2c5dbcfd8d2dfd1ded3c2d3d898c5d3
06:58:17 [WARNING]   [HTTP error] https://www.ekobrottsmyndigheten.se/cdn-cgi/l/email-protection#691b0c0e001a1d1b081d061b471a1d060a0201060504290c02060b1b061d1d1a0410070d000e010c1d0c07471a0c: 404 Client Error: Not Found for url: https://www.ekobrottsmyndigheten.se/cdn-cgi/l/email-protection#691b0c0e001a1d1b081d061b471a1d060a0201060504290c02060b1b061d1d1a0410070d000e010c1d0c07471a0c
06:58:21 [WARNING]   [HTTP error] https://www.ekobrottsmyndigheten.se/cdn-cgi/l/email-protection#91e3f4f6f8e2e5e3f0e5fee3bfe4fcf4f0d1f4fafef3e3fee5e5e2fce8fff5f8f6f9f4e5f4ffbfe2f4: 404 Client Error: Not Found for url: https://www.ekobrottsmyndigheten.se/cdn-cgi/l/email-protection#91e3f4f6f8e2e5e3f0e5fee3bfe4fcf4f0d1f4fafef3e3fee5e5e2fce8fff5f8f6f9f4e5f4ffbfe2f4
06:58:26 [WARNING]   [HTTP error] https://www.ekobrottsmyndigheten.se/cdn-cgi/l/email-protection#a1d3c4c6c8d2d5d3c0d5ced38fd4d1d1d2c0cdc0e1c4cacec3d3ced5d5d2ccd8cfc5c8c6c9c4d5c4cf8fd2c4: 404 Client Error: Not Found for url: https://www.ekobrottsmyndigheten.se/cdn-cgi/l/email-protection#a1d3c4c6c8d2d5d3c0d5ced38fd4d1d1d2c0cdc0e1c4cacec3d3ced5d5d2ccd8cfc5c8c6c9c4d5c4cf8fd2c4
06:58:30 [WARNING]   [HTTP error] https://www.ekobrottsmyndigheten.se/cdn-cgi/l/email-protection#254d505350415740424c56515744514a5765404e4a47574a515156485c4b414c424d4051404b0b5640: 404 Client Error: Not Found for url: https://www.ekobrottsmyndigheten.se/cdn-cgi/l/email-protection#254d505350415740424c56515744514a5765404e4a47574a515156485c4b414c424d4051404b0b5640
06:58:34 [WARNING]   [HTTP error] https://www.ekobrottsmyndigheten.se/cdn-cgi/l/email-protection#394b5c5e504a4d4b584d564b175e564d5c5b564b5e795c52565b4b564d4d4a5440575d505e515c4d5c57174a5c: 404 Client Error: Not Found for url: https://www.ekobrottsmyndigheten.se/cdn-cgi/l/email-protection#394b5c5e504a4d4b584d564b175e564d5c5b564b5e795c52565b4b564d4d4a5440575d505e515c4d5c57174a5c
06:58:38 [WARNING]   [HTTP error] https://www.ekobrottsmyndigheten.se/cdn-cgi/l/email-protection#592b3c3e302a2d2b382d362b7735303732362930373e193c32363b2b362d2d2a3420373d303e313c2d3c37772a3c: 404 Client Error: Not Found for url: https://www.ekobrottsmyndigheten.se/cdn-cgi/l/email-protection#592b3c3e302a2d2b382d362b7735303732362930373e193c32363b2b362d2d2a3420373d303e313c2d3c37772a3c
06:58:41 [WARNING]   [HTTP error] https://www.ekobrottsmyndigheten.se/cdn-cgi/l/email-protection#bac8dfddd3c9cec8dbced5c894d7dbd6d7d5fadfd1d5d8c8d5cecec9d7c3d4ded3ddd2dfcedfd494c9df: 404 Client Error: Not Found for url: https://www.ekobrottsmyndigheten.se/cdn-cgi/l/email-protection#bac8dfddd3c9cec8dbced5c894d7dbd6d7d5fadfd1d5d8c8d5cecec9d7c3d4ded3ddd2dfcedfd494c9df
06:58:46 [WARNING]   [HTTP error] https://www.ekobrottsmyndigheten.se/cdn-cgi/l/email-protection#d9abbcbeb0aaadabb8adb6abf7aaadb6bab2b1b6b5b499bcb2b6bbabb6adadaab4a0b7bdb0beb1bcadbcb7f7aabc: 404 Client Error: Not Found for url: https://www.ekobrottsmyndigheten.se/cdn-cgi/l/email-protection#d9abbcbeb0aaadabb8adb6abf7aaadb6bab2b1b6b5b499bcb2b6bbabb6adadaab4a0b7bdb0beb1bcadbcb7f7aabc
06:58:49 [WARNING]   [HTTP error] https://www.ekobrottsmyndigheten.se/cdn-cgi/l/email-protection#245641434d57505645504b560a5149414564414f4b46564b505057495d4a404d434c4150414a0a5741: 404 Client Error: Not Found for url: https://www.ekobrottsmyndigheten.se/cdn-cgi/l/email-protection#245641434d57505645504b560a5149414564414f4b46564b505057495d4a404d434c4150414a0a5741
06:58:53 [WARNING]   [HTTP error] https://www.ekobrottsmyndigheten.se/cdn-cgi/l/email-protection#2b594e4c42585f594a5f4459055e5b5b584a474a6b4e40444959445f5f584652454f424c434e5f4e4505584e: 404 Client Error: Not Found for url: https://www.ekobrottsmyndigheten.se/cdn-cgi/l/email-protection#2b594e4c42585f594a5f4459055e5b5b584a474a6b4e40444959445f5f584652454f424c434e5f4e4505584e
06:59:10 [WARNING]   [HTTP error] https://www.ekobrottsmyndigheten.se/cdn-cgi/l/email-protection#b4dcc1c2c1d0c6d1d3ddc7c0c6d5c0dbc6f4d1dfdbd6c6dbc0c0c7d9cddad0ddd3dcd1c0d1da9ac7d1: 404 Client Error: Not Found for url: https://www.ekobrottsmyndigheten.se/cdn-cgi/l/email-protection#b4dcc1c2c1d0c6d1d3ddc7c0c6d5c0dbc6f4d1dfdbd6c6dbc0c0c7d9cddad0ddd3dcd1c0d1da9ac7d1
06:59:14 [WARNING]   [HTTP error] https://www.ekobrottsmyndigheten.se/cdn-cgi/l/email-protection#c0b2a5a7a9b3b4b2a1b4afb2eea7afb4a5a2afb2a780a5abafa2b2afb4b4b3adb9aea4a9a7a8a5b4a5aeeeb3a5: 404 Client Error: Not Found for url: https://www.ekobrottsmyndigheten.se/cdn-cgi/l/email-protection#c0b2a5a7a9b3b4b2a1b4afb2eea7afb4a5a2afb2a780a5abafa2b2afb4b4b3adb9aea4a9a7a8a5b4a5aeeeb3a5
06:59:17 [WARNING]   [HTTP error] https://www.ekobrottsmyndigheten.se/cdn-cgi/l/email-protection#542631333d27202635203b267a383d3a3f3b243d3a3314313f3b36263b202027392d3a303d333c3120313a7a2731: 404 Client Error: Not Found for url: https://www.ekobrottsmyndigheten.se/cdn-cgi/l/email-protection#542631333d27202635203b267a383d3a3f3b243d3a3314313f3b36263b202027392d3a303d333c3120313a7a2731
06:59:22 [WARNING]   [HTTP error] https://www.ekobrottsmyndigheten.se/cdn-cgi/l/email-protection#0d7f686a647e797f6c79627f23606c6160624d6866626f7f6279797e60746369646a6568796863237e68: 404 Client Error: Not Found for url: https://www.ekobrottsmyndigheten.se/cdn-cgi/l/email-protection#0d7f686a647e797f6c79627f23606c6160624d6866626f7f6279797e60746369646a6568796863237e68
06:59:26 [WARNING]   [HTTP error] https://www.ekobrottsmyndigheten.se/cdn-cgi/l/email-protection#6d1f080a041e191f0c19021f431e19020e06050201002d0806020f1f0219191e00140309040a0508190803431e08: 404 Client Error: Not Found for url: https://www.ekobrottsmyndigheten.se/cdn-cgi/l/email-protection#6d1f080a041e191f0c19021f431e19020e06050201002d0806020f1f0219191e00140309040a0508190803431e08
06:59:30 [WARNING]   [HTTP error] https://www.ekobrottsmyndigheten.se/cdn-cgi/l/email-protection#dcaeb9bbb5afa8aebda8b3aef2a9b1b9bd9cb9b7b3beaeb3a8a8afb1a5b2b8b5bbb4b9a8b9b2f2afb9: 404 Client Error: Not Found for url: https://www.ekobrottsmyndigheten.se/cdn-cgi/l/email-protection#dcaeb9bbb5afa8aebda8b3aef2a9b1b9bd9cb9b7b3beaeb3a8a8afb1a5b2b8b5bbb4b9a8b9b2f2afb9
06:59:34 [WARNING]   [HTTP error] https://www.ekobrottsmyndigheten.se/cdn-cgi/l/email-protection#f48691939d87808695809b86da81848487959895b4919f9b96869b808087998d9a909d939c9180919ada8791: 404 Client Error: Not Found for url: https://www.ekobrottsmyndigheten.se/cdn-cgi/l/email-protection#f48691939d87808695809b86da81848487959895b4919f9b96869b808087998d9a909d939c9180919ada8791
06:59:38 [WARNING]   [HTTP error] https://www.ekobrottsmyndigheten.se/cdn-cgi/l/email-protection#c189b4b7b4a5b3a4a6a8b2b5b3a0b5aeb381a4aaaea3b3aeb5b5b2acb8afa5a8a6a9a4b5a4afefb2a4: 404 Client Error: Not Found for url: https://www.ekobrottsmyndigheten.se/cdn-cgi/l/email-protection#c189b4b7b4a5b3a4a6a8b2b5b3a0b5aeb381a4aaaea3b3aeb5b5b2acb8afa5a8a6a9a4b5a4afefb2a4
06:59:43 [WARNING]   [HTTP error] https://www.ekobrottsmyndigheten.se/cdn-cgi/l/email-protection#f29a878487968097959b81868093869d80b297999d90809d8686819f8b9c969b959a9786979cdc8197: 404 Client Error: Not Found for url: https://www.ekobrottsmyndigheten.se/cdn-cgi/l/email-protection#f29a878487968097959b81868093869d80b297999d90809d8686819f8b9c969b959a9786979cdc8197
06:59:47 [WARNING]   [HTTP error] https://www.ekobrottsmyndigheten.se/cdn-cgi/l/email-protection#a6d4c3c1cfd5d2d4c7d2c9d488c1c9d2c3c4c9d4c1e6c3cdc9c4d4c9d2d2d5cbdfc8c2cfc1cec3d2c3c888d5c3: 404 Client Error: Not Found for url: https://www.ekobrottsmyndigheten.se/cdn-cgi/l/email-protection#a6d4c3c1cfd5d2d4c7d2c9d488c1c9d2c3c4c9d4c1e6c3cdc9c4d4c9d2d2d5cbdfc8c2cfc1cec3d2c3c888d5c3
06:59:51 [WARNING]   [HTTP error] https://www.ekobrottsmyndigheten.se/cdn-cgi/l/email-protection#2f5d4a48465c5b5d4e5b405d0143464144405f4641486f4a44404d5d405b5b5c4256414b4648474a5b4a41015c4a: 404 Client Error: Not Found for url: https://www.ekobrottsmyndigheten.se/cdn-cgi/l/email-protection#2f5d4a48465c5b5d4e5b405d0143464144405f4641486f4a44404d5d405b5b5c4256414b4648474a5b4a41015c4a
06:59:54 [WARNING]   [HTTP error] https://www.ekobrottsmyndigheten.se/cdn-cgi/l/email-protection#6d1f080a041e191f0c19021f43000c0100022d0806020f1f0219191e00140309040a0508190803431e08: 404 Client Error: Not Found for url: https://www.ekobrottsmyndigheten.se/cdn-cgi/l/email-protection#6d1f080a041e191f0c19021f43000c0100022d0806020f1f0219191e00140309040a0508190803431e08
06:59:59 [WARNING]   [HTTP error] https://www.ekobrottsmyndigheten.se/cdn-cgi/l/email-protection#e69483818f95929487928994c8959289858d8e898a8ba6838d898494899292958b9f88828f818e83928388c89583: 404 Client Error: Not Found for url: https://www.ekobrottsmyndigheten.se/cdn-cgi/l/email-protection#e69483818f95929487928994c8959289858d8e898a8ba6838d898494899292958b9f88828f818e83928388c89583
07:00:03 [WARNING]   [HTTP error] https://www.ekobrottsmyndigheten.se/cdn-cgi/l/email-protection#384a5d5f514b4c4a594c574a164d555d59785d53575a4a574c4c4b5541565c515f505d4c5d56164b5d: 404 Client Error: Not Found for url: https://www.ekobrottsmyndigheten.se/cdn-cgi/l/email-protection#384a5d5f514b4c4a594c574a164d555d59785d53575a4a574c4c4b5541565c515f505d4c5d56164b5d
07:00:07 [WARNING]   [HTTP error] https://www.ekobrottsmyndigheten.se/cdn-cgi/l/email-protection#760413111f050204170219045803060605171a1736131d191404190202051b0f18121f111e13021318580513: 404 Client Error: Not Found for url: https://www.ekobrottsmyndigheten.se/cdn-cgi/l/email-protection#760413111f050204170219045803060605171a1736131d191404190202051b0f18121f111e13021318580513
07:00:10 [WARNING]   [HTTP error] https://www.ekobrottsmyndigheten.se/cdn-cgi/l/email-protection#9bf3eeedeeffe9fefcf2e8efe9faeff4e9dbfef0f4f9e9f4efefe8f6e2f5fff2fcf3feeffef5b5e8fe: 404 Client Error: Not Found for url: https://www.ekobrottsmyndigheten.se/cdn-cgi/l/email-protection#9bf3eeedeeffe9fefcf2e8efe9faeff4e9dbfef0f4f9e9f4efefe8f6e2f5fff2fcf3feeffef5b5e8fe
07:00:15 [WARNING]   [HTTP error] https://www.ekobrottsmyndigheten.se/cdn-cgi/l/email-protection#2b594e4c42585f594a5f4459054c445f4e4944594c6b4e40444959445f5f584652454f424c434e5f4e4505584e: 404 Client Error: Not Found for url: https://www.ekobrottsmyndigheten.se/cdn-cgi/l/email-protection#2b594e4c42585f594a5f4459054c445f4e4944594c6b4e40444959445f5f584652454f424c434e5f4e4505584e
07:00:18 [WARNING]   [HTTP error] https://www.ekobrottsmyndigheten.se/cdn-cgi/l/email-protection#a7d5c2c0ced4d3d5c6d3c8d589cbcec9ccc8d7cec9c0e7c2ccc8c5d5c8d3d3d4cadec9c3cec0cfc2d3c2c989d4c2: 404 Client Error: Not Found for url: https://www.ekobrottsmyndigheten.se/cdn-cgi/l/email-protection#a7d5c2c0ced4d3d5c6d3c8d589cbcec9ccc8d7cec9c0e7c2ccc8c5d5c8d3d3d4cadec9c3cec0cfc2d3c2c989d4c2
07:00:23 [WARNING]   [HTTP error] https://www.ekobrottsmyndigheten.se/cdn-cgi/l/email-protection#cdbfa8aaa4beb9bfacb9a2bfe3a0aca1a0a28da8a6a2afbfa2b9b9bea0b4a3a9a4aaa5a8b9a8a3e3bea8: 404 Client Error: Not Found for url: https://www.ekobrottsmyndigheten.se/cdn-cgi/l/email-protection#cdbfa8aaa4beb9bfacb9a2bfe3a0aca1a0a28da8a6a2afbfa2b9b9bea0b4a3a9a4aaa5a8b9a8a3e3bea8
07:00:26 [WARNING]   [HTTP error] https://www.ekobrottsmyndigheten.se/cdn-cgi/l/email-protection#cab8afada3b9beb8abbea5b8e4b9bea5a9a1a2a5a6a78aafa1a5a8b8a5bebeb9a7b3a4aea3ada2afbeafa4e4b9af: 404 Client Error: Not Found for url: https://www.ekobrottsmyndigheten.se/cdn-cgi/l/email-protection#cab8afada3b9beb8abbea5b8e4b9bea5a9a1a2a5a6a78aafa1a5a8b8a5bebeb9a7b3a4aea3ada2afbeafa4e4b9af
07:00:29 [WARNING]   [HTTP error] https://www.ekobrottsmyndigheten.se/cdn-cgi/l/email-protection#324057555b41464053465d401c475f57537257595d50405d4646415f4b5c565b555a5746575c1c4157: 404 Client Error: Not Found for url: https://www.ekobrottsmyndigheten.se/cdn-cgi/l/email-protection#324057555b41464053465d401c475f57537257595d50405d4646415f4b5c565b555a5746575c1c4157
07:00:33 [WARNING]   [HTTP error] https://www.ekobrottsmyndigheten.se/cdn-cgi/l/email-protection#403225272933343221342f326e35303033212c2100252b2f22322f3434332d392e242927282534252e6e3325: 404 Client Error: Not Found for url: https://www.ekobrottsmyndigheten.se/cdn-cgi/l/email-protection#403225272933343221342f326e35303033212c2100252b2f22322f3434332d392e242927282534252e6e3325
07:00:37 [WARNING]   [HTTP error] https://www.ekobrottsmyndigheten.se/cdn-cgi/l/email-protection#a1cad3c8d2d5c8cfc08fcdc0d3d2d2cecfe1c4cacec3d3ced5d5d2ccd8cfc5c8c6c9c4d5c4cf8fd2c4: 404 Client Error: Not Found for url: https://www.ekobrottsmyndigheten.se/cdn-cgi/l/email-protection#a1cad3c8d2d5c8cfc08fcdc0d3d2d2cecfe1c4cacec3d3ced5d5d2ccd8cfc5c8c6c9c4d5c4cf8fd2c4
07:00:41 [WARNING]   [HTTP error] https://www.ekobrottsmyndigheten.se/cdn-cgi/l/email-protection#2b435e5d5e4f594e4c42585f594a5f44596b4e40444959445f5f584652454f424c434e5f4e4505584e: 404 Client Error: Not Found for url: https://www.ekobrottsmyndigheten.se/cdn-cgi/l/email-protection#2b435e5d5e4f594e4c42585f594a5f44596b4e40444959445f5f584652454f424c434e5f4e4505584e
07:00:46 [WARNING]   [HTTP error] https://www.ekobrottsmyndigheten.se/cdn-cgi/l/email-protection#a7d5c2c0ced4d3d5c6d3c8d589c0c8d3c2c5c8d5c0e7c2ccc8c5d5c8d3d3d4cadec9c3cec0cfc2d3c2c989d4c2: 404 Client Error: Not Found for url: https://www.ekobrottsmyndigheten.se/cdn-cgi/l/email-protection#a7d5c2c0ced4d3d5c6d3c8d589c0c8d3c2c5c8d5c0e7c2ccc8c5d5c8d3d3d4cadec9c3cec0cfc2d3c2c989d4c2
07:00:50 [WARNING]   [HTTP error] https://www.ekobrottsmyndigheten.se/cdn-cgi/l/email-protection#98eafdfff1ebeceaf9ecf7eab6f4f1f6f3f7e8f1f6ffd8fdf3f7faeaf7ececebf5e1f6fcf1fff0fdecfdf6b6ebfd: 404 Client Error: Not Found for url: https://www.ekobrottsmyndigheten.se/cdn-cgi/l/email-protection#98eafdfff1ebeceaf9ecf7eab6f4f1f6f3f7e8f1f6ffd8fdf3f7faeaf7ececebf5e1f6fcf1fff0fdecfdf6b6ebfd
07:00:54 [WARNING]   [HTTP error] https://www.ekobrottsmyndigheten.se/cdn-cgi/l/email-protection#5a283f3d33292e283b2e352874373b3637351a3f31353828352e2e293723343e333d323f2e3f3474293f: 404 Client Error: Not Found for url: https://www.ekobrottsmyndigheten.se/cdn-cgi/l/email-protection#5a283f3d33292e283b2e352874373b3637351a3f31353828352e2e293723343e333d323f2e3f3474293f
07:00:58 [WARNING]   [HTTP error] https://www.ekobrottsmyndigheten.se/cdn-cgi/l/email-protection#90e2f5f7f9e3e4e2f1e4ffe2bee3e4fff3fbf8fffcfdd0f5fbfff2e2ffe4e4e3fde9fef4f9f7f8f5e4f5febee3f5: 404 Client Error: Not Found for url: https://www.ekobrottsmyndigheten.se/cdn-cgi/l/email-protection#90e2f5f7f9e3e4e2f1e4ffe2bee3e4fff3fbf8fffcfdd0f5fbfff2e2ffe4e4e3fde9fef4f9f7f8f5e4f5febee3f5
07:01:02 [WARNING]   [HTTP error] https://www.ekobrottsmyndigheten.se/cdn-cgi/l/email-protection#89fbeceee0fafdfbe8fde6fba7fce4ece8c9ece2e6ebfbe6fdfdfae4f0e7ede0eee1ecfdece7a7faec: 404 Client Error: Not Found for url: https://www.ekobrottsmyndigheten.se/cdn-cgi/l/email-protection#89fbeceee0fafdfbe8fde6fba7fce4ece8c9ece2e6ebfbe6fdfdfae4f0e7ede0eee1ecfdece7a7faec
07:01:06 [WARNING]   [HTTP error] https://www.ekobrottsmyndigheten.se/cdn-cgi/l/email-protection#93e1f6f4fae0e7e1f2e7fce1bde6e3e3e0f2fff2d3f6f8fcf1e1fce7e7e0feeafdf7faf4fbf6e7f6fdbde0f6: 404 Client Error: Not Found for url: https://www.ekobrottsmyndigheten.se/cdn-cgi/l/email-protection#93e1f6f4fae0e7e1f2e7fce1bde6e3e3e0f2fff2d3f6f8fcf1e1fce7e7e0feeafdf7faf4fbf6e7f6fdbde0f6
07:01:10 [WARNING]   [HTTP error] https://www.ekobrottsmyndigheten.se/cdn-cgi/l/email-protection#adc5d8dbd8c9dfc8cac4ded9dfccd9c2dfedc8c6c2cfdfc2d9d9dec0d4c3c9c4cac5c8d9c8c383dec8: 404 Client Error: Not Found for url: https://www.ekobrottsmyndigheten.se/cdn-cgi/l/email-protection#adc5d8dbd8c9dfc8cac4ded9dfccd9c2dfedc8c6c2cfdfc2d9d9dec0d4c3c9c4cac5c8d9c8c383dec8
07:01:14 [WARNING]   [HTTP error] https://www.ekobrottsmyndigheten.se/cdn-cgi/l/email-protection#a7c3c6d3c6d4ccdec3c3d4c8cac5d2c3e7c2ccc8c5d5c8d3d3d4cadec9c3cec0cfc2d3c2c989d4c2: 404 Client Error: Not Found for url: https://www.ekobrottsmyndigheten.se/cdn-cgi/l/email-protection#a7c3c6d3c6d4ccdec3c3d4c8cac5d2c3e7c2ccc8c5d5c8d3d3d4cadec9c3cec0cfc2d3c2c989d4c2
07:01:22 [WARNING]   [HTTP error] https://www.ekobrottsmyndigheten.se/cdn-cgi/l/email-protection#452d303330213720222c36313724312a3705202e2a27372a313136283c2b212c222d2031202b6b3620: 404 Client Error: Not Found for url: https://www.ekobrottsmyndigheten.se/cdn-cgi/l/email-protection#452d303330213720222c36313724312a3705202e2a27372a313136283c2b212c222d2031202b6b3620
07:01:26 [WARNING]   [HTTP error] https://www.ekobrottsmyndigheten.se/cdn-cgi/l/email-protection#58102d2e2d3c3337362c372a3d2c760a3d3b3d282c3137363d36183d33373a2a372c2c2b3521363c313f303d2c3d36762b3d: 404 Client Error: Not Found for url: https://www.ekobrottsmyndigheten.se/cdn-cgi/l/email-protection#58102d2e2d3c3337362c372a3d2c760a3d3b3d282c3137363d36183d33373a2a372c2c2b3521363c313f303d2c3d36762b3d
07:01:31 [WARNING]   [HTTP error] https://www.ekobrottsmyndigheten.se/cdn-cgi/l/email-protection#523a272427362037353b21262033263d201237393d30203d2626213f2b3c363b353a3726373c7c2137: 404 Client Error: Not Found for url: https://www.ekobrottsmyndigheten.se/cdn-cgi/l/email-protection#523a272427362037353b21262033263d201237393d30203d2626213f2b3c363b353a3726373c7c2137
07:01:34 [WARNING]   [HTTP error] https://www.ekobrottsmyndigheten.se/cdn-cgi/l/email-protection#ccbea9aba5bfb8beadb8a3bee2aba3b8a9aea3beab8ca9a7a3aebea3b8b8bfa1b5a2a8a5aba4a9b8a9a2e2bfa9: 404 Client Error: Not Found for url: https://www.ekobrottsmyndigheten.se/cdn-cgi/l/email-protection#ccbea9aba5bfb8beadb8a3bee2aba3b8a9aea3beab8ca9a7a3aebea3b8b8bfa1b5a2a8a5aba4a9b8a9a2e2bfa9
07:01:39 [WARNING]   [HTTP error] https://www.ekobrottsmyndigheten.se/cdn-cgi/l/email-protection#d6a4b3b1bfa5a2a4b7a2b9a4f8babfb8bdb9a6bfb8b196b3bdb9b4a4b9a2a2a5bbafb8b2bfb1beb3a2b3b8f8a5b3: 404 Client Error: Not Found for url: https://www.ekobrottsmyndigheten.se/cdn-cgi/l/email-protection#d6a4b3b1bfa5a2a4b7a2b9a4f8babfb8bdb9a6bfb8b196b3bdb9b4a4b9a2a2a5bbafb8b2bfb1beb3a2b3b8f8a5b3
07:01:42 [WARNING]   [HTTP error] https://www.ekobrottsmyndigheten.se/cdn-cgi/l/email-protection#186a7d7f716b6c6a796c776a367579747577587d73777a6a776c6c6b7561767c717f707d6c7d76366b7d: 404 Client Error: Not Found for url: https://www.ekobrottsmyndigheten.se/cdn-cgi/l/email-protection#186a7d7f716b6c6a796c776a367579747577587d73777a6a776c6c6b7561767c717f707d6c7d76366b7d
07:01:45 [WARNING]   [HTTP error] https://www.ekobrottsmyndigheten.se/cdn-cgi/l/email-protection#97e5f2f0fee4e3e5f6e3f8e5b9e4e3f8f4fcfff8fbfad7f2fcf8f5e5f8e3e3e4faeef9f3fef0fff2e3f2f9b9e4f2: 404 Client Error: Not Found for url: https://www.ekobrottsmyndigheten.se/cdn-cgi/l/email-protection#97e5f2f0fee4e3e5f6e3f8e5b9e4e3f8f4fcfff8fbfad7f2fcf8f5e5f8e3e3e4faeef9f3fef0fff2e3f2f9b9e4f2
07:01:49 [WARNING]   [HTTP error] https://www.ekobrottsmyndigheten.se/cdn-cgi/l/email-protection#077562606e7473756673687529726a626647626c686575687373746a7e69636e606f62736269297462: 404 Client Error: Not Found for url: https://www.ekobrottsmyndigheten.se/cdn-cgi/l/email-protection#077562606e7473756673687529726a626647626c686575687373746a7e69636e606f62736269297462
07:01:53 [WARNING]   [HTTP error] https://www.ekobrottsmyndigheten.se/cdn-cgi/l/email-protection#ed9f888a849e999f8c99829fc3989d9d9e8c818cad8886828f9f8299999e80948389848a8588998883c39e88: 404 Client Error: Not Found for url: https://www.ekobrottsmyndigheten.se/cdn-cgi/l/email-protection#ed9f888a849e999f8c99829fc3989d9d9e8c818cad8886828f9f8299999e80948389848a8588998883c39e88
07:02:01 [WARNING]   [HTTP error] https://www.ekobrottsmyndigheten.se/cdn-cgi/l/email-protection#147c616261706671737d67606675607b6654717f7b76667b606067796d7a707d737c7160717a3a6771: 404 Client Error: Not Found for url: https://www.ekobrottsmyndigheten.se/cdn-cgi/l/email-protection#147c616261706671737d67606675607b6654717f7b76667b606067796d7a707d737c7160717a3a6771
07:02:05 [WARNING]   [HTTP error] https://www.ekobrottsmyndigheten.se/cdn-cgi/l/email-protection#5c2e393b352f282e3d28332e723b3328393e332e3b1c3937333e2e3328282f31253238353b3439283932722f39: 404 Client Error: Not Found for url: https://www.ekobrottsmyndigheten.se/cdn-cgi/l/email-protection#5c2e393b352f282e3d28332e723b3328393e332e3b1c3937333e2e3328282f31253238353b3439283932722f39
07:02:09 [WARNING]   [HTTP error] https://www.ekobrottsmyndigheten.se/cdn-cgi/l/email-protection#0e7c6b69677d7a7c6f7a617c2062676065617e6760694e6b65616c7c617a7a7d6377606a6769666b7a6b60207d6b: 404 Client Error: Not Found for url: https://www.ekobrottsmyndigheten.se/cdn-cgi/l/email-protection#0e7c6b69677d7a7c6f7a617c2062676065617e6760694e6b65616c7c617a7a7d6377606a6769666b7a6b60207d6b
07:02:13 [WARNING]   [HTTP error] https://www.ekobrottsmyndigheten.se/cdn-cgi/l/email-protection#255740424c56515744514a570b484449484a65404e4a47574a515156485c4b414c424d4051404b0b5640: 404 Client Error: Not Found for url: https://www.ekobrottsmyndigheten.se/cdn-cgi/l/email-protection#255740424c56515744514a570b484449484a65404e4a47574a515156485c4b414c424d4051404b0b5640
07:02:18 [WARNING]   [HTTP error] https://www.ekobrottsmyndigheten.se/cdn-cgi/l/email-protection#daa8bfbdb3a9aea8bbaeb5a8f4a9aeb5b9b1b2b5b6b79abfb1b5b8a8b5aeaea9b7a3b4beb3bdb2bfaebfb4f4a9bf: 404 Client Error: Not Found for url: https://www.ekobrottsmyndigheten.se/cdn-cgi/l/email-protection#daa8bfbdb3a9aea8bbaeb5a8f4a9aeb5b9b1b2b5b6b79abfb1b5b8a8b5aeaea9b7a3b4beb3bdb2bfaebfb4f4a9bf
07:02:22 [WARNING]   [HTTP error] https://www.ekobrottsmyndigheten.se/cdn-cgi/l/email-protection#255740424c56515744514a570b5048404465404e4a47574a515156485c4b414c424d4051404b0b5640: 404 Client Error: Not Found for url: https://www.ekobrottsmyndigheten.se/cdn-cgi/l/email-protection#255740424c56515744514a570b5048404465404e4a47574a515156485c4b414c424d4051404b0b5640
07:02:27 [WARNING]   [HTTP error] https://www.ekobrottsmyndigheten.se/cdn-cgi/l/email-protection#295b4c4e405a5d5b485d465b075c59595a484548694c42464b5b465d5d5a4450474d404e414c5d4c47075a4c: 404 Client Error: Not Found for url: https://www.ekobrottsmyndigheten.se/cdn-cgi/l/email-protection#295b4c4e405a5d5b485d465b075c59595a484548694c42464b5b465d5d5a4450474d404e414c5d4c47075a4c
07:02:36 [WARNING]   [HTTP error] https://www.ekobrottsmyndigheten.se/cdn-cgi/l/email-protection#5a322f2c2f3e283f3d33292e283b2e35281a3f31353828352e2e293723343e333d323f2e3f3474293f: 404 Client Error: Not Found for url: https://www.ekobrottsmyndigheten.se/cdn-cgi/l/email-protection#5a322f2c2f3e283f3d33292e283b2e35281a3f31353828352e2e293723343e333d323f2e3f3474293f
07:02:39 [WARNING]   [HTTP error] https://www.ekobrottsmyndigheten.se/cdn-cgi/l/email-protection#2e5c4b49475d5a5c4f5a415c0049415a4b4c415c496e4b45414c5c415a5a5d4357404a4749464b5a4b40005d4b: 404 Client Error: Not Found for url: https://www.ekobrottsmyndigheten.se/cdn-cgi/l/email-protection#2e5c4b49475d5a5c4f5a415c0049415a4b4c415c496e4b45414c5c415a5a5d4357404a4749464b5a4b40005d4b
07:02:42 [WARNING]   [HTTP error] https://www.ekobrottsmyndigheten.se/cdn-cgi/l/email-protection#e09285878993949281948f92ce8c898e8b8f90898e87a0858b8f82928f9494938d998e848987888594858ece9385: 404 Client Error: Not Found for url: https://www.ekobrottsmyndigheten.se/cdn-cgi/l/email-protection#e09285878993949281948f92ce8c898e8b8f90898e87a0858b8f82928f9494938d998e848987888594858ece9385
07:02:46 [WARNING]   [HTTP error] https://www.ekobrottsmyndigheten.se/cdn-cgi/l/email-protection#205245474953545241544f520e4d414c4d4f60454b4f42524f5454534d594e444947484554454e0e5345: 404 Client Error: Not Found for url: https://www.ekobrottsmyndigheten.se/cdn-cgi/l/email-protection#205245474953545241544f520e4d414c4d4f60454b4f42524f5454534d594e444947484554454e0e5345
07:02:50 [WARNING]   [HTTP error] https://www.ekobrottsmyndigheten.se/cdn-cgi/l/email-protection#3a485f5d53494e485b4e554814494e555951525556577a5f51555848554e4e495743545e535d525f4e5f5414495f: 404 Client Error: Not Found for url: https://www.ekobrottsmyndigheten.se/cdn-cgi/l/email-protection#3a485f5d53494e485b4e554814494e555951525556577a5f51555848554e4e495743545e535d525f4e5f5414495f
07:02:54 [WARNING]   [HTTP error] https://www.ekobrottsmyndigheten.se/cdn-cgi/l/email-protection#9eecfbf9f7edeaecffeaf1ecb0ebf3fbffdefbf5f1fcecf1eaeaedf3e7f0faf7f9f6fbeafbf0b0edfb: 404 Client Error: Not Found for url: https://www.ekobrottsmyndigheten.se/cdn-cgi/l/email-protection#9eecfbf9f7edeaecffeaf1ecb0ebf3fbffdefbf5f1fcecf1eaeaedf3e7f0faf7f9f6fbeafbf0b0edfb
07:02:57 [WARNING]   [HTTP error] https://www.ekobrottsmyndigheten.se/cdn-cgi/l/email-protection#423027252b31363023362d306c37323231232e230227292d20302d3636312f3b2c262b252a2736272c6c3127: 404 Client Error: Not Found for url: https://www.ekobrottsmyndigheten.se/cdn-cgi/l/email-protection#423027252b31363023362d306c37323231232e230227292d20302d3636312f3b2c262b252a2736272c6c3127
07:03:01 [WARNING]   [HTTP error] https://www.ekobrottsmyndigheten.se/cdn-cgi/l/email-protection#d7bfa2a1a2b3a5b2b0bea4a3a5b6a3b8a597b2bcb8b5a5b8a3a3a4baaeb9b3beb0bfb2a3b2b9f9a4b2: 404 Client Error: Not Found for url: https://www.ekobrottsmyndigheten.se/cdn-cgi/l/email-protection#d7bfa2a1a2b3a5b2b0bea4a3a5b6a3b8a597b2bcb8b5a5b8a3a3a4baaeb9b3beb0bfb2a3b2b9f9a4b2
07:03:05 [WARNING]   [HTTP error] https://www.ekobrottsmyndigheten.se/cdn-cgi/l/email-protection#dcaeb9bbb5afa8aebda8b3aef2bbb3a8b9beb3aebb9cb9b7b3beaeb3a8a8afb1a5b2b8b5bbb4b9a8b9b2f2afb9: 404 Client Error: Not Found for url: https://www.ekobrottsmyndigheten.se/cdn-cgi/l/email-protection#dcaeb9bbb5afa8aebda8b3aef2bbb3a8b9beb3aebb9cb9b7b3beaeb3a8a8afb1a5b2b8b5bbb4b9a8b9b2f2afb9
07:03:08 [WARNING]   [HTTP error] https://www.ekobrottsmyndigheten.se/cdn-cgi/l/email-protection#ee9c8b89879d9a9c8f9a819cc082878085819e878089ae8b85818c9c819a9a9d8397808a8789868b9a8b80c09d8b: 404 Client Error: Not Found for url: https://www.ekobrottsmyndigheten.se/cdn-cgi/l/email-protection#ee9c8b89879d9a9c8f9a819cc082878085819e878089ae8b85818c9c819a9a9d8397808a8789868b9a8b80c09d8b
07:03:12 [WARNING]   [HTTP error] https://www.ekobrottsmyndigheten.se/cdn-cgi/l/email-protection#c5b7a0a2acb6b1b7a4b1aab7eba8a4a9a8aa85a0aeaaa7b7aab1b1b6a8bcaba1aca2ada0b1a0abebb6a0: 404 Client Error: Not Found for url: https://www.ekobrottsmyndigheten.se/cdn-cgi/l/email-protection#c5b7a0a2acb6b1b7a4b1aab7eba8a4a9a8aa85a0aeaaa7b7aab1b1b6a8bcaba1aca2ada0b1a0abebb6a0
07:03:16 [WARNING]   [HTTP error] https://www.ekobrottsmyndigheten.se/cdn-cgi/l/email-protection#156770727c66616774617a673b66617a767e7d7a797855707e7a77677a616166786c7b717c727d7061707b3b6670: 404 Client Error: Not Found for url: https://www.ekobrottsmyndigheten.se/cdn-cgi/l/email-protection#156770727c66616774617a673b66617a767e7d7a797855707e7a77677a616166786c7b717c727d7061707b3b6670
07:03:20 [WARNING]   [HTTP error] https://www.ekobrottsmyndigheten.se/cdn-cgi/l/email-protection#7b091e1c12080f091a0f1409550e161e1a3b1e10141909140f0f081602151f121c131e0f1e1555081e: 404 Client Error: Not Found for url: https://www.ekobrottsmyndigheten.se/cdn-cgi/l/email-protection#7b091e1c12080f091a0f1409550e161e1a3b1e10141909140f0f081602151f121c131e0f1e1555081e
07:03:24 [WARNING]   [HTTP error] https://www.ekobrottsmyndigheten.se/cdn-cgi/l/email-protection#88faedefe1fbfcfae9fce7faa6fdf8f8fbe9e4e9c8ede3e7eafae7fcfcfbe5f1e6ece1efe0edfcede6a6fbed: 404 Client Error: Not Found for url: https://www.ekobrottsmyndigheten.se/cdn-cgi/l/email-protection#88faedefe1fbfcfae9fce7faa6fdf8f8fbe9e4e9c8ede3e7eafae7fcfcfbe5f1e6ece1efe0edfcede6a6fbed
07:03:32 [WARNING]   [HTTP error] https://www.ekobrottsmyndigheten.se/cdn-cgi/l/email-protection#3058454645544255575943444251445f4270555b5f52425f4444435d495e545957585544555e1e4355: 404 Client Error: Not Found for url: https://www.ekobrottsmyndigheten.se/cdn-cgi/l/email-protection#3058454645544255575943444251445f4270555b5f52425f4444435d495e545957585544555e1e4355
07:03:36 [WARNING]   [HTTP error] https://www.ekobrottsmyndigheten.se/cdn-cgi/l/email-protection#9ae8fffdf3e9eee8fbeef5e8b4fdf5eefff8f5e8fddafff1f5f8e8f5eeeee9f7e3f4fef3fdf2ffeefff4b4e9ff: 404 Client Error: Not Found for url: https://www.ekobrottsmyndigheten.se/cdn-cgi/l/email-protection#9ae8fffdf3e9eee8fbeef5e8b4fdf5eefff8f5e8fddafff1f5f8e8f5eeeee9f7e3f4fef3fdf2ffeefff4b4e9ff
07:03:40 [WARNING]   [HTTP error] https://www.ekobrottsmyndigheten.se/cdn-cgi/l/email-protection#017364666872757360756e732f6d686f6a6e71686f6641646a6e63736e7575726c786f656866696475646f2f7264: 404 Client Error: Not Found for url: https://www.ekobrottsmyndigheten.se/cdn-cgi/l/email-protection#017364666872757360756e732f6d686f6a6e71686f6641646a6e63736e7575726c786f656866696475646f2f7264
07:03:44 [WARNING]   [HTTP error] https://www.ekobrottsmyndigheten.se/cdn-cgi/l/email-protection#0c7e696b657f787e6d78637e22616d6061634c6967636e7e6378787f61756268656b6469786962227f69: 404 Client Error: Not Found for url: https://www.ekobrottsmyndigheten.se/cdn-cgi/l/email-protection#0c7e696b657f787e6d78637e22616d6061634c6967636e7e6378787f61756268656b6469786962227f69
07:03:49 [WARNING]   [HTTP error] https://www.ekobrottsmyndigheten.se/cdn-cgi/l/email-protection#fa889f9d93898e889b8e9588d4898e95999192959697ba9f91959888958e8e899783949e939d929f8e9f94d4899f: 404 Client Error: Not Found for url: https://www.ekobrottsmyndigheten.se/cdn-cgi/l/email-protection#fa889f9d93898e889b8e9588d4898e95999192959697ba9f91959888958e8e899783949e939d929f8e9f94d4899f
07:03:53 [WARNING]   [HTTP error] https://www.ekobrottsmyndigheten.se/cdn-cgi/l/email-protection#c9bbacaea0babdbba8bda6bbe7bcb9b9baa8a5a889aca2a6abbba6bdbdbaa4b0a7ada0aea1acbdaca7e7baac: 404 Client Error: Not Found for url: https://www.ekobrottsmyndigheten.se/cdn-cgi/l/email-protection#c9bbacaea0babdbba8bda6bbe7bcb9b9baa8a5a889aca2a6abbba6bdbdbaa4b0a7ada0aea1acbdaca7e7baac
07:03:57 [WARNING]   [HTTP error] https://www.ekobrottsmyndigheten.se/cdn-cgi/l/email-protection#2d45585b58495f484a445e595f4c59425f6d4846424f5f4259595e40544349444a4548594843035e48: 404 Client Error: Not Found for url: https://www.ekobrottsmyndigheten.se/cdn-cgi/l/email-protection#2d45585b58495f484a445e595f4c59425f6d4846424f5f4259595e40544349444a4548594843035e48
07:04:00 [WARNING]   [HTTP error] https://www.ekobrottsmyndigheten.se/cdn-cgi/l/email-protection#a0d2c5c7c9d3d4d2c1d4cfd28ec7cfd4c5c2cfd2c7e0c5cbcfc2d2cfd4d4d3cdd9cec4c9c7c8c5d4c5ce8ed3c5: 404 Client Error: Not Found for url: https://www.ekobrottsmyndigheten.se/cdn-cgi/l/email-protection#a0d2c5c7c9d3d4d2c1d4cfd28ec7cfd4c5c2cfd2c7e0c5cbcfc2d2cfd4d4d3cdd9cec4c9c7c8c5d4c5ce8ed3c5
07:04:05 [WARNING]   [HTTP error] https://www.ekobrottsmyndigheten.se/cdn-cgi/l/email-protection#790b1c1e100a0d0b180d160b5715101712160910171e391c12161b0b160d0d0a1400171d101e111c0d1c17570a1c: 404 Client Error: Not Found for url: https://www.ekobrottsmyndigheten.se/cdn-cgi/l/email-protection#790b1c1e100a0d0b180d160b5715101712160910171e391c12161b0b160d0d0a1400171d101e111c0d1c17570a1c
07:04:09 [WARNING]   [HTTP error] https://www.ekobrottsmyndigheten.se/cdn-cgi/l/email-protection#9deff8faf4eee9effce9f2efb3f0fcf1f0f2ddf8f6f2ffeff2e9e9eef0e4f3f9f4faf5f8e9f8f3b3eef8: 404 Client Error: Not Found for url: https://www.ekobrottsmyndigheten.se/cdn-cgi/l/email-protection#9deff8faf4eee9effce9f2efb3f0fcf1f0f2ddf8f6f2ffeff2e9e9eef0e4f3f9f4faf5f8e9f8f3b3eef8
07:04:13 [WARNING]   [HTTP error] https://www.ekobrottsmyndigheten.se/cdn-cgi/l/email-protection#a0d2c5c7c9d3d4d2c1d4cfd28ed3d4cfc3cbc8cfcccde0c5cbcfc2d2cfd4d4d3cdd9cec4c9c7c8c5d4c5ce8ed3c5: 404 Client Error: Not Found for url: https://www.ekobrottsmyndigheten.se/cdn-cgi/l/email-protection#a0d2c5c7c9d3d4d2c1d4cfd28ed3d4cfc3cbc8cfcccde0c5cbcfc2d2cfd4d4d3cdd9cec4c9c7c8c5d4c5ce8ed3c5
07:04:18 [WARNING]   [HTTP error] https://www.ekobrottsmyndigheten.se/cdn-cgi/l/email-protection#097b6c6e607a7d7b687d667b277c646c68496c62666b7b667d7d7a6470676d606e616c7d6c67277a6c: 404 Client Error: Not Found for url: https://www.ekobrottsmyndigheten.se/cdn-cgi/l/email-protection#097b6c6e607a7d7b687d667b277c646c68496c62666b7b667d7d7a6470676d606e616c7d6c67277a6c
07:04:22 [WARNING]   [HTTP error] https://www.ekobrottsmyndigheten.se/cdn-cgi/l/email-protection#3f4d5a58564c4b4d5e4b504d114a4f4f4c5e535e7f5a54505d4d504b4b4c5246515b5658575a4b5a51114c5a: 404 Client Error: Not Found for url: https://www.ekobrottsmyndigheten.se/cdn-cgi/l/email-protection#3f4d5a58564c4b4d5e4b504d114a4f4f4c5e535e7f5a54505d4d504b4b4c5246515b5658575a4b5a51114c5a
07:04:25 [WARNING]   [HTTP error] https://www.ekobrottsmyndigheten.se/cdn-cgi/l/email-protection#533b262526372136343a20272132273c211336383c31213c2727203e2a3d373a343b3627363d7d2036: 404 Client Error: Not Found for url: https://www.ekobrottsmyndigheten.se/cdn-cgi/l/email-protection#533b262526372136343a20272132273c211336383c31213c2727203e2a3d373a343b3627363d7d2036
07:04:29 [WARNING]   [HTTP error] https://www.ekobrottsmyndigheten.se/cdn-cgi/l/email-protection#5d2f383a342e292f3c29322f733a3229383f322f3a1d3836323f2f3229292e30243339343a3538293833732e38: 404 Client Error: Not Found for url: https://www.ekobrottsmyndigheten.se/cdn-cgi/l/email-protection#5d2f383a342e292f3c29322f733a3229383f322f3a1d3836323f2f3229292e30243339343a3538293833732e38
07:04:33 [WARNING]   [HTTP error] https://www.ekobrottsmyndigheten.se/cdn-cgi/l/email-protection#0a786f6d63797e786b7e65782466636461657a63646d4a6f61656878657e7e796773646e636d626f7e6f6424796f: 404 Client Error: Not Found for url: https://www.ekobrottsmyndigheten.se/cdn-cgi/l/email-protection#0a786f6d63797e786b7e65782466636461657a63646d4a6f61656878657e7e796773646e636d626f7e6f6424796f
07:04:37 [WARNING]   [HTTP error] https://www.ekobrottsmyndigheten.se/cdn-cgi/l/email-protection#f98b9c9e908a8d8b988d968bd78a8d969a9291969594b99c92969b8b968d8d8a9480979d909e919c8d9c97d78a9c: 404 Client Error: Not Found for url: https://www.ekobrottsmyndigheten.se/cdn-cgi/l/email-protection#f98b9c9e908a8d8b988d968bd78a8d969a9291969594b99c92969b8b968d8d8a9480979d909e919c8d9c97d78a9c
07:04:42 [WARNING]   [HTTP error] https://www.ekobrottsmyndigheten.se/cdn-cgi/l/email-protection#433126242a30373122372c316d362e26220326282c21312c3737302e3a2d272a242b2637262d6d3026: 404 Client Error: Not Found for url: https://www.ekobrottsmyndigheten.se/cdn-cgi/l/email-protection#433126242a30373122372c316d362e26220326282c21312c3737302e3a2d272a242b2637262d6d3026
07:04:46 [WARNING]   [HTTP error] https://www.ekobrottsmyndigheten.se/cdn-cgi/l/email-protection#1a687f7d73696e687b6e7568346f6a6a697b767b5a7f71757868756e6e697763747e737d727f6e7f7434697f: 404 Client Error: Not Found for url: https://www.ekobrottsmyndigheten.se/cdn-cgi/l/email-protection#1a687f7d73696e687b6e7568346f6a6a697b767b5a7f71757868756e6e697763747e737d727f6e7f7434697f
07:04:49 [WARNING]   [HTTP error] https://www.ekobrottsmyndigheten.se/cdn-cgi/l/email-protection#95fde0e3e0f1e7f0f2fce6e1e7f4e1fae7d5f0fefaf7e7fae1e1e6f8ecfbf1fcf2fdf0e1f0fbbbe6f0: 404 Client Error: Not Found for url: https://www.ekobrottsmyndigheten.se/cdn-cgi/l/email-protection#95fde0e3e0f1e7f0f2fce6e1e7f4e1fae7d5f0fefaf7e7fae1e1e6f8ecfbf1fcf2fdf0e1f0fbbbe6f0
07:04:53 [WARNING]   [HTTP error] https://www.ekobrottsmyndigheten.se/cdn-cgi/l/email-protection#641601030d17101605100b164a030b1001060b160324010f0b06160b101017091d0a000d030c0110010a4a1701: 404 Client Error: Not Found for url: https://www.ekobrottsmyndigheten.se/cdn-cgi/l/email-protection#641601030d17101605100b164a030b1001060b160324010f0b06160b101017091d0a000d030c0110010a4a1701
07:04:58 [WARNING]   [HTTP error] https://www.ekobrottsmyndigheten.se/cdn-cgi/l/email-protection#7b091e1c12080f091a0f14095517121510140b12151c3b1e10141909140f0f081602151f121c131e0f1e1555081e: 404 Client Error: Not Found for url: https://www.ekobrottsmyndigheten.se/cdn-cgi/l/email-protection#7b091e1c12080f091a0f14095517121510140b12151c3b1e10141909140f0f081602151f121c131e0f1e1555081e
07:05:02 [WARNING]   [HTTP error] https://www.ekobrottsmyndigheten.se/cdn-cgi/l/email-protection#bfcddad8d6cccbcddecbd0cd91d2ded3d2d0ffdad4d0ddcdd0cbcbccd2c6d1dbd6d8d7dacbdad191ccda: 404 Client Error: Not Found for url: https://www.ekobrottsmyndigheten.se/cdn-cgi/l/email-protection#bfcddad8d6cccbcddecbd0cd91d2ded3d2d0ffdad4d0ddcdd0cbcbccd2c6d1dbd6d8d7dacbdad191ccda
07:05:06 [WARNING]   [HTTP error] https://www.ekobrottsmyndigheten.se/cdn-cgi/l/email-protection#bcced9dbd5cfc8ceddc8d3ce92cfc8d3dfd7d4d3d0d1fcd9d7d3deced3c8c8cfd1c5d2d8d5dbd4d9c8d9d292cfd9: 404 Client Error: Not Found for url: https://www.ekobrottsmyndigheten.se/cdn-cgi/l/email-protection#bcced9dbd5cfc8ceddc8d3ce92cfc8d3dfd7d4d3d0d1fcd9d7d3deced3c8c8cfd1c5d2d8d5dbd4d9c8d9d292cfd9
07:05:10 [WARNING]   [HTTP error] https://www.ekobrottsmyndigheten.se/cdn-cgi/l/email-protection#f38196949a80878192879c81dd869e9692b396989c91819c8787809e8a9d979a949b9687969ddd8096: 404 Client Error: Not Found for url: https://www.ekobrottsmyndigheten.se/cdn-cgi/l/email-protection#f38196949a80878192879c81dd869e9692b396989c91819c8787809e8a9d979a949b9687969ddd8096
07:05:14 [WARNING]   [HTTP error] https://www.ekobrottsmyndigheten.se/cdn-cgi/l/email-protection#4a223f3c3f2e382f2d23393e382b3e25380a2f21252838253e3e392733242e232d222f3e2f2464392f: 404 Client Error: Not Found for url: https://www.ekobrottsmyndigheten.se/cdn-cgi/l/email-protection#4a223f3c3f2e382f2d23393e382b3e25380a2f21252838253e3e392733242e232d222f3e2f2464392f
07:05:18 [WARNING]   [HTTP error] https://www.ekobrottsmyndigheten.se/cdn-cgi/l/email-protection#790b1c1e100a0d0b180d160b571e160d1c1b160b1e391c12161b0b160d0d0a1400171d101e111c0d1c17570a1c: 404 Client Error: Not Found for url: https://www.ekobrottsmyndigheten.se/cdn-cgi/l/email-protection#790b1c1e100a0d0b180d160b571e160d1c1b160b1e391c12161b0b160d0d0a1400171d101e111c0d1c17570a1c
07:05:21 [WARNING]   [HTTP error] https://www.ekobrottsmyndigheten.se/cdn-cgi/l/email-protection#e69483818f95929487928994c88a8f888d89968f8881a6838d898494899292958b9f88828f818e83928388c89583: 404 Client Error: Not Found for url: https://www.ekobrottsmyndigheten.se/cdn-cgi/l/email-protection#e69483818f95929487928994c88a8f888d89968f8881a6838d898494899292958b9f88828f818e83928388c89583
07:05:25 [WARNING]   [HTTP error] https://www.ekobrottsmyndigheten.se/cdn-cgi/l/email-protection#c3b1a6a4aab0b7b1a2b7acb1edaea2afaeac83a6a8aca1b1acb7b7b0aebaada7aaa4aba6b7a6adedb0a6: 404 Client Error: Not Found for url: https://www.ekobrottsmyndigheten.se/cdn-cgi/l/email-protection#c3b1a6a4aab0b7b1a2b7acb1edaea2afaeac83a6a8aca1b1acb7b7b0aebaada7aaa4aba6b7a6adedb0a6
07:05:29 [WARNING]   [HTTP error] https://www.ekobrottsmyndigheten.se/cdn-cgi/l/email-protection#255740424c56515744514a570b56514a464e4d4a494865404e4a47574a515156485c4b414c424d4051404b0b5640: 404 Client Error: Not Found for url: https://www.ekobrottsmyndigheten.se/cdn-cgi/l/email-protection#255740424c56515744514a570b56514a464e4d4a494865404e4a47574a515156485c4b414c424d4051404b0b5640
07:05:32 [WARNING]   [HTTP error] https://www.ekobrottsmyndigheten.se/cdn-cgi/l/email-protection#8af8efede3f9fef8ebfee5f8a4ffe7efebcaefe1e5e8f8e5fefef9e7f3e4eee3ede2effeefe4a4f9ef: 404 Client Error: Not Found for url: https://www.ekobrottsmyndigheten.se/cdn-cgi/l/email-protection#8af8efede3f9fef8ebfee5f8a4ffe7efebcaefe1e5e8f8e5fefef9e7f3e4eee3ede2effeefe4a4f9ef
07:05:35 [WARNING]   [HTTP error] https://www.ekobrottsmyndigheten.se/cdn-cgi/l/email-protection#85f7e0e2ecf6f1f7e4f1eaf7abf0f5f5f6e4e9e4c5e0eeeae7f7eaf1f1f6e8fcebe1ece2ede0f1e0ebabf6e0: 404 Client Error: Not Found for url: https://www.ekobrottsmyndigheten.se/cdn-cgi/l/email-protection#85f7e0e2ecf6f1f7e4f1eaf7abf0f5f5f6e4e9e4c5e0eeeae7f7eaf1f1f6e8fcebe1ece2ede0f1e0ebabf6e0
07:05:40 [WARNING]   [HTTP error] https://www.ekobrottsmyndigheten.se/cdn-cgi/l/email-protection#731b060506170116141a00070112071c013316181c11011c0707001e0a1d171a141b1607161d5d0016: 404 Client Error: Not Found for url: https://www.ekobrottsmyndigheten.se/cdn-cgi/l/email-protection#731b060506170116141a00070112071c013316181c11011c0707001e0a1d171a141b1607161d5d0016
07:05:44 [WARNING]   [HTTP error] https://www.ekobrottsmyndigheten.se/cdn-cgi/l/email-protection#314354565842454350455e431f565e4554535e435671545a5e53435e4545425c485f555856595445545f1f4254: 404 Client Error: Not Found for url: https://www.ekobrottsmyndigheten.se/cdn-cgi/l/email-protection#314354565842454350455e431f565e4554535e435671545a5e53435e4545425c485f555856595445545f1f4254
07:05:49 [WARNING]   [HTTP error] https://www.ekobrottsmyndigheten.se/cdn-cgi/l/email-protection#c8baadafa1bbbcbaa9bca7bae6a4a1a6a3a7b8a1a6af88ada3a7aabaa7bcbcbba5b1a6aca1afa0adbcada6e6bbad: 404 Client Error: Not Found for url: https://www.ekobrottsmyndigheten.se/cdn-cgi/l/email-protection#c8baadafa1bbbcbaa9bca7bae6a4a1a6a3a7b8a1a6af88ada3a7aabaa7bcbcbba5b1a6aca1afa0adbcada6e6bbad
07:05:53 [WARNING]   [HTTP error] https://www.ekobrottsmyndigheten.se/cdn-cgi/l/email-protection#265443414f55525447524954084b474a4b4966434d494454495252554b5f48424f414e43524348085543: 404 Client Error: Not Found for url: https://www.ekobrottsmyndigheten.se/cdn-cgi/l/email-protection#265443414f55525447524954084b474a4b4966434d494454495252554b5f48424f414e43524348085543
07:05:58 [WARNING]   [HTTP error] https://www.ekobrottsmyndigheten.se/cdn-cgi/l/email-protection#92e0f7f5fbe1e6e0f3e6fde0bce1e6fdf1f9fafdfeffd2f7f9fdf0e0fde6e6e1ffebfcf6fbf5faf7e6f7fcbce1f7: 404 Client Error: Not Found for url: https://www.ekobrottsmyndigheten.se/cdn-cgi/l/email-protection#92e0f7f5fbe1e6e0f3e6fde0bce1e6fdf1f9fafdfeffd2f7f9fdf0e0fde6e6e1ffebfcf6fbf5faf7e6f7fcbce1f7
07:06:01 [WARNING]   [HTTP error] https://www.ekobrottsmyndigheten.se/cdn-cgi/l/email-protection#88faedefe1fbfcfae9fce7faa6fde5ede9c8ede3e7eafae7fcfcfbe5f1e6ece1efe0edfcede6a6fbed: 404 Client Error: Not Found for url: https://www.ekobrottsmyndigheten.se/cdn-cgi/l/email-protection#88faedefe1fbfcfae9fce7faa6fde5ede9c8ede3e7eafae7fcfcfbe5f1e6ece1efe0edfcede6a6fbed
07:06:06 [WARNING]   [HTTP error] https://www.ekobrottsmyndigheten.se/cdn-cgi/l/email-protection#4b392e2c22383f392a3f2439653e3b3b382a272a0b2e20242939243f3f382632252f222c232e3f2e2565382e: 404 Client Error: Not Found for url: https://www.ekobrottsmyndigheten.se/cdn-cgi/l/email-protection#4b392e2c22383f392a3f2439653e3b3b382a272a0b2e20242939243f3f382632252f222c232e3f2e2565382e
07:06:11 [WARNING]   [HTTP error] https://www.ekobrottsmyndigheten.se/cdn-cgi/l/email-protection#8fe7faf9faebfdeae8e6fcfbfdeefbe0fdcfeae4e0edfde0fbfbfce2f6e1ebe6e8e7eafbeae1a1fcea: 404 Client Error: Not Found for url: https://www.ekobrottsmyndigheten.se/cdn-cgi/l/email-protection#8fe7faf9faebfdeae8e6fcfbfdeefbe0fdcfeae4e0edfde0fbfbfce2f6e1ebe6e8e7eafbeae1a1fcea
07:06:15 [WARNING]   [HTTP error] https://www.ekobrottsmyndigheten.se/cdn-cgi/l/email-protection#077562606e74737566736875296b6e696c68776e696047626c686575687373746a7e69636e606f62736269297462: 404 Client Error: Not Found for url: https://www.ekobrottsmyndigheten.se/cdn-cgi/l/email-protection#077562606e74737566736875296b6e696c68776e696047626c686575687373746a7e69636e606f62736269297462
07:06:19 [WARNING]   [HTTP error] https://www.ekobrottsmyndigheten.se/cdn-cgi/l/email-protection#a6d4c3c1cfd5d2d4c7d2c9d488cbc7cacbc9e6c3cdc9c4d4c9d2d2d5cbdfc8c2cfc1cec3d2c3c888d5c3: 404 Client Error: Not Found for url: https://www.ekobrottsmyndigheten.se/cdn-cgi/l/email-protection#a6d4c3c1cfd5d2d4c7d2c9d488cbc7cacbc9e6c3cdc9c4d4c9d2d2d5cbdfc8c2cfc1cec3d2c3c888d5c3
07:06:23 [WARNING]   [HTTP error] https://www.ekobrottsmyndigheten.se/cdn-cgi/l/email-protection#ec9e898b859f989e8d98839ec29f98838f8784838081ac8987838e9e8398989f81958288858b8489988982c29f89: 404 Client Error: Not Found for url: https://www.ekobrottsmyndigheten.se/cdn-cgi/l/email-protection#ec9e898b859f989e8d98839ec29f98838f8784838081ac8987838e9e8398989f81958288858b8489988982c29f89
07:06:27 [WARNING]   [HTTP error] https://www.ekobrottsmyndigheten.se/cdn-cgi/l/email-protection#b8cadddfd1cbcccad9ccd7ca96cdd5ddd9f8ddd3d7dacad7cccccbd5c1d6dcd1dfd0ddccddd696cbdd: 404 Client Error: Not Found for url: https://www.ekobrottsmyndigheten.se/cdn-cgi/l/email-protection#b8cadddfd1cbcccad9ccd7ca96cdd5ddd9f8ddd3d7dacad7cccccbd5c1d6dcd1dfd0ddccddd696cbdd
07:06:31 [WARNING]   [HTTP error] https://www.ekobrottsmyndigheten.se/cdn-cgi/l/email-protection#3d4f585a544e494f5c49524f13484d4d4e5c515c7d5856525f4f5249494e50445359545a5558495853134e58: 404 Client Error: Not Found for url: https://www.ekobrottsmyndigheten.se/cdn-cgi/l/email-protection#3d4f585a544e494f5c49524f13484d4d4e5c515c7d5856525f4f5249494e50445359545a5558495853134e58
07:06:38 [WARNING]   [HTTP error] https://www.ekobrottsmyndigheten.se/cdn-cgi/l/email-protection#8ae2fffcffeef8efede3f9fef8ebfee5f8caefe1e5e8f8e5fefef9e7f3e4eee3ede2effeefe4a4f9ef: 404 Client Error: Not Found for url: https://www.ekobrottsmyndigheten.se/cdn-cgi/l/email-protection#8ae2fffcffeef8efede3f9fef8ebfee5f8caefe1e5e8f8e5fefef9e7f3e4eee3ede2effeefe4a4f9ef
07:06:41 [WARNING]   [HTTP error] https://www.ekobrottsmyndigheten.se/cdn-cgi/l/email-protection#f68493919f85828497829984d89199829394998491b6939d999484998282859b8f98929f919e93829398d88593: 404 Client Error: Not Found for url: https://www.ekobrottsmyndigheten.se/cdn-cgi/l/email-protection#f68493919f85828497829984d89199829394998491b6939d999484998282859b8f98929f919e93829398d88593
07:06:45 [WARNING]   [HTTP error] https://www.ekobrottsmyndigheten.se/cdn-cgi/l/email-protection#f78592909e84838596839885d99b9e999c98879e9990b7929c989585988383849a8e99939e909f92839299d98492: 404 Client Error: Not Found for url: https://www.ekobrottsmyndigheten.se/cdn-cgi/l/email-protection#f78592909e84838596839885d99b9e999c98879e9990b7929c989585988383849a8e99939e909f92839299d98492
07:06:48 [WARNING]   [HTTP error] https://www.ekobrottsmyndigheten.se/cdn-cgi/l/email-protection#b5c7d0d2dcc6c1c7d4c1dac79bd8d4d9d8daf5d0dedad7c7dac1c1c6d8ccdbd1dcd2ddd0c1d0db9bc6d0: 404 Client Error: Not Found for url: https://www.ekobrottsmyndigheten.se/cdn-cgi/l/email-protection#b5c7d0d2dcc6c1c7d4c1dac79bd8d4d9d8daf5d0dedad7c7dac1c1c6d8ccdbd1dcd2ddd0c1d0db9bc6d0
07:06:53 [WARNING]   [HTTP error] https://www.ekobrottsmyndigheten.se/cdn-cgi/l/email-protection#bfcddad8d6cccbcddecbd0cd91cccbd0dcd4d7d0d3d2ffdad4d0ddcdd0cbcbccd2c6d1dbd6d8d7dacbdad191ccda: 404 Client Error: Not Found for url: https://www.ekobrottsmyndigheten.se/cdn-cgi/l/email-protection#bfcddad8d6cccbcddecbd0cd91cccbd0dcd4d7d0d3d2ffdad4d0ddcdd0cbcbccd2c6d1dbd6d8d7dacbdad191ccda
07:06:58 [WARNING]   [HTTP error] https://www.ekobrottsmyndigheten.se/cdn-cgi/l/email-protection#9deff8faf4eee9effce9f2efb3e8f0f8fcddf8f6f2ffeff2e9e9eef0e4f3f9f4faf5f8e9f8f3b3eef8: 404 Client Error: Not Found for url: https://www.ekobrottsmyndigheten.se/cdn-cgi/l/email-protection#9deff8faf4eee9effce9f2efb3e8f0f8fcddf8f6f2ffeff2e9e9eef0e4f3f9f4faf5f8e9f8f3b3eef8
07:07:01 [WARNING]   [HTTP error] https://www.ekobrottsmyndigheten.se/cdn-cgi/l/email-protection#047661636d77707665706b762a7174747765686544616f6b66766b707077697d6a606d636c6170616a2a7761: 404 Client Error: Not Found for url: https://www.ekobrottsmyndigheten.se/cdn-cgi/l/email-protection#047661636d77707665706b762a7174747765686544616f6b66766b707077697d6a606d636c6170616a2a7761
07:07:06 [WARNING]   [HTTP error] https://www.ekobrottsmyndigheten.se/cdn-cgi/l/email-protection#7f170a090a1b0d1a18160c0b0d1e0b100d3f1a14101d0d100b0b0c1206111b1618171a0b1a11510c1a: 404 Client Error: Not Found for url: https://www.ekobrottsmyndigheten.se/cdn-cgi/l/email-protection#7f170a090a1b0d1a18160c0b0d1e0b100d3f1a14101d0d100b0b0c1206111b1618171a0b1a11510c1a
07:07:11 [WARNING]   [HTTP error] https://www.ekobrottsmyndigheten.se/cdn-cgi/l/email-protection#1d55686b687976727369726f7869334f787e786d6974727378735d7876727f6f7269696e70647379747a7578697873336e78: 404 Client Error: Not Found for url: https://www.ekobrottsmyndigheten.se/cdn-cgi/l/email-protection#1d55686b687976727369726f7869334f787e786d6974727378735d7876727f6f7269696e70647379747a7578697873336e78
07:07:14 [WARNING]   [HTTP error] https://www.ekobrottsmyndigheten.se/cdn-cgi/l/email-protection#3a524f4c4f5e485f5d53494e485b4e55487a5f51555848554e4e495743545e535d525f4e5f5414495f: 404 Client Error: Not Found for url: https://www.ekobrottsmyndigheten.se/cdn-cgi/l/email-protection#3a524f4c4f5e485f5d53494e485b4e55487a5f51555848554e4e495743545e535d525f4e5f5414495f
07:07:19 [WARNING]   [HTTP error] https://www.ekobrottsmyndigheten.se/cdn-cgi/l/email-protection#264e535053425443414f5552544752495466434d494454495252554b5f48424f414e43524348085543: 404 Client Error: Not Found for url: https://www.ekobrottsmyndigheten.se/cdn-cgi/l/email-protection#264e535053425443414f5552544752495466434d494454495252554b5f48424f414e43524348085543
07:07:23 [WARNING]   [HTTP error] https://www.ekobrottsmyndigheten.se/cdn-cgi/l/email-protection#5e162b282b3a3531302a312c3b2a700c3b3d3b2e2a3731303b301e3b35313c2c312a2a2d3327303a3739363b2a3b30702d3b: 404 Client Error: Not Found for url: https://www.ekobrottsmyndigheten.se/cdn-cgi/l/email-protection#5e162b282b3a3531302a312c3b2a700c3b3d3b2e2a3731303b301e3b35313c2c312a2a2d3327303a3739363b2a3b30702d3b
07:07:28 [WARNING]   [HTTP error] https://www.ekobrottsmyndigheten.se/cdn-cgi/l/email-protection#bbd3cecdcedfc9dedcd2c8cfc9dacfd4c9fbded0d4d9c9d4cfcfc8d6c2d5dfd2dcd3decfded595c8de: 404 Client Error: Not Found for url: https://www.ekobrottsmyndigheten.se/cdn-cgi/l/email-protection#bbd3cecdcedfc9dedcd2c8cfc9dacfd4c9fbded0d4d9c9d4cfcfc8d6c2d5dfd2dcd3decfded595c8de
07:07:31 [WARNING]   [HTTP error] https://www.ekobrottsmyndigheten.se/cdn-cgi/l/email-protection#d0a2b5b7b9a3a4a2b1a4bfa2feb7bfa4b5b2bfa2b790b5bbbfb2a2bfa4a4a3bda9beb4b9b7b8b5a4b5befea3b5: 404 Client Error: Not Found for url: https://www.ekobrottsmyndigheten.se/cdn-cgi/l/email-protection#d0a2b5b7b9a3a4a2b1a4bfa2feb7bfa4b5b2bfa2b790b5bbbfb2a2bfa4a4a3bda9beb4b9b7b8b5a4b5befea3b5
07:07:36 [WARNING]   [HTTP error] https://www.ekobrottsmyndigheten.se/cdn-cgi/l/email-protection#304255575943444251445f421e5c595e5b5f40595e5770555b5f52425f4444435d495e545957585544555e1e4355: 404 Client Error: Not Found for url: https://www.ekobrottsmyndigheten.se/cdn-cgi/l/email-protection#304255575943444251445f421e5c595e5b5f40595e5770555b5f52425f4444435d495e545957585544555e1e4355
07:07:39 [WARNING]   [HTTP error] https://www.ekobrottsmyndigheten.se/cdn-cgi/l/email-protection#5e2c3b39372d2a2c3f2a312c70333f3233311e3b35313c2c312a2a2d3327303a3739363b2a3b30702d3b: 404 Client Error: Not Found for url: https://www.ekobrottsmyndigheten.se/cdn-cgi/l/email-protection#5e2c3b39372d2a2c3f2a312c70333f3233311e3b35313c2c312a2a2d3327303a3739363b2a3b30702d3b
07:07:42 [WARNING]   [HTTP error] https://www.ekobrottsmyndigheten.se/cdn-cgi/l/email-protection#a2d0c7c5cbd1d6d0c3d6cdd08cd1d6cdc1c9cacdcecfe2c7c9cdc0d0cdd6d6d1cfdbccc6cbc5cac7d6c7cc8cd1c7: 404 Client Error: Not Found for url: https://www.ekobrottsmyndigheten.se/cdn-cgi/l/email-protection#a2d0c7c5cbd1d6d0c3d6cdd08cd1d6cdc1c9cacdcecfe2c7c9cdc0d0cdd6d6d1cfdbccc6cbc5cac7d6c7cc8cd1c7
07:07:47 [WARNING]   [HTTP error] https://www.ekobrottsmyndigheten.se/cdn-cgi/l/email-protection#5e2c3b39372d2a2c3f2a312c702b333b3f1e3b35313c2c312a2a2d3327303a3739363b2a3b30702d3b: 404 Client Error: Not Found for url: https://www.ekobrottsmyndigheten.se/cdn-cgi/l/email-protection#5e2c3b39372d2a2c3f2a312c702b333b3f1e3b35313c2c312a2a2d3327303a3739363b2a3b30702d3b
07:07:52 [WARNING]   [HTTP error] https://www.ekobrottsmyndigheten.se/cdn-cgi/l/email-protection#99ebfcfef0eaedebf8edf6ebb7ece9e9eaf8f5f8d9fcf2f6fbebf6ededeaf4e0f7fdf0fef1fcedfcf7b7eafc: 404 Client Error: Not Found for url: https://www.ekobrottsmyndigheten.se/cdn-cgi/l/email-protection#99ebfcfef0eaedebf8edf6ebb7ece9e9eaf8f5f8d9fcf2f6fbebf6ededeaf4e0f7fdf0fef1fcedfcf7b7eafc
07:07:55 [WARNING]   [HTTP error] https://www.ekobrottsmyndigheten.se/cdn-cgi/l/email-protection#2e7c4b49475d5a5c4f5a415c0049415a4b4c415c496e4b45414c5c415a5a5d4357404a4749464b5a4b40005d4b: 404 Client Error: Not Found for url: https://www.ekobrottsmyndigheten.se/cdn-cgi/l/email-protection#2e7c4b49475d5a5c4f5a415c0049415a4b4c415c496e4b45414c5c415a5a5d4357404a4749464b5a4b40005d4b
07:07:59 [WARNING]   [HTTP error] https://www.ekobrottsmyndigheten.se/cdn-cgi/l/email-protection#afe7dad9dacbc4c0c1dbc0ddcadb81fdcacccadfdbc6c0c1cac1efcac4c0cdddc0dbdbdcc2d6c1cbc6c8c7cadbcac181dcca: 404 Client Error: Not Found for url: https://www.ekobrottsmyndigheten.se/cdn-cgi/l/email-protection#afe7dad9dacbc4c0c1dbc0ddcadb81fdcacccadfdbc6c0c1cac1efcac4c0cdddc0dbdbdcc2d6c1cbc6c8c7cadbcac181dcca
07:08:03 [WARNING]   [HTTP error] https://www.ekobrottsmyndigheten.se/cdn-cgi/l/email-protection#9cf4e9eae9f8eef9fbf5efe8eefde8f3eedcf9f7f3feeef3e8e8eff1e5f2f8f5fbf4f9e8f9f2b2eff9: 404 Client Error: Not Found for url: https://www.ekobrottsmyndigheten.se/cdn-cgi/l/email-protection#9cf4e9eae9f8eef9fbf5efe8eefde8f3eedcf9f7f3feeef3e8e8eff1e5f2f8f5fbf4f9e8f9f2b2eff9
07:08:08 [WARNING]   [HTTP error] https://www.ekobrottsmyndigheten.se/cdn-cgi/l/email-protection#f98b9c9e908a8d8b988d968bd79e968d9c9b968b9eb99c92969b8b968d8d8a9480979d909e919c8d9c97d78a9c: 404 Client Error: Not Found for url: https://www.ekobrottsmyndigheten.se/cdn-cgi/l/email-protection#f98b9c9e908a8d8b988d968bd79e968d9c9b968b9eb99c92969b8b968d8d8a9480979d909e919c8d9c97d78a9c
07:08:12 [WARNING]   [HTTP error] https://www.ekobrottsmyndigheten.se/cdn-cgi/l/email-protection#364453515f45424457425944185a5f585d59465f585176535d595444594242455b4f58525f515e53425358184553: 404 Client Error: Not Found for url: https://www.ekobrottsmyndigheten.se/cdn-cgi/l/email-protection#364453515f45424457425944185a5f585d59465f585176535d595444594242455b4f58525f515e53425358184553
07:08:16 [WARNING]   [HTTP error] https://www.ekobrottsmyndigheten.se/cdn-cgi/l/email-protection#641601030d17101605100b164a090508090b24010f0b06160b101017091d0a000d030c0110010a4a1701: 404 Client Error: Not Found for url: https://www.ekobrottsmyndigheten.se/cdn-cgi/l/email-protection#641601030d17101605100b164a090508090b24010f0b06160b101017091d0a000d030c0110010a4a1701
07:08:20 [WARNING]   [HTTP error] https://www.ekobrottsmyndigheten.se/cdn-cgi/l/email-protection#b1c3d4d6d8c2c5c3d0c5dec39fc2c5ded2dad9dedddcf1d4daded3c3dec5c5c2dcc8dfd5d8d6d9d4c5d4df9fc2d4: 404 Client Error: Not Found for url: https://www.ekobrottsmyndigheten.se/cdn-cgi/l/email-protection#b1c3d4d6d8c2c5c3d0c5dec39fc2c5ded2dad9dedddcf1d4daded3c3dec5c5c2dcc8dfd5d8d6d9d4c5d4df9fc2d4
07:08:24 [WARNING]   [HTTP error] https://www.ekobrottsmyndigheten.se/cdn-cgi/l/email-protection#c2b0a7a5abb1b6b0a3b6adb0ecb7afa7a382a7a9ada0b0adb6b6b1afbbaca6aba5aaa7b6a7acecb1a7: 404 Client Error: Not Found for url: https://www.ekobrottsmyndigheten.se/cdn-cgi/l/email-protection#c2b0a7a5abb1b6b0a3b6adb0ecb7afa7a382a7a9ada0b0adb6b6b1afbbaca6aba5aaa7b6a7acecb1a7
07:08:28 [WARNING]   [HTTP error] https://www.ekobrottsmyndigheten.se/cdn-cgi/l/email-protection#8efcebe9e7fdfafceffae1fca0fbfefefdefe2efceebe5e1ecfce1fafafde3f7e0eae7e9e6ebfaebe0a0fdeb: 404 Client Error: Not Found for url: https://www.ekobrottsmyndigheten.se/cdn-cgi/l/email-protection#8efcebe9e7fdfafceffae1fca0fbfefefdefe2efceebe5e1ecfce1fafafde3f7e0eae7e9e6ebfaebe0a0fdeb
07:08:32 [WARNING]   [HTTP error] https://www.ekobrottsmyndigheten.se/cdn-cgi/l/email-protection#f5a790929c86818794819a87db999c9b9e9a859c9b92b5909e9a97879a818186988c9b919c929d9081909bdb8690: 404 Client Error: Not Found for url: https://www.ekobrottsmyndigheten.se/cdn-cgi/l/email-protection#f5a790929c86818794819a87db999c9b9e9a859c9b92b5909e9a97879a818186988c9b919c929d9081909bdb8690
07:08:35 [WARNING]   [HTTP error] https://www.ekobrottsmyndigheten.se/cdn-cgi/l/email-protection#d8b0adaeadbcaabdbfb1abacaab9acb7aa98bdb3b7baaab7acacabb5a1b6bcb1bfb0bdacbdb6f6abbd: 404 Client Error: Not Found for url: https://www.ekobrottsmyndigheten.se/cdn-cgi/l/email-protection#d8b0adaeadbcaabdbfb1abacaab9acb7aa98bdb3b7baaab7acacabb5a1b6bcb1bfb0bdacbdb6f6abbd
07:08:40 [WARNING]   [HTTP error] https://www.ekobrottsmyndigheten.se/cdn-cgi/l/email-protection#462e333033223423212f3532342732293406232d292434293232352b3f28222f212e23322328683523: 404 Client Error: Not Found for url: https://www.ekobrottsmyndigheten.se/cdn-cgi/l/email-protection#462e333033223423212f3532342732293406232d292434293232352b3f28222f212e23322328683523
07:08:43 [WARNING]   [HTTP error] https://www.ekobrottsmyndigheten.se/cdn-cgi/l/email-protection#b3c1d6d4dac0c7c1d2c7dcc19dd4dcc7d6d1dcc1d4f3d6d8dcd1c1dcc7c7c0decaddd7dad4dbd6c7d6dd9dc0d6: 404 Client Error: Not Found for url: https://www.ekobrottsmyndigheten.se/cdn-cgi/l/email-protection#b3c1d6d4dac0c7c1d2c7dcc19dd4dcc7d6d1dcc1d4f3d6d8dcd1c1dcc7c7c0decaddd7dad4dbd6c7d6dd9dc0d6
07:08:47 [WARNING]   [HTTP error] https://www.ekobrottsmyndigheten.se/cdn-cgi/l/email-protection#512334363822252330253e237f3d383f3a3e21383f3611343a3e33233e2525223c283f353836393425343f7f2234: 404 Client Error: Not Found for url: https://www.ekobrottsmyndigheten.se/cdn-cgi/l/email-protection#512334363822252330253e237f3d383f3a3e21383f3611343a3e33233e2525223c283f353836393425343f7f2234
07:08:51 [WARNING]   [HTTP error] https://www.ekobrottsmyndigheten.se/cdn-cgi/l/email-protection#7f0d1a18160c0b0d1e0b100d51121e1312103f1a14101d0d100b0b0c1206111b1618171a0b1a11510c1a: 404 Client Error: Not Found for url: https://www.ekobrottsmyndigheten.se/cdn-cgi/l/email-protection#7f0d1a18160c0b0d1e0b100d51121e1312103f1a14101d0d100b0b0c1206111b1618171a0b1a11510c1a
07:08:55 [WARNING]   [HTTP error] https://www.ekobrottsmyndigheten.se/cdn-cgi/l/email-protection#4a382f2d23393e382b3e253864393e252921222526270a2f21252838253e3e392733242e232d222f3e2f2464392f: 404 Client Error: Not Found for url: https://www.ekobrottsmyndigheten.se/cdn-cgi/l/email-protection#4a382f2d23393e382b3e253864393e252921222526270a2f21252838253e3e392733242e232d222f3e2f2464392f
07:08:59 [WARNING]   [HTTP error] https://www.ekobrottsmyndigheten.se/cdn-cgi/l/email-protection#80f2e5e7e9f3f4f2e1f4eff2aef5f0f0f3e1ece1c0e5ebefe2f2eff4f4f3edf9eee4e9e7e8e5f4e5eeaef3e5: 404 Client Error: Not Found for url: https://www.ekobrottsmyndigheten.se/cdn-cgi/l/email-protection#80f2e5e7e9f3f4f2e1f4eff2aef5f0f0f3e1ece1c0e5ebefe2f2eff4f4f3edf9eee4e9e7e8e5f4e5eeaef3e5
07:09:02 [WARNING]   [HTTP error] https://www.ekobrottsmyndigheten.se/cdn-cgi/l/email-protection#d785b2b0bea4a3a5b6a3b8a5f9bab6bbbab897b2bcb8b5a5b8a3a3a4baaeb9b3beb0bfb2a3b2b9f9a4b2: 404 Client Error: Not Found for url: https://www.ekobrottsmyndigheten.se/cdn-cgi/l/email-protection#d785b2b0bea4a3a5b6a3b8a5f9bab6bbbab897b2bcb8b5a5b8a3a3a4baaeb9b3beb0bfb2a3b2b9f9a4b2
07:09:06 [WARNING]   [HTTP error] https://www.ekobrottsmyndigheten.se/cdn-cgi/l/email-protection#d3bba6a5a6b7a1b6b4baa0a7a1b2a7bca193b6b8bcb1a1bca7a7a0beaabdb7bab4bbb6a7b6bdfda0b6: 404 Client Error: Not Found for url: https://www.ekobrottsmyndigheten.se/cdn-cgi/l/email-protection#d3bba6a5a6b7a1b6b4baa0a7a1b2a7bca193b6b8bcb1a1bca7a7a0beaabdb7bab4bbb6a7b6bdfda0b6
07:09:10 [WARNING]   [HTTP error] https://www.ekobrottsmyndigheten.se/cdn-cgi/l/email-protection#82caf7f4f7e6e9edecf6edf0e7f6acd0e7e1e7f2f6ebedece7ecc2e7e9ede0f0edf6f6f1effbece6ebe5eae7f6e7ecacf1e7: 404 Client Error: Not Found for url: https://www.ekobrottsmyndigheten.se/cdn-cgi/l/email-protection#82caf7f4f7e6e9edecf6edf0e7f6acd0e7e1e7f2f6ebedece7ecc2e7e9ede0f0edf6f6f1effbece6ebe5eae7f6e7ecacf1e7
07:09:15 [WARNING]   [HTTP error] https://www.ekobrottsmyndigheten.se/cdn-cgi/l/email-protection#563e232023322433313f2522243722392416333d393424392222253b2f38323f313e33223338782533: 404 Client Error: Not Found for url: https://www.ekobrottsmyndigheten.se/cdn-cgi/l/email-protection#563e232023322433313f2522243722392416333d393424392222253b2f38323f313e33223338782533
07:09:20 [WARNING]   [HTTP error] https://www.ekobrottsmyndigheten.se/cdn-cgi/l/email-protection#bbc9dedcd2c8cfc9dacfd4c995dcd4cfded9d4c9dcfbded0d4d9c9d4cfcfc8d6c2d5dfd2dcd3decfded595c8de: 404 Client Error: Not Found for url: https://www.ekobrottsmyndigheten.se/cdn-cgi/l/email-protection#bbc9dedcd2c8cfc9dacfd4c995dcd4cfded9d4c9dcfbded0d4d9c9d4cfcfc8d6c2d5dfd2dcd3decfded595c8de
07:09:24 [WARNING]   [HTTP error] https://www.ekobrottsmyndigheten.se/cdn-cgi/l/email-protection#ccbea9aba5bfb8beadb8a3bee2a0a5a2a7a3bca5a2ab8ca9a7a3aebea3b8b8bfa1b5a2a8a5aba4a9b8a9a2e2bfa9: 404 Client Error: Not Found for url: https://www.ekobrottsmyndigheten.se/cdn-cgi/l/email-protection#ccbea9aba5bfb8beadb8a3bee2a0a5a2a7a3bca5a2ab8ca9a7a3aebea3b8b8bfa1b5a2a8a5aba4a9b8a9a2e2bfa9
07:09:28 [WARNING]   [HTTP error] https://www.ekobrottsmyndigheten.se/cdn-cgi/l/email-protection#601205070913141201140f124e0d010c0d0f20050b0f02120f1414130d190e040907080514050e4e1305: 404 Client Error: Not Found for url: https://www.ekobrottsmyndigheten.se/cdn-cgi/l/email-protection#601205070913141201140f124e0d010c0d0f20050b0f02120f1414130d190e040907080514050e4e1305
07:09:33 [WARNING]   [HTTP error] https://www.ekobrottsmyndigheten.se/cdn-cgi/l/email-protection#8af8efede3f9fef8ebfee5f8a4f9fee5e9e1e2e5e6e7caefe1e5e8f8e5fefef9e7f3e4eee3ede2effeefe4a4f9ef: 404 Client Error: Not Found for url: https://www.ekobrottsmyndigheten.se/cdn-cgi/l/email-protection#8af8efede3f9fef8ebfee5f8a4f9fee5e9e1e2e5e6e7caefe1e5e8f8e5fefef9e7f3e4eee3ede2effeefe4a4f9ef
07:09:37 [WARNING]   [HTTP error] https://www.ekobrottsmyndigheten.se/cdn-cgi/l/email-protection#2e5c4b49475d5a5c4f5a415c005b434b4f6e4b45414c5c415a5a5d4357404a4749464b5a4b40005d4b: 404 Client Error: Not Found for url: https://www.ekobrottsmyndigheten.se/cdn-cgi/l/email-protection#2e5c4b49475d5a5c4f5a415c005b434b4f6e4b45414c5c415a5a5d4357404a4749464b5a4b40005d4b
07:09:41 [WARNING]   [HTTP error] https://www.ekobrottsmyndigheten.se/cdn-cgi/l/email-protection#9eecfbf9f7edeaecffeaf1ecb0ebeeeeedfff2ffdefbf5f1fcecf1eaeaedf3e7f0faf7f9f6fbeafbf0b0edfb: 404 Client Error: Not Found for url: https://www.ekobrottsmyndigheten.se/cdn-cgi/l/email-protection#9eecfbf9f7edeaecffeaf1ecb0ebeeeeedfff2ffdefbf5f1fcecf1eaeaedf3e7f0faf7f9f6fbeafbf0b0edfb
07:09:45 [WARNING]   [HTTP error] https://www.ekobrottsmyndigheten.se/cdn-cgi/l/email-protection#762413111f0502041702190458050219151d1e191a1b36131d191404190202051b0f18121f111e13021318580513: 404 Client Error: Not Found for url: https://www.ekobrottsmyndigheten.se/cdn-cgi/l/email-protection#762413111f0502041702190458050219151d1e191a1b36131d191404190202051b0f18121f111e13021318580513
07:09:48 [WARNING]   [HTTP error] https://www.ekobrottsmyndigheten.se/cdn-cgi/l/email-protection#640c111211001601030d17101605100b1624010f0b06160b101017091d0a000d030c0110010a4a1701: 404 Client Error: Not Found for url: https://www.ekobrottsmyndigheten.se/cdn-cgi/l/email-protection#640c111211001601030d17101605100b1624010f0b06160b101017091d0a000d030c0110010a4a1701
07:09:51 [WARNING]   [HTTP error] https://www.ekobrottsmyndigheten.se/cdn-cgi/l/email-protection#145c616261707f7b7a607b6671603a4671777164607d7b7a717a54717f7b76667b606067796d7a707d737c7160717a3a6771: 404 Client Error: Not Found for url: https://www.ekobrottsmyndigheten.se/cdn-cgi/l/email-protection#145c616261707f7b7a607b6671603a4671777164607d7b7a717a54717f7b76667b606067796d7a707d737c7160717a3a6771
07:09:56 [WARNING]   [HTTP error] https://www.ekobrottsmyndigheten.se/cdn-cgi/l/email-protection#4d25383b38293f282a243e393f2c39223f0d2826222f3f2239393e20342329242a2528392823633e28: 404 Client Error: Not Found for url: https://www.ekobrottsmyndigheten.se/cdn-cgi/l/email-protection#4d25383b38293f282a243e393f2c39223f0d2826222f3f2239393e20342329242a2528392823633e28
07:10:00 [WARNING]   [HTTP error] https://www.ekobrottsmyndigheten.se/cdn-cgi/l/email-protection#522037353b21262033263d207c353d2637303d20351237393d30203d2626213f2b3c363b353a3726373c7c2137: 404 Client Error: Not Found for url: https://www.ekobrottsmyndigheten.se/cdn-cgi/l/email-protection#522037353b21262033263d207c353d2637303d20351237393d30203d2626213f2b3c363b353a3726373c7c2137
07:10:05 [WARNING]   [HTTP error] https://www.ekobrottsmyndigheten.se/cdn-cgi/l/email-protection#394b5c5e504a4d4b584d564b1755505752564950575e795c52565b4b564d4d4a5440575d505e515c4d5c57174a5c: 404 Client Error: Not Found for url: https://www.ekobrottsmyndigheten.se/cdn-cgi/l/email-protection#394b5c5e504a4d4b584d564b1755505752564950575e795c52565b4b564d4d4a5440575d505e515c4d5c57174a5c
07:10:09 [WARNING]   [HTTP error] https://www.ekobrottsmyndigheten.se/cdn-cgi/l/email-protection#156770727c66616774617a673b787479787a55707e7a77677a616166786c7b717c727d7061707b3b6670: 404 Client Error: Not Found for url: https://www.ekobrottsmyndigheten.se/cdn-cgi/l/email-protection#156770727c66616774617a673b787479787a55707e7a77677a616166786c7b717c727d7061707b3b6670
07:10:14 [WARNING]   [HTTP error] https://www.ekobrottsmyndigheten.se/cdn-cgi/l/email-protection#a3d1c6c4cad0d7d1c2d7ccd18dd0d7ccc0c8cbcccfcee3c6c8ccc1d1ccd7d7d0cedacdc7cac4cbc6d7c6cd8dd0c6: 404 Client Error: Not Found for url: https://www.ekobrottsmyndigheten.se/cdn-cgi/l/email-protection#a3d1c6c4cad0d7d1c2d7ccd18dd0d7ccc0c8cbcccfcee3c6c8ccc1d1ccd7d7d0cedacdc7cac4cbc6d7c6cd8dd0c6
07:10:17 [WARNING]   [HTTP error] https://www.ekobrottsmyndigheten.se/cdn-cgi/l/email-protection#97e5f2f0fee4e3e5f6e3f8e5b9e2faf2f6d7f2fcf8f5e5f8e3e3e4faeef9f3fef0fff2e3f2f9b9e4f2: 404 Client Error: Not Found for url: https://www.ekobrottsmyndigheten.se/cdn-cgi/l/email-protection#97e5f2f0fee4e3e5f6e3f8e5b9e2faf2f6d7f2fcf8f5e5f8e3e3e4faeef9f3fef0fff2e3f2f9b9e4f2
07:10:22 [WARNING]   [HTTP error] https://www.ekobrottsmyndigheten.se/cdn-cgi/l/email-protection#770512101e040305160318055902070704161b1637121c181505180303041a0e19131e101f12031219590412: 404 Client Error: Not Found for url: https://www.ekobrottsmyndigheten.se/cdn-cgi/l/email-protection#770512101e040305160318055902070704161b1637121c181505180303041a0e19131e101f12031219590412
07:10:26 [WARNING]   [HTTP error] https://www.ekobrottsmyndigheten.se/cdn-cgi/l/email-protection#4e3c2b29273d3a3c2f3a213c603b232b2f0e2b25212c3c213a3a3d2337202a2729262b3a2b20603d2b: 404 Client Error: Not Found for url: https://www.ekobrottsmyndigheten.se/cdn-cgi/l/email-protection#4e3c2b29273d3a3c2f3a213c603b232b2f0e2b25212c3c213a3a3d2337202a2729262b3a2b20603d2b
07:10:29 [WARNING]   [HTTP error] https://www.ekobrottsmyndigheten.se/cdn-cgi/l/email-protection#9ae8fffdf3e9eee8fbeef5e8b4f7fbf4fdfedafff1f5f8e8f5eeeee9f7e3f4fef3fdf2ffeefff4b4e9ff: 404 Client Error: Not Found for url: https://www.ekobrottsmyndigheten.se/cdn-cgi/l/email-protection#9ae8fffdf3e9eee8fbeef5e8b4f7fbf4fdfedafff1f5f8e8f5eeeee9f7e3f4fef3fdf2ffeefff4b4e9ff
07:10:33 [WARNING]   [HTTP error] https://www.ekobrottsmyndigheten.se/cdn-cgi/l/email-protection#224a575457465047454b51565043564d506247494d40504d5656514f5b4c464b454a4756474c0c5147: 404 Client Error: Not Found for url: https://www.ekobrottsmyndigheten.se/cdn-cgi/l/email-protection#224a575457465047454b51565043564d506247494d40504d5656514f5b4c464b454a4756474c0c5147
07:10:37 [WARNING]   [HTTP error] https://www.ekobrottsmyndigheten.se/cdn-cgi/l/email-protection#b1f9c4c7c4d5dadedfc5dec3d4c59fe3d4d2d4c1c5d8dedfd4dff1d4daded3c3dec5c5c2dcc8dfd5d8d6d9d4c5d4df9fc2d4: 404 Client Error: Not Found for url: https://www.ekobrottsmyndigheten.se/cdn-cgi/l/email-protection#b1f9c4c7c4d5dadedfc5dec3d4c59fe3d4d2d4c1c5d8dedfd4dff1d4daded3c3dec5c5c2dcc8dfd5d8d6d9d4c5d4df9fc2d4
07:10:42 [WARNING]   [HTTP error] https://www.ekobrottsmyndigheten.se/cdn-cgi/l/email-protection#2e465b585b4a5c4b49475d5a5c4f5a415c6e4b45414c5c415a5a5d4357404a4749464b5a4b40005d4b: 404 Client Error: Not Found for url: https://www.ekobrottsmyndigheten.se/cdn-cgi/l/email-protection#2e465b585b4a5c4b49475d5a5c4f5a415c6e4b45414c5c415a5a5d4357404a4749464b5a4b40005d4b
07:10:47 [WARNING]   [HTTP error] https://www.ekobrottsmyndigheten.se/cdn-cgi/l/email-protection#8bf9eeece2f8fff9eaffe4f9a5ece4ffeee9e4f9eccbeee0e4e9f9e4fffff8e6f2e5efe2ece3eeffeee5a5f8ee: 404 Client Error: Not Found for url: https://www.ekobrottsmyndigheten.se/cdn-cgi/l/email-protection#8bf9eeece2f8fff9eaffe4f9a5ece4ffeee9e4f9eccbeee0e4e9f9e4fffff8e6f2e5efe2ece3eeffeee5a5f8ee
07:10:50 [WARNING]   [HTTP error] https://www.ekobrottsmyndigheten.se/cdn-cgi/l/email-protection#671502000e14131506130815490a060b0a0827020c080515081313140a1e09030e000f02130209491402: 404 Client Error: Not Found for url: https://www.ekobrottsmyndigheten.se/cdn-cgi/l/email-protection#671502000e14131506130815490a060b0a0827020c080515081313140a1e09030e000f02130209491402
07:10:55 [WARNING]   [HTTP error] https://www.ekobrottsmyndigheten.se/cdn-cgi/l/email-protection#e29087858b91969083968d90cc91968d81898a8d8e8fa287898d80908d9696918f9b8c868b858a8796878ccc9187: 404 Client Error: Not Found for url: https://www.ekobrottsmyndigheten.se/cdn-cgi/l/email-protection#e29087858b91969083968d90cc91968d81898a8d8e8fa287898d80908d9696918f9b8c868b858a8796878ccc9187
07:10:59 [WARNING]   [HTTP error] https://www.ekobrottsmyndigheten.se/cdn-cgi/l/email-protection#bcced9dbd5cfc8ceddc8d3ce92c9d1d9ddfcd9d7d3deced3c8c8cfd1c5d2d8d5dbd4d9c8d9d292cfd9: 404 Client Error: Not Found for url: https://www.ekobrottsmyndigheten.se/cdn-cgi/l/email-protection#bcced9dbd5cfc8ceddc8d3ce92c9d1d9ddfcd9d7d3deced3c8c8cfd1c5d2d8d5dbd4d9c8d9d292cfd9
07:11:04 [WARNING]   [HTTP error] https://www.ekobrottsmyndigheten.se/cdn-cgi/l/email-protection#4d1f282a243e393f2c39223f63383d3d3e2c212c0d2826222f3f2239393e20342329242a2528392823633e28: 404 Client Error: Not Found for url: https://www.ekobrottsmyndigheten.se/cdn-cgi/l/email-protection#4d1f282a243e393f2c39223f63383d3d3e2c212c0d2826222f3f2239393e20342329242a2528392823633e28
07:11:08 [WARNING]   [HTTP error] https://www.ekobrottsmyndigheten.se/cdn-cgi/l/email-protection#b7dfc2c1c2d3c5d2d0dec4c3c5d6c3d8c5f7d2dcd8d5c5d8c3c3c4daced9d3ded0dfd2c3d2d999c4d2: 404 Client Error: Not Found for url: https://www.ekobrottsmyndigheten.se/cdn-cgi/l/email-protection#b7dfc2c1c2d3c5d2d0dec4c3c5d6c3d8c5f7d2dcd8d5c5d8c3c3c4daced9d3ded0dfd2c3d2d999c4d2
07:11:13 [WARNING]   [HTTP error] https://www.ekobrottsmyndigheten.se/cdn-cgi/l/email-protection#28605d5e5d4c4347465c475a4d5c067a4d4b4d585c4147464d46684d43474a5a475c5c5b4551464c414f404d5c4d46065b4d: 404 Client Error: Not Found for url: https://www.ekobrottsmyndigheten.se/cdn-cgi/l/email-protection#28605d5e5d4c4347465c475a4d5c067a4d4b4d585c4147464d46684d43474a5a475c5c5b4551464c414f404d5c4d46065b4d
07:11:17 [WARNING]   [HTTP error] https://www.ekobrottsmyndigheten.se/cdn-cgi/l/email-protection#96fee3e0e3f2e4f3f1ffe5e2e4f7e2f9e4d6f3fdf9f4e4f9e2e2e5fbeff8f2fff1fef3e2f3f8b8e5f3: 404 Client Error: Not Found for url: https://www.ekobrottsmyndigheten.se/cdn-cgi/l/email-protection#96fee3e0e3f2e4f3f1ffe5e2e4f7e2f9e4d6f3fdf9f4e4f9e2e2e5fbeff8f2fff1fef3e2f3f8b8e5f3
07:11:22 [WARNING]   [HTTP error] https://www.ekobrottsmyndigheten.se/cdn-cgi/l/email-protection#384a5d5f514b4c4a594c574a1654515653574851565f785d53575a4a574c4c4b5541565c515f505d4c5d56164b5d: 404 Client Error: Not Found for url: https://www.ekobrottsmyndigheten.se/cdn-cgi/l/email-protection#384a5d5f514b4c4a594c574a1654515653574851565f785d53575a4a574c4c4b5541565c515f505d4c5d56164b5d
07:11:27 [WARNING]   [HTTP error] https://www.ekobrottsmyndigheten.se/cdn-cgi/l/email-protection#097b6c6e607a7d7b687d667b276468656466496c62666b7b667d7d7a6470676d606e616c7d6c67277a6c: 404 Client Error: Not Found for url: https://www.ekobrottsmyndigheten.se/cdn-cgi/l/email-protection#097b6c6e607a7d7b687d667b276468656466496c62666b7b667d7d7a6470676d606e616c7d6c67277a6c
07:11:31 [WARNING]   [HTTP error] https://www.ekobrottsmyndigheten.se/cdn-cgi/l/email-protection#dba9bebcb2a8afa9baafb4a9f5a8afb4b8b0b3b4b7b69bbeb0b4b9a9b4afafa8b6a2b5bfb2bcb3beafbeb5f5a8be: 404 Client Error: Not Found for url: https://www.ekobrottsmyndigheten.se/cdn-cgi/l/email-protection#dba9bebcb2a8afa9baafb4a9f5a8afb4b8b0b3b4b7b69bbeb0b4b9a9b4afafa8b6a2b5bfb2bcb3beafbeb5f5a8be
07:11:35 [WARNING]   [HTTP error] https://www.ekobrottsmyndigheten.se/cdn-cgi/l/email-protection#275542404e5453554653485509524a424667424c484555485353544a5e49434e404f42534249095442: 404 Client Error: Not Found for url: https://www.ekobrottsmyndigheten.se/cdn-cgi/l/email-protection#275542404e5453554653485509524a424667424c484555485353544a5e49434e404f42534249095442
07:11:39 [WARNING]   [HTTP error] https://www.ekobrottsmyndigheten.se/cdn-cgi/l/email-protection#681a0d0f011b1c1a091c071a461d18181b090409280d03070a1a071c1c1b0511060c010f000d1c0d06461b0d: 404 Client Error: Not Found for url: https://www.ekobrottsmyndigheten.se/cdn-cgi/l/email-protection#681a0d0f011b1c1a091c071a461d18181b090409280d03070a1a071c1c1b0511060c010f000d1c0d06461b0d
07:11:43 [WARNING]   [HTTP error] https://www.ekobrottsmyndigheten.se/cdn-cgi/l/email-protection#63131106101026212e2306080c01110c1717100e1a0d070a040b0617060d4d1006: 404 Client Error: Not Found for url: https://www.ekobrottsmyndigheten.se/cdn-cgi/l/email-protection#63131106101026212e2306080c01110c1717100e1a0d070a040b0617060d4d1006
07:11:47 [WARNING]   [HTTP error] https://www.ekobrottsmyndigheten.se/cdn-cgi/l/email-protection#74151a1311181d17155a021518181306111a34111f1b16061b000007190d1a101d131c1100111a5a0711: 404 Client Error: Not Found for url: https://www.ekobrottsmyndigheten.se/cdn-cgi/l/email-protection#74151a1311181d17155a021518181306111a34111f1b16061b000007190d1a101d131c1100111a5a0711
07:11:50 [WARNING]   [HTTP error] https://www.ekobrottsmyndigheten.se/cdn-cgi/l/email-protection#aedac1d8cb80c5dbc2c2cbc0cccbdcc9eecbc5c1ccdcc1dadaddc3d7c0cac7c9c6cbdacbc080ddcb: 404 Client Error: Not Found for url: https://www.ekobrottsmyndigheten.se/cdn-cgi/l/email-protection#aedac1d8cb80c5dbc2c2cbc0cccbdcc9eecbc5c1ccdcc1dadaddc3d7c0cac7c9c6cbdacbc080ddcb
07:11:54 [WARNING]   [HTTP error] https://www.ekobrottsmyndigheten.se/cdn-cgi/l/email-protection#117f787f703f7e7574637c707d7c3c627279747851747a7e73637e6565627c687f757876797465747f3f6274: 404 Client Error: Not Found for url: https://www.ekobrottsmyndigheten.se/cdn-cgi/l/email-protection#117f787f703f7e7574637c707d7c3c627279747851747a7e73637e6565627c687f757876797465747f3f6274
07:11:58 [WARNING]   [HTTP error] https://www.ekobrottsmyndigheten.se/cdn-cgi/l/email-protection#fd95888b88998f989a948e898f9c89928fbd9896929f8f9289898e90849399949a9598899893d38e98: 404 Client Error: Not Found for url: https://www.ekobrottsmyndigheten.se/cdn-cgi/l/email-protection#fd95888b88998f989a948e898f9c89928fbd9896929f8f9289898e90849399949a9598899893d38e98
07:12:01 [WARNING]   [HTTP error] https://www.ekobrottsmyndigheten.se/cdn-cgi/l/email-protection#3f4d5a58564c4b4d5e4b504d1158504b5a5d504d587f5a54505d4d504b4b4c5246515b5658575a4b5a51114c5a: 404 Client Error: Not Found for url: https://www.ekobrottsmyndigheten.se/cdn-cgi/l/email-protection#3f4d5a58564c4b4d5e4b504d1158504b5a5d504d587f5a54505d4d504b4b4c5246515b5658575a4b5a51114c5a
07:12:06 [WARNING]   [HTTP error] https://www.ekobrottsmyndigheten.se/cdn-cgi/l/email-protection#770512101e04030516031805591b1e191c18071e191037121c181505180303041a0e19131e101f12031219590412: 404 Client Error: Not Found for url: https://www.ekobrottsmyndigheten.se/cdn-cgi/l/email-protection#770512101e04030516031805591b1e191c18071e191037121c181505180303041a0e19131e101f12031219590412
07:12:10 [WARNING]   [HTTP error] https://www.ekobrottsmyndigheten.se/cdn-cgi/l/email-protection#176572707e64636576637865397a767b7a7857727c787565786363647a6e79737e707f72637279396472: 404 Client Error: Not Found for url: https://www.ekobrottsmyndigheten.se/cdn-cgi/l/email-protection#176572707e64636576637865397a767b7a7857727c787565786363647a6e79737e707f72637279396472
07:12:15 [WARNING]   [HTTP error] https://www.ekobrottsmyndigheten.se/cdn-cgi/l/email-protection#641601030d17101605100b164a17100b070f0c0b080924010f0b06160b101017091d0a000d030c0110010a4a1701: 404 Client Error: Not Found for url: https://www.ekobrottsmyndigheten.se/cdn-cgi/l/email-protection#641601030d17101605100b164a17100b070f0c0b080924010f0b06160b101017091d0a000d030c0110010a4a1701
07:12:18 [WARNING]   [HTTP error] https://www.ekobrottsmyndigheten.se/cdn-cgi/l/email-protection#9ae8fffdf3e9eee8fbeef5e8b4efeaeae9fbf6fbdafff1f5f8e8f5eeeee9f7e3f4fef3fdf2ffeefff4b4e9ff: 404 Client Error: Not Found for url: https://www.ekobrottsmyndigheten.se/cdn-cgi/l/email-protection#9ae8fffdf3e9eee8fbeef5e8b4efeaeae9fbf6fbdafff1f5f8e8f5eeeee9f7e3f4fef3fdf2ffeefff4b4e9ff
07:12:37 [WARNING]   [HTTP error] https://www.ekobrottsmyndigheten.se/cdn-cgi/l/email-protection#8dfdffe8fefec8cfc0cde8e6e2efffe2f9f9fee0f4e3e9e4eae5e8f9e8e3a3fee8: 404 Client Error: Not Found for url: https://www.ekobrottsmyndigheten.se/cdn-cgi/l/email-protection#8dfdffe8fefec8cfc0cde8e6e2efffe2f9f9fee0f4e3e9e4eae5e8f9e8e3a3fee8
07:12:40 [WARNING]   [HTTP error] https://www.ekobrottsmyndigheten.se/cdn-cgi/l/email-protection#ed9f888a849e999f8c99829fc38a8299888f829f8aad8886828f9f8299999e80948389848a8588998883c39e88: 404 Client Error: Not Found for url: https://www.ekobrottsmyndigheten.se/cdn-cgi/l/email-protection#ed9f888a849e999f8c99829fc38a8299888f829f8aad8886828f9f8299999e80948389848a8588998883c39e88
07:12:43 [WARNING]   [HTTP error] https://www.ekobrottsmyndigheten.se/cdn-cgi/l/email-protection#86f4e3e1eff5f2f4e7f2e9f4a8eaefe8ede9f6efe8e1c6e3ede9e4f4e9f2f2f5ebffe8e2efe1eee3f2e3e8a8f5e3: 404 Client Error: Not Found for url: https://www.ekobrottsmyndigheten.se/cdn-cgi/l/email-protection#86f4e3e1eff5f2f4e7f2e9f4a8eaefe8ede9f6efe8e1c6e3ede9e4f4e9f2f2f5ebffe8e2efe1eee3f2e3e8a8f5e3
07:12:48 [WARNING]   [HTTP error] https://www.ekobrottsmyndigheten.se/cdn-cgi/l/email-protection#f58790929c86818794819a87db989499989ab5909e9a97879a818186988c9b919c929d9081909bdb8690: 404 Client Error: Not Found for url: https://www.ekobrottsmyndigheten.se/cdn-cgi/l/email-protection#f58790929c86818794819a87db989499989ab5909e9a97879a818186988c9b919c929d9081909bdb8690
07:12:52 [WARNING]   [HTTP error] https://www.ekobrottsmyndigheten.se/cdn-cgi/l/email-protection#601205070913141201140f124e150d050120050b0f02120f1414130d190e040907080514050e4e1305: 404 Client Error: Not Found for url: https://www.ekobrottsmyndigheten.se/cdn-cgi/l/email-protection#601205070913141201140f124e150d050120050b0f02120f1414130d190e040907080514050e4e1305
07:12:56 [WARNING]   [HTTP error] https://www.ekobrottsmyndigheten.se/cdn-cgi/l/email-protection#a3d1c6c4cad0d7d1c2d7ccd18dd6d3d3d0c2cfc2e3c6c8ccc1d1ccd7d7d0cedacdc7cac4cbc6d7c6cd8dd0c6: 404 Client Error: Not Found for url: https://www.ekobrottsmyndigheten.se/cdn-cgi/l/email-protection#a3d1c6c4cad0d7d1c2d7ccd18dd6d3d3d0c2cfc2e3c6c8ccc1d1ccd7d7d0cedacdc7cac4cbc6d7c6cd8dd0c6
07:13:19 [WARNING]   [HTTP error] https://www.ekobrottsmyndigheten.se/cdn-cgi/l/email-protection#a9d9dbccdadaecebe4e9ccc2c6cbdbc6dddddac4d0c7cdc0cec1ccddccc787dacc: 404 Client Error: Not Found for url: https://www.ekobrottsmyndigheten.se/cdn-cgi/l/email-protection#a9d9dbccdadaecebe4e9ccc2c6cbdbc6dddddac4d0c7cdc0cec1ccddccc787dacc
07:13:23 [WARNING]   [HTTP error] https://www.ekobrottsmyndigheten.se/cdn-cgi/l/email-protection#375f424142534552505e4443455643584577525c585545584343445a4e59535e505f52435259194452: 404 Client Error: Not Found for url: https://www.ekobrottsmyndigheten.se/cdn-cgi/l/email-protection#375f424142534552505e4443455643584577525c585545584343445a4e59535e505f52435259194452
07:13:27 [WARNING]   [HTTP error] https://www.ekobrottsmyndigheten.se/cdn-cgi/l/email-protection#740611131d07000615001b065a131b0011161b061334111f1b16061b000007190d1a101d131c1100111a5a0711: 404 Client Error: Not Found for url: https://www.ekobrottsmyndigheten.se/cdn-cgi/l/email-protection#740611131d07000615001b065a131b0011161b061334111f1b16061b000007190d1a101d131c1100111a5a0711
07:13:32 [WARNING]   [HTTP error] https://www.ekobrottsmyndigheten.se/cdn-cgi/l/email-protection#cfbdaaa8a6bcbbbdaebba0bde1a3a6a1a4a0bfa6a1a88faaa4a0adbda0bbbbbca2b6a1aba6a8a7aabbaaa1e1bcaa: 404 Client Error: Not Found for url: https://www.ekobrottsmyndigheten.se/cdn-cgi/l/email-protection#cfbdaaa8a6bcbbbdaebba0bde1a3a6a1a4a0bfa6a1a88faaa4a0adbda0bbbbbca2b6a1aba6a8a7aabbaaa1e1bcaa
07:13:37 [WARNING]   [HTTP error] https://www.ekobrottsmyndigheten.se/cdn-cgi/l/email-protection#b3c1d6d4dac0c7c1d2c7dcc19dded2dfdedcf3d6d8dcd1c1dcc7c7c0decaddd7dad4dbd6c7d6dd9dc0d6: 404 Client Error: Not Found for url: https://www.ekobrottsmyndigheten.se/cdn-cgi/l/email-protection#b3c1d6d4dac0c7c1d2c7dcc19dded2dfdedcf3d6d8dcd1c1dcc7c7c0decaddd7dad4dbd6c7d6dd9dc0d6
07:13:40 [WARNING]   [HTTP error] https://www.ekobrottsmyndigheten.se/cdn-cgi/l/email-protection#0a786f6d63797e786b7e6578247f676f6b4a6f61656878657e7e796773646e636d626f7e6f6424796f: 404 Client Error: Not Found for url: https://www.ekobrottsmyndigheten.se/cdn-cgi/l/email-protection#0a786f6d63797e786b7e6578247f676f6b4a6f61656878657e7e796773646e636d626f7e6f6424796f
07:13:44 [WARNING]   [HTTP error] https://www.ekobrottsmyndigheten.se/cdn-cgi/l/email-protection#4b233e3d3e2f392e2c22383f392a3f24390b2e20242939243f3f382632252f222c232e3f2e2565382e: 404 Client Error: Not Found for url: https://www.ekobrottsmyndigheten.se/cdn-cgi/l/email-protection#4b233e3d3e2f392e2c22383f392a3f24390b2e20242939243f3f382632252f222c232e3f2e2565382e
07:13:49 [WARNING]   [HTTP error] https://www.ekobrottsmyndigheten.se/cdn-cgi/l/email-protection#770512101e0403051603180559101803121518051037121c181505180303041a0e19131e101f12031219590412: 404 Client Error: Not Found for url: https://www.ekobrottsmyndigheten.se/cdn-cgi/l/email-protection#770512101e0403051603180559101803121518051037121c181505180303041a0e19131e101f12031219590412
07:13:53 [WARNING]   [HTTP error] https://www.ekobrottsmyndigheten.se/cdn-cgi/l/email-protection#8dffe8eae4fef9ffecf9e2ffa3e1e4e3e6e2fde4e3eacde8e6e2efffe2f9f9fee0f4e3e9e4eae5e8f9e8e3a3fee8: 404 Client Error: Not Found for url: https://www.ekobrottsmyndigheten.se/cdn-cgi/l/email-protection#8dffe8eae4fef9ffecf9e2ffa3e1e4e3e6e2fde4e3eacde8e6e2efffe2f9f9fee0f4e3e9e4eae5e8f9e8e3a3fee8
07:13:58 [WARNING]   [HTTP error] https://www.ekobrottsmyndigheten.se/cdn-cgi/l/email-protection#621007050b11161003160d104c0f030e0f0d2207090d00100d1616110f1b0c060b050a0716070c4c1107: 404 Client Error: Not Found for url: https://www.ekobrottsmyndigheten.se/cdn-cgi/l/email-protection#621007050b11161003160d104c0f030e0f0d2207090d00100d1616110f1b0c060b050a0716070c4c1107
07:14:03 [WARNING]   [HTTP error] https://www.ekobrottsmyndigheten.se/cdn-cgi/l/email-protection#116374767862656370657e633f62657e727a797e7d7c51747a7e73637e6565627c687f757876797465747f3f6274: 404 Client Error: Not Found for url: https://www.ekobrottsmyndigheten.se/cdn-cgi/l/email-protection#116374767862656370657e633f62657e727a797e7d7c51747a7e73637e6565627c687f757876797465747f3f6274
07:14:06 [WARNING]   [HTTP error] https://www.ekobrottsmyndigheten.se/cdn-cgi/l/email-protection#a0d2c5c7c9d3d4d2c1d4cfd28ed5cdc5c1e0c5cbcfc2d2cfd4d4d3cdd9cec4c9c7c8c5d4c5ce8ed3c5: 404 Client Error: Not Found for url: https://www.ekobrottsmyndigheten.se/cdn-cgi/l/email-protection#a0d2c5c7c9d3d4d2c1d4cfd28ed5cdc5c1e0c5cbcfc2d2cfd4d4d3cdd9cec4c9c7c8c5d4c5ce8ed3c5
07:14:09 [WARNING]   [HTTP error] https://www.ekobrottsmyndigheten.se/cdn-cgi/l/email-protection#126077757b61666073667d603c67626261737e735277797d70607d6666617f6b7c767b757a7766777c3c6177: 404 Client Error: Not Found for url: https://www.ekobrottsmyndigheten.se/cdn-cgi/l/email-protection#126077757b61666073667d603c67626261737e735277797d70607d6666617f6b7c767b757a7766777c3c6177
07:14:13 [WARNING]   [HTTP error] https://www.ekobrottsmyndigheten.se/cdn-cgi/l/email-protection#b6dec3c0c3d2c4d3d1dfc5c2c4d7c2d9c4f6d3ddd9d4c4d9c2c2c5dbcfd8d2dfd1ded3c2d3d898c5d3: 404 Client Error: Not Found for url: https://www.ekobrottsmyndigheten.se/cdn-cgi/l/email-protection#b6dec3c0c3d2c4d3d1dfc5c2c4d7c2d9c4f6d3ddd9d4c4d9c2c2c5dbcfd8d2dfd1ded3c2d3d898c5d3
07:14:17 [WARNING]   [HTTP error] https://www.ekobrottsmyndigheten.se/cdn-cgi/l/email-protection#245641434d57505645504b560a434b5041464b564364414f4b46564b505057495d4a404d434c4150414a0a5741: 404 Client Error: Not Found for url: https://www.ekobrottsmyndigheten.se/cdn-cgi/l/email-protection#245641434d57505645504b560a434b5041464b564364414f4b46564b505057495d4a404d434c4150414a0a5741
07:14:20 [WARNING]   [HTTP error] https://www.ekobrottsmyndigheten.se/cdn-cgi/l/email-protection#92e0f7f5fbe1e6e0f3e6fde0bcfefbfcf9fde2fbfcf5d2f7f9fdf0e0fde6e6e1ffebfcf6fbf5faf7e6f7fcbce1f7: 404 Client Error: Not Found for url: https://www.ekobrottsmyndigheten.se/cdn-cgi/l/email-protection#92e0f7f5fbe1e6e0f3e6fde0bcfefbfcf9fde2fbfcf5d2f7f9fdf0e0fde6e6e1ffebfcf6fbf5faf7e6f7fcbce1f7
07:14:25 [WARNING]   [HTTP error] https://www.ekobrottsmyndigheten.se/cdn-cgi/l/email-protection#acdec9cbc5dfd8decdd8c3de82c1cdc0c1c3ecc9c7c3cedec3d8d8dfc1d5c2c8c5cbc4c9d8c9c282dfc9: 404 Client Error: Not Found for url: https://www.ekobrottsmyndigheten.se/cdn-cgi/l/email-protection#acdec9cbc5dfd8decdd8c3de82c1cdc0c1c3ecc9c7c3cedec3d8d8dfc1d5c2c8c5cbc4c9d8c9c282dfc9
07:14:29 [WARNING]   [HTTP error] https://www.ekobrottsmyndigheten.se/cdn-cgi/l/email-protection#077562606e7473756673687529747368646c6f686b6a47626c686575687373746a7e69636e606f62736269297462: 404 Client Error: Not Found for url: https://www.ekobrottsmyndigheten.se/cdn-cgi/l/email-protection#077562606e7473756673687529747368646c6f686b6a47626c686575687373746a7e69636e606f62736269297462
07:14:34 [WARNING]   [HTTP error] https://www.ekobrottsmyndigheten.se/cdn-cgi/l/email-protection#84f6e1e3edf7f0f6e5f0ebf6aaf1e9e1e5c4e1efebe6f6ebf0f0f7e9fdeae0ede3ece1f0e1eaaaf7e1: 404 Client Error: Not Found for url: https://www.ekobrottsmyndigheten.se/cdn-cgi/l/email-protection#84f6e1e3edf7f0f6e5f0ebf6aaf1e9e1e5c4e1efebe6f6ebf0f0f7e9fdeae0ede3ece1f0e1eaaaf7e1
07:14:38 [WARNING]   [HTTP error] https://www.ekobrottsmyndigheten.se/cdn-cgi/l/email-protection#f98b9c9e908a8d8b988d968bd78c89898a989598b99c92969b8b968d8d8a9480979d909e919c8d9c97d78a9c: 404 Client Error: Not Found for url: https://www.ekobrottsmyndigheten.se/cdn-cgi/l/email-protection#f98b9c9e908a8d8b988d968bd78c89898a989598b99c92969b8b968d8d8a9480979d909e919c8d9c97d78a9c
07:14:42 [WARNING]   [HTTP error] https://www.ekobrottsmyndigheten.se/cdn-cgi/l/email-protection#681a0d0f011b1c1a091c071a460f071c0d0a071a0f280d03070a1a071c1c1b0511060c010f000d1c0d06461b0d: 404 Client Error: Not Found for url: https://www.ekobrottsmyndigheten.se/cdn-cgi/l/email-protection#681a0d0f011b1c1a091c071a460f071c0d0a071a0f280d03070a1a071c1c1b0511060c010f000d1c0d06461b0d
07:14:47 [WARNING]   [HTTP error] https://www.ekobrottsmyndigheten.se/cdn-cgi/l/email-protection#552730323c26212734213a277b393c3b3e3a253c3b3215303e3a37273a212126382c3b313c323d3021303b7b2630: 404 Client Error: Not Found for url: https://www.ekobrottsmyndigheten.se/cdn-cgi/l/email-protection#552730323c26212734213a277b393c3b3e3a253c3b3215303e3a37273a212126382c3b313c323d3021303b7b2630
07:14:50 [WARNING]   [HTTP error] https://www.ekobrottsmyndigheten.se/cdn-cgi/l/email-protection#760413111f05020417021904581b171a1b1936131d191404190202051b0f18121f111e13021318580513: 404 Client Error: Not Found for url: https://www.ekobrottsmyndigheten.se/cdn-cgi/l/email-protection#760413111f05020417021904581b171a1b1936131d191404190202051b0f18121f111e13021318580513
07:14:55 [WARNING]   [HTTP error] https://www.ekobrottsmyndigheten.se/cdn-cgi/l/email-protection#80f2e5e7e9f3f4f2e1f4eff2aef3f4efe3ebe8efecedc0e5ebefe2f2eff4f4f3edf9eee4e9e7e8e5f4e5eeaef3e5: 404 Client Error: Not Found for url: https://www.ekobrottsmyndigheten.se/cdn-cgi/l/email-protection#80f2e5e7e9f3f4f2e1f4eff2aef3f4efe3ebe8efecedc0e5ebefe2f2eff4f4f3edf9eee4e9e7e8e5f4e5eeaef3e5
07:14:59 [WARNING]   [HTTP error] https://www.ekobrottsmyndigheten.se/cdn-cgi/l/email-protection#6b190e0c02181f190a1f0419451e1b1b180a070a2b0e00040919041f1f180612050f020c030e1f0e0545180e: 404 Client Error: Not Found for url: https://www.ekobrottsmyndigheten.se/cdn-cgi/l/email-protection#6b190e0c02181f190a1f0419451e1b1b180a070a2b0e00040919041f1f180612050f020c030e1f0e0545180e
07:15:03 [WARNING]   [HTTP error] https://www.ekobrottsmyndigheten.se/cdn-cgi/l/email-protection#5c34292a29382e393b352f282e3d28332e1c3937333e2e3328282f31253238353b3439283932722f39: 404 Client Error: Not Found for url: https://www.ekobrottsmyndigheten.se/cdn-cgi/l/email-protection#5c34292a29382e393b352f282e3d28332e1c3937333e2e3328282f31253238353b3439283932722f39
07:15:07 [WARNING]   [HTTP error] https://www.ekobrottsmyndigheten.se/cdn-cgi/l/email-protection#621007050b11161003160d104c050d1607000d10052207090d00100d1616110f1b0c060b050a0716070c4c1107: 404 Client Error: Not Found for url: https://www.ekobrottsmyndigheten.se/cdn-cgi/l/email-protection#621007050b11161003160d104c050d1607000d10052207090d00100d1616110f1b0c060b050a0716070c4c1107
07:15:10 [WARNING]   [HTTP error] https://www.ekobrottsmyndigheten.se/cdn-cgi/l/email-protection#275542404e54535546534855094b4e494c48574e494067424c484555485353544a5e49434e404f42534249095442: 404 Client Error: Not Found for url: https://www.ekobrottsmyndigheten.se/cdn-cgi/l/email-protection#275542404e54535546534855094b4e494c48574e494067424c484555485353544a5e49434e404f42534249095442
07:15:14 [WARNING]   [HTTP error] https://www.ekobrottsmyndigheten.se/cdn-cgi/l/email-protection#512334363822252330253e237f3c303d3c3e11343a3e33233e2525223c283f353836393425343f7f2234: 404 Client Error: Not Found for url: https://www.ekobrottsmyndigheten.se/cdn-cgi/l/email-protection#512334363822252330253e237f3c303d3c3e11343a3e33233e2525223c283f353836393425343f7f2234
07:15:18 [WARNING]   [HTTP error] https://www.ekobrottsmyndigheten.se/cdn-cgi/l/email-protection#5c2e393b352f282e3d28332e722f28333f37343330311c3937333e2e3328282f31253238353b3439283932722f39: 404 Client Error: Not Found for url: https://www.ekobrottsmyndigheten.se/cdn-cgi/l/email-protection#5c2e393b352f282e3d28332e722f28333f37343330311c3937333e2e3328282f31253238353b3439283932722f39
07:15:21 [WARNING]   [HTTP error] https://www.ekobrottsmyndigheten.se/cdn-cgi/l/email-protection#374552505e444345564358451942474744565b5677525c585545584343445a4e59535e505f52435259194452: 404 Client Error: Not Found for url: https://www.ekobrottsmyndigheten.se/cdn-cgi/l/email-protection#374552505e444345564358451942474744565b5677525c585545584343445a4e59535e505f52435259194452
07:15:26 [WARNING]   [HTTP error] https://www.ekobrottsmyndigheten.se/cdn-cgi/l/email-protection#a4d6c1c3cdd7d0d6c5d0cbd68ac3cbd0c1c6cbd6c3e4c1cfcbc6d6cbd0d0d7c9ddcac0cdc3ccc1d0c1ca8ad7c1: 404 Client Error: Not Found for url: https://www.ekobrottsmyndigheten.se/cdn-cgi/l/email-protection#a4d6c1c3cdd7d0d6c5d0cbd68ac3cbd0c1c6cbd6c3e4c1cfcbc6d6cbd0d0d7c9ddcac0cdc3ccc1d0c1ca8ad7c1
07:15:29 [WARNING]   [HTTP error] https://www.ekobrottsmyndigheten.se/cdn-cgi/l/email-protection#daa8bfbdb3a9aea8bbaeb5a8f4b6b3b4b1b5aab3b4bd9abfb1b5b8a8b5aeaea9b7a3b4beb3bdb2bfaebfb4f4a9bf: 404 Client Error: Not Found for url: https://www.ekobrottsmyndigheten.se/cdn-cgi/l/email-protection#daa8bfbdb3a9aea8bbaeb5a8f4b6b3b4b1b5aab3b4bd9abfb1b5b8a8b5aeaea9b7a3b4beb3bdb2bfaebfb4f4a9bf
07:15:33 [WARNING]   [HTTP error] https://www.ekobrottsmyndigheten.se/cdn-cgi/l/email-protection#aad8cfcdc3d9ded8cbdec5d884c7cbc6c7c5eacfc1c5c8d8c5deded9c7d3c4cec3cdc2cfdecfc484d9cf: 404 Client Error: Not Found for url: https://www.ekobrottsmyndigheten.se/cdn-cgi/l/email-protection#aad8cfcdc3d9ded8cbdec5d884c7cbc6c7c5eacfc1c5c8d8c5deded9c7d3c4cec3cdc2cfdecfc484d9cf
07:15:38 [WARNING]   [HTTP error] https://www.ekobrottsmyndigheten.se/cdn-cgi/l/email-protection#a5d7c0c2ccd6d1d7c4d1cad78bd6d1cac6cecdcac9c8e5c0cecac7d7cad1d1d6c8dccbc1ccc2cdc0d1c0cb8bd6c0: 404 Client Error: Not Found for url: https://www.ekobrottsmyndigheten.se/cdn-cgi/l/email-protection#a5d7c0c2ccd6d1d7c4d1cad78bd6d1cac6cecdcac9c8e5c0cecac7d7cad1d1d6c8dccbc1ccc2cdc0d1c0cb8bd6c0
07:15:41 [WARNING]   [HTTP error] https://www.ekobrottsmyndigheten.se/cdn-cgi/l/email-protection#a4d6c1c3cdd7d0d6c5d0cbd68ad1c9c1c5e4c1cfcbc6d6cbd0d0d7c9ddcac0cdc3ccc1d0c1ca8ad7c1: 404 Client Error: Not Found for url: https://www.ekobrottsmyndigheten.se/cdn-cgi/l/email-protection#a4d6c1c3cdd7d0d6c5d0cbd68ad1c9c1c5e4c1cfcbc6d6cbd0d0d7c9ddcac0cdc3ccc1d0c1ca8ad7c1
07:15:45 [WARNING]   [HTTP error] https://www.ekobrottsmyndigheten.se/cdn-cgi/l/email-protection#cab8afada3b9beb8abbea5b8e4bfbabab9aba6ab8aafa1a5a8b8a5bebeb9a7b3a4aea3ada2afbeafa4e4b9af: 404 Client Error: Not Found for url: https://www.ekobrottsmyndigheten.se/cdn-cgi/l/email-protection#cab8afada3b9beb8abbea5b8e4bfbabab9aba6ab8aafa1a5a8b8a5bebeb9a7b3a4aea3ada2afbeafa4e4b9af
07:16:23 [WARNING]   [HTTP error] https://www.ekobrottsmyndigheten.se/cdn-cgi/l/email-protection#bbc9dedcd2c8cfc9dacfd4c995d7d2d5d0d4cbd2d5dcfbded0d4d9c9d4cfcfc8d6c2d5dfd2dcd3decfded595c8de: 404 Client Error: Not Found for url: https://www.ekobrottsmyndigheten.se/cdn-cgi/l/email-protection#bbc9dedcd2c8cfc9dacfd4c995d7d2d5d0d4cbd2d5dcfbded0d4d9c9d4cfcfc8d6c2d5dfd2dcd3decfded595c8de
07:16:26 [WARNING]   [HTTP error] https://www.ekobrottsmyndigheten.se/cdn-cgi/l/email-protection#bcced9dbd5cfc8ceddc8d3ce92d1ddd0d1d3fcd9d7d3deced3c8c8cfd1c5d2d8d5dbd4d9c8d9d292cfd9: 404 Client Error: Not Found for url: https://www.ekobrottsmyndigheten.se/cdn-cgi/l/email-protection#bcced9dbd5cfc8ceddc8d3ce92d1ddd0d1d3fcd9d7d3deced3c8c8cfd1c5d2d8d5dbd4d9c8d9d292cfd9
07:16:30 [WARNING]   [HTTP error] https://www.ekobrottsmyndigheten.se/cdn-cgi/l/email-protection#fb899e9c92888f899a8f9489d5888f94989093949796bb9e90949989948f8f889682959f929c939e8f9e95d5889e: 404 Client Error: Not Found for url: https://www.ekobrottsmyndigheten.se/cdn-cgi/l/email-protection#fb899e9c92888f899a8f9489d5888f94989093949796bb9e90949989948f8f889682959f929c939e8f9e95d5889e
07:16:35 [WARNING]   [HTTP error] https://www.ekobrottsmyndigheten.se/cdn-cgi/l/email-protection#9fedfaf8f6ecebedfeebf0edb1eaf2fafedffaf4f0fdedf0ebebecf2e6f1fbf6f8f7faebfaf1b1ecfa: 404 Client Error: Not Found for url: https://www.ekobrottsmyndigheten.se/cdn-cgi/l/email-protection#9fedfaf8f6ecebedfeebf0edb1eaf2fafedffaf4f0fdedf0ebebecf2e6f1fbf6f8f7faebfaf1b1ecfa
07:16:38 [WARNING]   [HTTP error] https://www.ekobrottsmyndigheten.se/cdn-cgi/l/email-protection#fb899e9c92888f899a8f9489d58e8b8b889a979abb9e90949989948f8f889682959f929c939e8f9e95d5889e: 404 Client Error: Not Found for url: https://www.ekobrottsmyndigheten.se/cdn-cgi/l/email-protection#fb899e9c92888f899a8f9489d58e8b8b889a979abb9e90949989948f8f889682959f929c939e8f9e95d5889e
07:16:42 [WARNING]   [HTTP error] https://www.ekobrottsmyndigheten.se/cdn-cgi/l/email-protection#274f525152435542404e5453554653485567424c484555485353544a5e49434e404f42534249095442: 404 Client Error: Not Found for url: https://www.ekobrottsmyndigheten.se/cdn-cgi/l/email-protection#274f525152435542404e5453554653485567424c484555485353544a5e49434e404f42534249095442
07:16:45 [WARNING]   [HTTP error] https://www.ekobrottsmyndigheten.se/cdn-cgi/l/email-protection#c2b0a7a5abb1b6b0a3b6adb0eca5adb6a7a0adb0a582a7a9ada0b0adb6b6b1afbbaca6aba5aaa7b6a7acecb1a7: 404 Client Error: Not Found for url: https://www.ekobrottsmyndigheten.se/cdn-cgi/l/email-protection#c2b0a7a5abb1b6b0a3b6adb0eca5adb6a7a0adb0a582a7a9ada0b0adb6b6b1afbbaca6aba5aaa7b6a7acecb1a7
07:16:49 [WARNING]   [HTTP error] https://www.ekobrottsmyndigheten.se/cdn-cgi/l/email-protection#037166646a70777162776c712d6f6a6d686c736a6d644366686c61716c7777706e7a6d676a646b6677666d2d7066: 404 Client Error: Not Found for url: https://www.ekobrottsmyndigheten.se/cdn-cgi/l/email-protection#037166646a70777162776c712d6f6a6d686c736a6d644366686c61716c7777706e7a6d676a646b6677666d2d7066
07:16:54 [WARNING]   [HTTP error] https://www.ekobrottsmyndigheten.se/cdn-cgi/l/email-protection#7d0f181a140e090f1c09120f53101c1110123d1816121f0f1209090e10041319141a1518091813530e18: 404 Client Error: Not Found for url: https://www.ekobrottsmyndigheten.se/cdn-cgi/l/email-protection#7d0f181a140e090f1c09120f53101c1110123d1816121f0f1209090e10041319141a1518091813530e18
07:16:57 [WARNING]   [HTTP error] https://www.ekobrottsmyndigheten.se/cdn-cgi/l/email-protection#275542404e5453554653485509545348444c4f484b4a67424c484555485353544a5e49434e404f42534249095442: 404 Client Error: Not Found for url: https://www.ekobrottsmyndigheten.se/cdn-cgi/l/email-protection#275542404e5453554653485509545348444c4f484b4a67424c484555485353544a5e49434e404f42534249095442
07:17:01 [WARNING]   [HTTP error] https://www.ekobrottsmyndigheten.se/cdn-cgi/l/email-protection#e99b8c8e809a9d9b889d869bc79c848c88a98c82868b9b869d9d9a8490878d808e818c9d8c87c79a8c: 404 Client Error: Not Found for url: https://www.ekobrottsmyndigheten.se/cdn-cgi/l/email-protection#e99b8c8e809a9d9b889d869bc79c848c88a98c82868b9b869d9d9a8490878d808e818c9d8c87c79a8c
07:17:06 [WARNING]   [HTTP error] https://www.ekobrottsmyndigheten.se/cdn-cgi/l/email-protection#bac8dfddd3c9cec8dbced5c894cfcacac9dbd6dbfadfd1d5d8c8d5cecec9d7c3d4ded3ddd2dfcedfd494c9df: 404 Client Error: Not Found for url: https://www.ekobrottsmyndigheten.se/cdn-cgi/l/email-protection#bac8dfddd3c9cec8dbced5c894cfcacac9dbd6dbfadfd1d5d8c8d5cecec9d7c3d4ded3ddd2dfcedfd494c9df
07:17:09 [WARNING]   [HTTP error] https://www.ekobrottsmyndigheten.se/cdn-cgi/l/email-protection#3e4c5b59574d4a4c5f4a514c1052575055514e5750597e5b55515c4c514a4a4d5347505a5759565b4a5b50104d5b: 404 Client Error: Not Found for url: https://www.ekobrottsmyndigheten.se/cdn-cgi/l/email-protection#3e4c5b59574d4a4c5f4a514c1052575055514e5750597e5b55515c4c514a4a4d5347505a5759565b4a5b50104d5b
07:17:14 [WARNING]   [HTTP error] https://www.ekobrottsmyndigheten.se/cdn-cgi/l/email-protection#c4b6a1a3adb7b0b6a5b0abb6eab1a9a1a584a1afaba6b6abb0b0b7a9bdaaa0ada3aca1b0a1aaeab7a1: 404 Client Error: Not Found for url: https://www.ekobrottsmyndigheten.se/cdn-cgi/l/email-protection#c4b6a1a3adb7b0b6a5b0abb6eab1a9a1a584a1afaba6b6abb0b0b7a9bdaaa0ada3aca1b0a1aaeab7a1
07:17:17 [WARNING]   [HTTP error] https://www.ekobrottsmyndigheten.se/cdn-cgi/l/email-protection#364453515f454244574259441843464645575a5776535d595444594242455b4f58525f515e53425358184553: 404 Client Error: Not Found for url: https://www.ekobrottsmyndigheten.se/cdn-cgi/l/email-protection#364453515f454244574259441843464645575a5776535d595444594242455b4f58525f515e53425358184553
07:17:21 [WARNING]   [HTTP error] https://www.ekobrottsmyndigheten.se/cdn-cgi/l/email-protection#f79f828182938592909e84838596839885b7929c989585988383849a8e99939e909f92839299d98492: 404 Client Error: Not Found for url: https://www.ekobrottsmyndigheten.se/cdn-cgi/l/email-protection#f79f828182938592909e84838596839885b7929c989585988383849a8e99939e909f92839299d98492
07:17:26 [WARNING]   [HTTP error] https://www.ekobrottsmyndigheten.se/cdn-cgi/l/email-protection#0c7e696b657f787e6d78637e226b6378696e637e6b4c6967636e7e6378787f61756268656b6469786962227f69: 404 Client Error: Not Found for url: https://www.ekobrottsmyndigheten.se/cdn-cgi/l/email-protection#0c7e696b657f787e6d78637e226b6378696e637e6b4c6967636e7e6378787f61756268656b6469786962227f69
07:17:29 [WARNING]   [HTTP error] https://www.ekobrottsmyndigheten.se/cdn-cgi/l/email-protection#3d4f585a544e494f5c49524f1351545356524d54535a7d5856525f4f5249494e50445359545a5558495853134e58: 404 Client Error: Not Found for url: https://www.ekobrottsmyndigheten.se/cdn-cgi/l/email-protection#3d4f585a544e494f5c49524f1351545356524d54535a7d5856525f4f5249494e50445359545a5558495853134e58
07:17:32 [WARNING]   [HTTP error] https://www.ekobrottsmyndigheten.se/cdn-cgi/l/email-protection#f98b9c9e908a8d8b988d968bd79498959496b99c92969b8b968d8d8a9480979d909e919c8d9c97d78a9c: 404 Client Error: Not Found for url: https://www.ekobrottsmyndigheten.se/cdn-cgi/l/email-protection#f98b9c9e908a8d8b988d968bd79498959496b99c92969b8b968d8d8a9480979d909e919c8d9c97d78a9c
07:17:36 [WARNING]   [HTTP error] https://www.ekobrottsmyndigheten.se/cdn-cgi/l/email-protection#d8aabdbfb1abacaab9acb7aaf6adb5bdb998bdb3b7baaab7acacabb5a1b6bcb1bfb0bdacbdb6f6abbd: 404 Client Error: Not Found for url: https://www.ekobrottsmyndigheten.se/cdn-cgi/l/email-protection#d8aabdbfb1abacaab9acb7aaf6adb5bdb998bdb3b7baaab7acacabb5a1b6bcb1bfb0bdacbdb6f6abbd
07:17:41 [WARNING]   [HTTP error] https://www.ekobrottsmyndigheten.se/cdn-cgi/l/email-protection#493b2c2e203a3d3b283d263b673c39393a282528092c22262b3b263d3d3a2430272d202e212c3d2c27673a2c: 404 Client Error: Not Found for url: https://www.ekobrottsmyndigheten.se/cdn-cgi/l/email-protection#493b2c2e203a3d3b283d263b673c39393a282528092c22262b3b263d3d3a2430272d202e212c3d2c27673a2c
07:17:44 [WARNING]   [HTTP error] https://www.ekobrottsmyndigheten.se/cdn-cgi/l/email-protection#6b031e1d1e0f190e0c02181f190a1f04192b0e00040919041f1f180612050f020c030e1f0e0545180e: 404 Client Error: Not Found for url: https://www.ekobrottsmyndigheten.se/cdn-cgi/l/email-protection#6b031e1d1e0f190e0c02181f190a1f04192b0e00040919041f1f180612050f020c030e1f0e0545180e
07:17:48 [WARNING]   [HTTP error] https://www.ekobrottsmyndigheten.se/cdn-cgi/l/email-protection#384a5d5f514b4c4a594c574a165f574c5d5a574a5f785d53575a4a574c4c4b5541565c515f505d4c5d56164b5d: 404 Client Error: Not Found for url: https://www.ekobrottsmyndigheten.se/cdn-cgi/l/email-protection#384a5d5f514b4c4a594c574a165f574c5d5a574a5f785d53575a4a574c4c4b5541565c515f505d4c5d56164b5d
07:17:53 [WARNING]   [HTTP error] https://www.ekobrottsmyndigheten.se/cdn-cgi/l/email-protection#a5d7c0c2ccd6d1d7c4d1cad78bc9cccbcecad5cccbc2e5c0cecac7d7cad1d1d6c8dccbc1ccc2cdc0d1c0cb8bd6c0: 404 Client Error: Not Found for url: https://www.ekobrottsmyndigheten.se/cdn-cgi/l/email-protection#a5d7c0c2ccd6d1d7c4d1cad78bc9cccbcecad5cccbc2e5c0cecac7d7cad1d1d6c8dccbc1ccc2cdc0d1c0cb8bd6c0
07:17:57 [WARNING]   [HTTP error] https://www.ekobrottsmyndigheten.se/cdn-cgi/l/email-protection#116374767862656370657e633f7c707d7c7e51747a7e73637e6565627c687f757876797465747f3f6274: 404 Client Error: Not Found for url: https://www.ekobrottsmyndigheten.se/cdn-cgi/l/email-protection#116374767862656370657e633f7c707d7c7e51747a7e73637e6565627c687f757876797465747f3f6274
07:18:02 [WARNING]   [HTTP error] https://www.ekobrottsmyndigheten.se/cdn-cgi/l/email-protection#b2c0d7d5dbc1c6c0d3c6ddc09cc1c6ddd1d9dadddedff2d7d9ddd0c0ddc6c6c1dfcbdcd6dbd5dad7c6d7dc9cc1d7: 404 Client Error: Not Found for url: https://www.ekobrottsmyndigheten.se/cdn-cgi/l/email-protection#b2c0d7d5dbc1c6c0d3c6ddc09cc1c6ddd1d9dadddedff2d7d9ddd0c0ddc6c6c1dfcbdcd6dbd5dad7c6d7dc9cc1d7
07:18:06 [WARNING]   [HTTP error] https://www.ekobrottsmyndigheten.se/cdn-cgi/l/email-protection#aad8cfcdc3d9ded8cbdec5d884dfc7cfcbeacfc1c5c8d8c5deded9c7d3c4cec3cdc2cfdecfc484d9cf: 404 Client Error: Not Found for url: https://www.ekobrottsmyndigheten.se/cdn-cgi/l/email-protection#aad8cfcdc3d9ded8cbdec5d884dfc7cfcbeacfc1c5c8d8c5deded9c7d3c4cec3cdc2cfdecfc484d9cf
07:18:11 [WARNING]   [HTTP error] https://www.ekobrottsmyndigheten.se/cdn-cgi/l/email-protection#0e7c6b69677d7a7c6f7a617c207b7e7e7d6f626f4e6b65616c7c617a7a7d6377606a6769666b7a6b60207d6b: 404 Client Error: Not Found for url: https://www.ekobrottsmyndigheten.se/cdn-cgi/l/email-protection#0e7c6b69677d7a7c6f7a617c207b7e7e7d6f626f4e6b65616c7c617a7a7d6377606a6769666b7a6b60207d6b
07:18:15 [WARNING]   [HTTP error] https://www.ekobrottsmyndigheten.se/cdn-cgi/l/email-protection#c0a8b5b6b5a4b2a5a7a9b3b4b2a1b4afb280a5abafa2b2afb4b4b3adb9aea4a9a7a8a5b4a5aeeeb3a5: 404 Client Error: Not Found for url: https://www.ekobrottsmyndigheten.se/cdn-cgi/l/email-protection#c0a8b5b6b5a4b2a5a7a9b3b4b2a1b4afb280a5abafa2b2afb4b4b3adb9aea4a9a7a8a5b4a5aeeeb3a5
07:18:18 [WARNING]   [HTTP error] https://www.ekobrottsmyndigheten.se/cdn-cgi/l/email-protection#0b796e6c62787f796a7f6479256c647f6e6964796c4b6e60646979647f7f786672656f626c636e7f6e6525786e: 404 Client Error: Not Found for url: https://www.ekobrottsmyndigheten.se/cdn-cgi/l/email-protection#0b796e6c62787f796a7f6479256c647f6e6964796c4b6e60646979647f7f786672656f626c636e7f6e6525786e
07:18:23 [WARNING]   [HTTP error] https://www.ekobrottsmyndigheten.se/cdn-cgi/l/email-protection#cebcaba9a7bdbabcafbaa1bce0a2a7a0a5a1bea7a0a98eaba5a1acbca1bababda3b7a0aaa7a9a6abbaaba0e0bdab: 404 Client Error: Not Found for url: https://www.ekobrottsmyndigheten.se/cdn-cgi/l/email-protection#cebcaba9a7bdbabcafbaa1bce0a2a7a0a5a1bea7a0a98eaba5a1acbca1bababda3b7a0aaa7a9a6abbaaba0e0bdab
07:18:28 [WARNING]   [HTTP error] https://www.ekobrottsmyndigheten.se/cdn-cgi/l/email-protection#3c4e595b554f484e5d48534e12515d5051537c5957535e4e5348484f51455258555b5459485952124f59: 404 Client Error: Not Found for url: https://www.ekobrottsmyndigheten.se/cdn-cgi/l/email-protection#3c4e595b554f484e5d48534e12515d5051537c5957535e4e5348484f51455258555b5459485952124f59
07:18:32 [WARNING]   [HTTP error] https://www.ekobrottsmyndigheten.se/cdn-cgi/l/email-protection#047661636d77707665706b762a77706b676f6c6b686944616f6b66766b707077697d6a606d636c6170616a2a7761: 404 Client Error: Not Found for url: https://www.ekobrottsmyndigheten.se/cdn-cgi/l/email-protection#047661636d77707665706b762a77706b676f6c6b686944616f6b66766b707077697d6a606d636c6170616a2a7761
07:18:37 [WARNING]   [HTTP error] https://www.ekobrottsmyndigheten.se/cdn-cgi/l/email-protection#6f1d0a08061c1b1d0e1b001d411a020a0e2f0a04000d1d001b1b1c0216010b0608070a1b0a01411c0a: 404 Client Error: Not Found for url: https://www.ekobrottsmyndigheten.se/cdn-cgi/l/email-protection#6f1d0a08061c1b1d0e1b001d411a020a0e2f0a04000d1d001b1b1c0216010b0608070a1b0a01411c0a
07:18:42 [WARNING]   [HTTP error] https://www.ekobrottsmyndigheten.se/cdn-cgi/l/email-protection#780a1d1f110b0c0a190c170a560d08080b191419381d13171a0a170c0c0b1501161c111f101d0c1d16560b1d: 404 Client Error: Not Found for url: https://www.ekobrottsmyndigheten.se/cdn-cgi/l/email-protection#780a1d1f110b0c0a190c170a560d08080b191419381d13171a0a170c0c0b1501161c111f101d0c1d16560b1d
07:18:46 [WARNING]   [HTTP error] https://www.ekobrottsmyndigheten.se/cdn-cgi/l/email-protection#c5adb0b3b0a1b7a0a2acb6b1b7a4b1aab785a0aeaaa7b7aab1b1b6a8bcaba1aca2ada0b1a0abebb6a0: 404 Client Error: Not Found for url: https://www.ekobrottsmyndigheten.se/cdn-cgi/l/email-protection#c5adb0b3b0a1b7a0a2acb6b1b7a4b1aab785a0aeaaa7b7aab1b1b6a8bcaba1aca2ada0b1a0abebb6a0
07:18:51 [WARNING]   [HTTP error] https://www.ekobrottsmyndigheten.se/cdn-cgi/l/email-protection#552730323c26212734213a277b323a2130373a273215303e3a37273a212126382c3b313c323d3021303b7b2630: 404 Client Error: Not Found for url: https://www.ekobrottsmyndigheten.se/cdn-cgi/l/email-protection#552730323c26212734213a277b323a2130373a273215303e3a37273a212126382c3b313c323d3021303b7b2630
07:18:56 [WARNING]   [HTTP error] https://www.ekobrottsmyndigheten.se/cdn-cgi/l/email-protection#d2a0b7b5bba1a6a0b3a6bda0fcbebbbcb9bda2bbbcb592b7b9bdb0a0bda6a6a1bfabbcb6bbb5bab7a6b7bcfca1b7: 404 Client Error: Not Found for url: https://www.ekobrottsmyndigheten.se/cdn-cgi/l/email-protection#d2a0b7b5bba1a6a0b3a6bda0fcbebbbcb9bda2bbbcb592b7b9bdb0a0bda6a6a1bfabbcb6bbb5bab7a6b7bcfca1b7
07:19:00 [WARNING]   [HTTP error] https://www.ekobrottsmyndigheten.se/cdn-cgi/l/email-protection#0f7d6a68667c7b7d6e7b607d21626e6362604f6a64606d7d607b7b7c6276616b6668676a7b6a61217c6a: 404 Client Error: Not Found for url: https://www.ekobrottsmyndigheten.se/cdn-cgi/l/email-protection#0f7d6a68667c7b7d6e7b607d21626e6362604f6a64606d7d607b7b7c6276616b6668676a7b6a61217c6a
07:19:03 [WARNING]   [HTTP error] https://www.ekobrottsmyndigheten.se/cdn-cgi/l/email-protection#3c4e595b554f484e5d48534e124951595d7c5957535e4e5348484f51455258555b5459485952124f59: 404 Client Error: Not Found for url: https://www.ekobrottsmyndigheten.se/cdn-cgi/l/email-protection#3c4e595b554f484e5d48534e124951595d7c5957535e4e5348484f51455258555b5459485952124f59
07:19:07 [WARNING]   [HTTP error] https://www.ekobrottsmyndigheten.se/cdn-cgi/l/email-protection#6e1c0b09071d1a1c0f1a011c401b1e1e1d0f020f2e0b05010c1c011a1a1d0317000a0709060b1a0b00401d0b: 404 Client Error: Not Found for url: https://www.ekobrottsmyndigheten.se/cdn-cgi/l/email-protection#6e1c0b09071d1a1c0f1a011c401b1e1e1d0f020f2e0b05010c1c011a1a1d0317000a0709060b1a0b00401d0b
07:19:12 [WARNING]   [HTTP error] https://www.ekobrottsmyndigheten.se/cdn-cgi/l/email-protection#fc94898a89988e999b958f888e9d88938ebc9997939e8e9388888f91859298959b9499889992d28f99: 404 Client Error: Not Found for url: https://www.ekobrottsmyndigheten.se/cdn-cgi/l/email-protection#fc94898a89988e999b958f888e9d88938ebc9997939e8e9388888f91859298959b9499889992d28f99
07:19:16 [WARNING]   [HTTP error] https://www.ekobrottsmyndigheten.se/cdn-cgi/l/email-protection#413324262832353320352e336f262e3524232e332601242a2e23332e3535322c382f252826292435242f6f3224: 404 Client Error: Not Found for url: https://www.ekobrottsmyndigheten.se/cdn-cgi/l/email-protection#413324262832353320352e336f262e3524232e332601242a2e23332e3535322c382f252826292435242f6f3224
07:19:23 [WARNING]   [HTTP error] https://www.ekobrottsmyndigheten.se/cdn-cgi/l/email-protection#7e0c1b19170d0a0c1f0a110c500d0a111d15161112133e1b15111c0c110a0a0d1307101a1719161b0a1b10500d1b: 404 Client Error: Not Found for url: https://www.ekobrottsmyndigheten.se/cdn-cgi/l/email-protection#7e0c1b19170d0a0c1f0a110c500d0a111d15161112133e1b15111c0c110a0a0d1307101a1719161b0a1b10500d1b
07:19:26 [WARNING]   [HTTP error] https://www.ekobrottsmyndigheten.se/cdn-cgi/l/email-protection#1e6c7b79776d6a6c7f6a716c306b737b7f5e7b75717c6c716a6a6d7367707a7779767b6a7b70306d7b: 404 Client Error: Not Found for url: https://www.ekobrottsmyndigheten.se/cdn-cgi/l/email-protection#1e6c7b79776d6a6c7f6a716c306b737b7f5e7b75717c6c716a6a6d7367707a7779767b6a7b70306d7b
07:19:31 [WARNING]   [HTTP error] https://www.ekobrottsmyndigheten.se/cdn-cgi/l/email-protection#345c414241504651535d47404655405b4674515f5b56465b404047594d5a505d535c5140515a1a4751: 404 Client Error: Not Found for url: https://www.ekobrottsmyndigheten.se/cdn-cgi/l/email-protection#345c414241504651535d47404655405b4674515f5b56465b404047594d5a505d535c5140515a1a4751
07:19:35 [WARNING]   [HTTP error] https://www.ekobrottsmyndigheten.se/cdn-cgi/l/email-protection#7f0d1a18160c0b0d1e0b100d5118100b1a1d100d183f1a14101d0d100b0b0c1206111b1618171a0b1a11510c1a: 404 Client Error: Not Found for url: https://www.ekobrottsmyndigheten.se/cdn-cgi/l/email-protection#7f0d1a18160c0b0d1e0b100d5118100b1a1d100d183f1a14101d0d100b0b0c1206111b1618171a0b1a11510c1a
07:19:39 [WARNING]   [HTTP error] https://www.ekobrottsmyndigheten.se/cdn-cgi/l/email-protection#bdcfd8dad4cec9cfdcc9d2cf93d1d4d3d6d2cdd4d3dafdd8d6d2dfcfd2c9c9ced0c4d3d9d4dad5d8c9d8d393ced8: 404 Client Error: Not Found for url: https://www.ekobrottsmyndigheten.se/cdn-cgi/l/email-protection#bdcfd8dad4cec9cfdcc9d2cf93d1d4d3d6d2cdd4d3dafdd8d6d2dfcfd2c9c9ced0c4d3d9d4dad5d8c9d8d393ced8
07:19:42 [WARNING]   [HTTP error] https://www.ekobrottsmyndigheten.se/cdn-cgi/l/email-protection#b2c0d7d5dbc1c6c0d3c6ddc09cdfd3dedfddf2d7d9ddd0c0ddc6c6c1dfcbdcd6dbd5dad7c6d7dc9cc1d7: 404 Client Error: Not Found for url: https://www.ekobrottsmyndigheten.se/cdn-cgi/l/email-protection#b2c0d7d5dbc1c6c0d3c6ddc09cdfd3dedfddf2d7d9ddd0c0ddc6c6c1dfcbdcd6dbd5dad7c6d7dc9cc1d7
07:19:47 [WARNING]   [HTTP error] https://www.ekobrottsmyndigheten.se/cdn-cgi/l/email-protection#740611131d07000615001b065a07001b171f1c1b181934111f1b16061b000007190d1a101d131c1100111a5a0711: 404 Client Error: Not Found for url: https://www.ekobrottsmyndigheten.se/cdn-cgi/l/email-protection#740611131d07000615001b065a07001b171f1c1b181934111f1b16061b000007190d1a101d131c1100111a5a0711
07:19:52 [WARNING]   [HTTP error] https://www.ekobrottsmyndigheten.se/cdn-cgi/l/email-protection#bfcddad8d6cccbcddecbd0cd91cacfcfccded3deffdad4d0ddcdd0cbcbccd2c6d1dbd6d8d7dacbdad191ccda: 404 Client Error: Not Found for url: https://www.ekobrottsmyndigheten.se/cdn-cgi/l/email-protection#bfcddad8d6cccbcddecbd0cd91cacfcfccded3deffdad4d0ddcdd0cbcbccd2c6d1dbd6d8d7dacbdad191ccda
07:19:57 [WARNING]   [HTTP error] https://www.ekobrottsmyndigheten.se/cdn-cgi/l/email-protection#5038252625342235373923242231243f2210353b3f32223f2424233d293e343937383524353e7e2335: 404 Client Error: Not Found for url: https://www.ekobrottsmyndigheten.se/cdn-cgi/l/email-protection#5038252625342235373923242231243f2210353b3f32223f2424233d293e343937383524353e7e2335
07:20:01 [WARNING]   [HTTP error] https://www.ekobrottsmyndigheten.se/cdn-cgi/l/email-protection#077562606e7473756673687529606873626568756047626c686575687373746a7e69636e606f62736269297462: 404 Client Error: Not Found for url: https://www.ekobrottsmyndigheten.se/cdn-cgi/l/email-protection#077562606e7473756673687529606873626568756047626c686575687373746a7e69636e606f62736269297462
07:20:05 [WARNING]   [HTTP error] https://www.ekobrottsmyndigheten.se/cdn-cgi/l/email-protection#86f4e3e1eff5f2f4e7f2e9f4a8ebe7eaebe9c6e3ede9e4f4e9f2f2f5ebffe8e2efe1eee3f2e3e8a8f5e3: 404 Client Error: Not Found for url: https://www.ekobrottsmyndigheten.se/cdn-cgi/l/email-protection#86f4e3e1eff5f2f4e7f2e9f4a8ebe7eaebe9c6e3ede9e4f4e9f2f2f5ebffe8e2efe1eee3f2e3e8a8f5e3
07:20:09 [WARNING]   [HTTP error] https://www.ekobrottsmyndigheten.se/cdn-cgi/l/email-protection#b5c7d0d2dcc6c1c7d4c1dac79bc6c1dad6dedddad9d8f5d0dedad7c7dac1c1c6d8ccdbd1dcd2ddd0c1d0db9bc6d0: 404 Client Error: Not Found for url: https://www.ekobrottsmyndigheten.se/cdn-cgi/l/email-protection#b5c7d0d2dcc6c1c7d4c1dac79bc6c1dad6dedddad9d8f5d0dedad7c7dac1c1c6d8ccdbd1dcd2ddd0c1d0db9bc6d0
07:20:14 [WARNING]   [HTTP error] https://www.ekobrottsmyndigheten.se/cdn-cgi/l/email-protection#a7d5c2c0ced4d3d5c6d3c8d589d2cac2c6e7c2ccc8c5d5c8d3d3d4cadec9c3cec0cfc2d3c2c989d4c2: 404 Client Error: Not Found for url: https://www.ekobrottsmyndigheten.se/cdn-cgi/l/email-protection#a7d5c2c0ced4d3d5c6d3c8d589d2cac2c6e7c2ccc8c5d5c8d3d3d4cadec9c3cec0cfc2d3c2c989d4c2
07:20:26 [WARNING]   [HTTP error] https://www.ekobrottsmyndigheten.se/cdn-cgi/l/email-protection#244c515251405641434d57505645504b5664414f4b46564b505057495d4a404d434c4150414a0a5741: 404 Client Error: Not Found for url: https://www.ekobrottsmyndigheten.se/cdn-cgi/l/email-protection#244c515251405641434d57505645504b5664414f4b46564b505057495d4a404d434c4150414a0a5741
07:20:30 [WARNING]   [HTTP error] https://www.ekobrottsmyndigheten.se/cdn-cgi/l/email-protection#1d6f787a746e696f7c69726f337a7269787f726f7a5d7876727f6f7269696e70647379747a7578697873336e78: 404 Client Error: Not Found for url: https://www.ekobrottsmyndigheten.se/cdn-cgi/l/email-protection#1d6f787a746e696f7c69726f337a7269787f726f7a5d7876727f6f7269696e70647379747a7578697873336e78
07:20:34 [WARNING]   [HTTP error] https://www.ekobrottsmyndigheten.se/cdn-cgi/l/email-protection#bfcddad8d6cccbcddecbd0cd91d3d6d1d4d0cfd6d1d8ffdad4d0ddcdd0cbcbccd2c6d1dbd6d8d7dacbdad191ccda: 404 Client Error: Not Found for url: https://www.ekobrottsmyndigheten.se/cdn-cgi/l/email-protection#bfcddad8d6cccbcddecbd0cd91d3d6d1d4d0cfd6d1d8ffdad4d0ddcdd0cbcbccd2c6d1dbd6d8d7dacbdad191ccda
07:20:39 [WARNING]   [HTTP error] https://www.ekobrottsmyndigheten.se/cdn-cgi/l/email-protection#057760626c76717764716a772b686469686a45606e6a67776a717176687c6b616c626d6071606b2b7660: 404 Client Error: Not Found for url: https://www.ekobrottsmyndigheten.se/cdn-cgi/l/email-protection#057760626c76717764716a772b686469686a45606e6a67776a717176687c6b616c626d6071606b2b7660
07:20:43 [WARNING]   [HTTP error] https://www.ekobrottsmyndigheten.se/cdn-cgi/l/email-protection#4c3e292b253f383e2d38233e623f38232f27242320210c2927232e3e2338383f21352228252b2429382922623f29: 404 Client Error: Not Found for url: https://www.ekobrottsmyndigheten.se/cdn-cgi/l/email-protection#4c3e292b253f383e2d38233e623f38232f27242320210c2927232e3e2338383f21352228252b2429382922623f29
07:20:47 [WARNING]   [HTTP error] https://www.ekobrottsmyndigheten.se/cdn-cgi/l/email-protection#057760626c76717764716a772b7068606445606e6a67776a717176687c6b616c626d6071606b2b7660: 404 Client Error: Not Found for url: https://www.ekobrottsmyndigheten.se/cdn-cgi/l/email-protection#057760626c76717764716a772b7068606445606e6a67776a717176687c6b616c626d6071606b2b7660
07:20:50 [WARNING]   [HTTP error] https://www.ekobrottsmyndigheten.se/cdn-cgi/l/email-protection#e69483818f95929487928994c893969695878a87a6838d898494899292958b9f88828f818e83928388c89583: 404 Client Error: Not Found for url: https://www.ekobrottsmyndigheten.se/cdn-cgi/l/email-protection#e69483818f95929487928994c893969695878a87a6838d898494899292958b9f88828f818e83928388c89583
07:20:58 [WARNING]   [HTTP error] https://www.ekobrottsmyndigheten.se/cdn-cgi/l/email-protection#18706d6e6d7c6a7d7f716b6c6a796c776a587d73777a6a776c6c6b7561767c717f707d6c7d76366b7d: 404 Client Error: Not Found for url: https://www.ekobrottsmyndigheten.se/cdn-cgi/l/email-protection#18706d6e6d7c6a7d7f716b6c6a796c776a587d73777a6a776c6c6b7561767c717f707d6c7d76366b7d
07:21:01 [WARNING]   [HTTP error] https://www.ekobrottsmyndigheten.se/cdn-cgi/l/email-protection#5a283f3d33292e283b2e3528743d352e3f3835283d1a3f31353828352e2e293723343e333d323f2e3f3474293f: 404 Client Error: Not Found for url: https://www.ekobrottsmyndigheten.se/cdn-cgi/l/email-protection#5a283f3d33292e283b2e3528743d352e3f3835283d1a3f31353828352e2e293723343e333d323f2e3f3474293f
07:21:05 [WARNING]   [HTTP error] https://www.ekobrottsmyndigheten.se/cdn-cgi/l/email-protection#374552505e44434556435845195a565b5a5877525c585545584343445a4e59535e505f52435259194452: 404 Client Error: Not Found for url: https://www.ekobrottsmyndigheten.se/cdn-cgi/l/email-protection#374552505e44434556435845195a565b5a5877525c585545584343445a4e59535e505f52435259194452
07:21:10 [WARNING]   [HTTP error] https://www.ekobrottsmyndigheten.se/cdn-cgi/l/email-protection#6e1c0b09071d1a1c0f1a011c401d1a010d05060102032e0b05010c1c011a1a1d0317000a0709060b1a0b00401d0b: 404 Client Error: Not Found for url: https://www.ekobrottsmyndigheten.se/cdn-cgi/l/email-protection#6e1c0b09071d1a1c0f1a011c401d1a010d05060102032e0b05010c1c011a1a1d0317000a0709060b1a0b00401d0b
07:21:15 [WARNING]   [HTTP error] https://www.ekobrottsmyndigheten.se/cdn-cgi/l/email-protection#d5a7b0b2bca6a1a7b4a1baa7fba0b8b0b495b0bebab7a7baa1a1a6b8acbbb1bcb2bdb0a1b0bbfba6b0: 404 Client Error: Not Found for url: https://www.ekobrottsmyndigheten.se/cdn-cgi/l/email-protection#d5a7b0b2bca6a1a7b4a1baa7fba0b8b0b495b0bebab7a7baa1a1a6b8acbbb1bcb2bdb0a1b0bbfba6b0
07:21:18 [WARNING]   [HTTP error] https://www.ekobrottsmyndigheten.se/cdn-cgi/l/email-protection#84f6e1e3edf7f0f6e5f0ebf6aaf1f4f4f7e5e8e5c4e1efebe6f6ebf0f0f7e9fdeae0ede3ece1f0e1eaaaf7e1: 404 Client Error: Not Found for url: https://www.ekobrottsmyndigheten.se/cdn-cgi/l/email-protection#84f6e1e3edf7f0f6e5f0ebf6aaf1f4f4f7e5e8e5c4e1efebe6f6ebf0f0f7e9fdeae0ede3ece1f0e1eaaaf7e1
07:21:35 [WARNING]   [HTTP error] https://www.ekobrottsmyndigheten.se/cdn-cgi/l/email-protection#7d15080b08190f181a140e090f1c09120f3d1816121f0f1209090e10041319141a1518091813530e18: 404 Client Error: Not Found for url: https://www.ekobrottsmyndigheten.se/cdn-cgi/l/email-protection#7d15080b08190f181a140e090f1c09120f3d1816121f0f1209090e10041319141a1518091813530e18
07:21:40 [WARNING]   [HTTP error] https://www.ekobrottsmyndigheten.se/cdn-cgi/l/email-protection#463423212f3532342732293468212932232429342106232d292434293232352b3f28222f212e23322328683523: 404 Client Error: Not Found for url: https://www.ekobrottsmyndigheten.se/cdn-cgi/l/email-protection#463423212f3532342732293468212932232429342106232d292434293232352b3f28222f212e23322328683523
07:21:44 [WARNING]   [HTTP error] https://www.ekobrottsmyndigheten.se/cdn-cgi/l/email-protection#d0a2b5b7b9a3a4a2b1a4bfa2febcb9bebbbfa0b9beb790b5bbbfb2a2bfa4a4a3bda9beb4b9b7b8b5a4b5befea3b5: 404 Client Error: Not Found for url: https://www.ekobrottsmyndigheten.se/cdn-cgi/l/email-protection#d0a2b5b7b9a3a4a2b1a4bfa2febcb9bebbbfa0b9beb790b5bbbfb2a2bfa4a4a3bda9beb4b9b7b8b5a4b5befea3b5
07:21:48 [WARNING]   [HTTP error] https://www.ekobrottsmyndigheten.se/cdn-cgi/l/email-protection#483a2d2f213b3c3a293c273a662529242527082d23272a3a273c3c3b2531262c212f202d3c2d26663b2d: 404 Client Error: Not Found for url: https://www.ekobrottsmyndigheten.se/cdn-cgi/l/email-protection#483a2d2f213b3c3a293c273a662529242527082d23272a3a273c3c3b2531262c212f202d3c2d26663b2d
07:21:51 [WARNING]   [HTTP error] https://www.ekobrottsmyndigheten.se/cdn-cgi/l/email-protection#cdbfa8aaa4beb9bfacb9a2bfe3beb9a2aea6a5a2a1a08da8a6a2afbfa2b9b9bea0b4a3a9a4aaa5a8b9a8a3e3bea8: 404 Client Error: Not Found for url: https://www.ekobrottsmyndigheten.se/cdn-cgi/l/email-protection#cdbfa8aaa4beb9bfacb9a2bfe3beb9a2aea6a5a2a1a08da8a6a2afbfa2b9b9bea0b4a3a9a4aaa5a8b9a8a3e3bea8
07:21:55 [WARNING]   [HTTP error] https://www.ekobrottsmyndigheten.se/cdn-cgi/l/email-protection#90e2f5f7f9e3e4e2f1e4ffe2bee5e0e0e3f1fcf1d0f5fbfff2e2ffe4e4e3fde9fef4f9f7f8f5e4f5febee3f5: 404 Client Error: Not Found for url: https://www.ekobrottsmyndigheten.se/cdn-cgi/l/email-protection#90e2f5f7f9e3e4e2f1e4ffe2bee5e0e0e3f1fcf1d0f5fbfff2e2ffe4e4e3fde9fef4f9f7f8f5e4f5febee3f5
07:22:07 [WARNING]   [HTTP error] https://www.ekobrottsmyndigheten.se/cdn-cgi/l/email-protection#7b130e0d0e1f091e1c12080f091a0f14093b1e10141909140f0f081602151f121c131e0f1e1555081e: 404 Client Error: Not Found for url: https://www.ekobrottsmyndigheten.se/cdn-cgi/l/email-protection#7b130e0d0e1f091e1c12080f091a0f14093b1e10141909140f0f081602151f121c131e0f1e1555081e
07:22:10 [WARNING]   [HTTP error] https://www.ekobrottsmyndigheten.se/cdn-cgi/l/email-protection#99ebfcfef0eaedebf8edf6ebb7fef6edfcfbf6ebfed9fcf2f6fbebf6ededeaf4e0f7fdf0fef1fcedfcf7b7eafc: 404 Client Error: Not Found for url: https://www.ekobrottsmyndigheten.se/cdn-cgi/l/email-protection#99ebfcfef0eaedebf8edf6ebb7fef6edfcfbf6ebfed9fcf2f6fbebf6ededeaf4e0f7fdf0fef1fcedfcf7b7eafc
07:22:14 [WARNING]   [HTTP error] https://www.ekobrottsmyndigheten.se/cdn-cgi/l/email-protection#dfadbab8b6acabadbeabb0adf1b3b6b1b4b0afb6b1b89fbab4b0bdadb0ababacb2a6b1bbb6b8b7baabbab1f1acba: 404 Client Error: Not Found for url: https://www.ekobrottsmyndigheten.se/cdn-cgi/l/email-protection#dfadbab8b6acabadbeabb0adf1b3b6b1b4b0afb6b1b89fbab4b0bdadb0ababacb2a6b1bbb6b8b7baabbab1f1acba
07:22:17 [WARNING]   [HTTP error] https://www.ekobrottsmyndigheten.se/cdn-cgi/l/email-protection#5c2e393b352f282e3d28332e72313d3031331c3937333e2e3328282f31253238353b3439283932722f39: 404 Client Error: Not Found for url: https://www.ekobrottsmyndigheten.se/cdn-cgi/l/email-protection#5c2e393b352f282e3d28332e72313d3031331c3937333e2e3328282f31253238353b3439283932722f39
07:22:21 [WARNING]   [HTTP error] https://www.ekobrottsmyndigheten.se/cdn-cgi/l/email-protection#c7b5a2a0aeb4b3b5a6b3a8b5e9b4b3a8a4acafa8abaa87a2aca8a5b5a8b3b3b4aabea9a3aea0afa2b3a2a9e9b4a2: 404 Client Error: Not Found for url: https://www.ekobrottsmyndigheten.se/cdn-cgi/l/email-protection#c7b5a2a0aeb4b3b5a6b3a8b5e9b4b3a8a4acafa8abaa87a2aca8a5b5a8b3b3b4aabea9a3aea0afa2b3a2a9e9b4a2
07:22:26 [WARNING]   [HTTP error] https://www.ekobrottsmyndigheten.se/cdn-cgi/l/email-protection#81f3e4e6e8f2f5f3e0f5eef3aff4ece4e0c1e4eaeee3f3eef5f5f2ecf8efe5e8e6e9e4f5e4efaff2e4: 404 Client Error: Not Found for url: https://www.ekobrottsmyndigheten.se/cdn-cgi/l/email-protection#81f3e4e6e8f2f5f3e0f5eef3aff4ece4e0c1e4eaeee3f3eef5f5f2ecf8efe5e8e6e9e4f5e4efaff2e4
07:22:38 [WARNING]   [HTTP error] https://www.ekobrottsmyndigheten.se/cdn-cgi/l/email-protection#e59780828c96919784918a97cb828a9180878a9782a5808e8a87978a919196889c8b818c828d8091808bcb9680: 404 Client Error: Not Found for url: https://www.ekobrottsmyndigheten.se/cdn-cgi/l/email-protection#e59780828c96919784918a97cb828a9180878a9782a5808e8a87978a919196889c8b818c828d8091808bcb9680
07:22:41 [WARNING]   [HTTP error] https://www.ekobrottsmyndigheten.se/cdn-cgi/l/email-protection#d1a3b4b6b8a2a5a3b0a5bea3ffbdb8bfbabea1b8bfb691b4babeb3a3bea5a5a2bca8bfb5b8b6b9b4a5b4bfffa2b4: 404 Client Error: Not Found for url: https://www.ekobrottsmyndigheten.se/cdn-cgi/l/email-protection#d1a3b4b6b8a2a5a3b0a5bea3ffbdb8bfbabea1b8bfb691b4babeb3a3bea5a5a2bca8bfb5b8b6b9b4a5b4bfffa2b4
07:22:41 [INFO]   [CAP] Reached 500 page limit for authority. Moving on.
07:22:41 [INFO] 
[Ekobrottsmyndigheten] Done. Pre-NIS2: 44/50  NIS2-prep: 17/50
07:22:41 [INFO] 
============================================================
Authority : Integritetsskyddsmyndigheten
Tier      : 2
Quota left: 2020-2023=50  2024-2025=50
============================================================
07:23:19 [INFO]   → Found 248 PDFs on https://www.imy.se/om-oss/arkiv/aldre-remissvar/
07:23:24 [INFO]     [OK] 9a101d68… |   178 KB | year=2020 (2020-2023) | fields=25
07:23:28 [INFO]     [OK] c07cc5ec… |   127 KB | year=2020 (2020-2023) | fields=15
07:23:31 [INFO]     [OK] 41330933… |   106 KB | year=2020 (2020-2023) | fields=23
07:23:35 [INFO]     [OK] 35ee6e3e… |   107 KB | year=2020 (2020-2023) | fields=27
07:23:39 [INFO]     [OK] 3d3e2cea… |   152 KB | year=2020 (2020-2023) | fields=23
07:23:43 [INFO]     [OK] a48e784e… |   107 KB | year=2020 (2020-2023) | fields=15
07:23:47 [INFO]     [OK] 83cf2b24… |   100 KB | year=2020 (2020-2023) | fields=15
07:23:51 [INFO]     [OK] cd975ac6… |   163 KB | year=2020 (2020-2023) | fields=25
07:23:55 [INFO]     [OK] e5b227e0… |   179 KB | year=2020 (2020-2023) | fields=25
07:23:59 [INFO]     [OK] 2c903882… |   120 KB | year=2020 (2020-2023) | fields=15
07:23:59 [INFO]   [CAP] Reached 10-file limit for this page. Moving to other pages.
07:24:24 [INFO]   → Found 1 PDFs on https://www.imy.se/om-oss/arkiv/nyhetsarkiv/imy-inleder-mer-tillsyn-baserat-pa-klagomal/
07:24:30 [INFO]     [OK] 1d1351e8… |  7616 KB | year=2022 (2020-2023) | fields=37
07:24:34 [INFO]   → Found 1 PDFs on https://www.imy.se/om-oss/arkiv/nyhetsarkiv/dataskyddsombud-varnar-for-brister-i-arbetet-med-gdpr/
07:24:38 [INFO]     [OK] 9625776b… |  4073 KB | year=2023 (2020-2023) | fields=23
07:24:43 [INFO]   → Found 1 PDFs on https://www.imy.se/om-oss/arkiv/nyhetsarkiv/if-far-reprimand-for-osaker-e-post/
07:24:48 [INFO]     [OK] 79105618… |   124 KB | year=2023 (2020-2023) | fields=19
07:24:52 [INFO]   → Found 1 PDFs on https://www.imy.se/om-oss/arkiv/nyhetsarkiv/sanktionsavgift-mot-region-dalarna/
07:24:56 [INFO]     [OK] db60ba04… |   137 KB | year=2023 (2020-2023) | fields=22
07:25:02 [INFO]   → Found 1 PDFs on https://www.imy.se/om-oss/arkiv/nyhetsarkiv/kritik-mot-polisens-hantering-av-e-post/
07:25:06 [INFO]     [OK] 8fd070cf… |   251 KB | year=2023 (2020-2023) | fields=14
07:25:21 [INFO]   → Found 1 PDFs on https://www.imy.se/om-oss/arkiv/nyhetsarkiv/bara-varannan-svensk-kanner-till-gdpr/
07:25:26 [INFO]     [OK] c9d47e89… |  2572 KB | year=2022 (2020-2023) | fields=37
07:27:56 [INFO]   → Found 1 PDFs on https://www.imy.se/om-oss/
07:28:01 [INFO]     [OK] 4dc88f9b… |  1005 KB | year=2027 (post-2026) | fields=15
07:28:14 [INFO]   → Found 2 PDFs on https://www.imy.se/publikationer/kunskapshojande-insatser-till-innovationssystemet-om-integritets--och-dataskyddsfragor/
07:28:19 [INFO]     [OK] 13597e0c… |  1280 KB | year=2023 (2020-2023) | fields=24
07:28:23 [INFO]     [OK] 13597e0c… |  1280 KB | year=2023 (2020-2023) | fields=24
07:28:32 [INFO]   → Found 1 PDFs on https://www.imy.se/privatperson/dataskydd/dina-rattigheter/automatiserade-beslut/
07:28:35 [INFO]     [OK] 8947b111… |   457 KB | year=2024 (2024-2025) | fields=24
07:29:26 [INFO]   → Found 14 PDFs on https://www.imy.se/verksamhet/dataskydd/innovationsportalen/Vagledning-om-GDPR-i-innovationsprojekt/rapporter-fran-projekt-i-regulatorisk-sandlada/
07:29:31 [INFO]     [OK] ae6c5c9f… |   816 KB | year=2026 (post-2026) | fields=18
07:29:36 [INFO]     [OK] ae6c5c9f… |   816 KB | year=2026 (post-2026) | fields=18
07:29:39 [INFO]     [OK] 026e9bb9… |   735 KB | year=2026 (post-2026) | fields=18
07:29:44 [INFO]     [OK] 026e9bb9… |   735 KB | year=2026 (post-2026) | fields=18
07:29:49 [INFO]     [OK] 1cfdb93f… |   336 KB | year=2025 (2024-2025) | fields=15
07:29:54 [INFO]     [OK] 1cfdb93f… |   336 KB | year=2025 (2024-2025) | fields=15
07:29:58 [INFO]     [OK] 8df1aac1… |   653 KB | year=2025 (2024-2025) | fields=69
07:30:02 [INFO]     [OK] 8df1aac1… |   653 KB | year=2025 (2024-2025) | fields=69
07:30:06 [INFO]     [OK] 8fca2c5f… |  2835 KB | year=2025 (2024-2025) | fields=31
07:30:10 [INFO]     [OK] 8fca2c5f… |  2835 KB | year=2025 (2024-2025) | fields=31
07:30:10 [INFO]   [CAP] Reached 10-file limit for this page. Moving to other pages.
07:31:12 [INFO]   → Found 1 PDFs on https://www.imy.se/om-oss/vart-uppdrag/imy-2030/
07:31:15 [INFO]     [OK] 796320c8… |  1244 KB | year=2025 (2024-2025) | fields=31
07:31:35 [INFO]   → Found 1 PDFs on https://www.imy.se/om-oss/vart-uppdrag/sa-arbetar-vi-med-tillsyn/vad-kan-tillsynen-leda-till/
07:31:40 [INFO]     [OK] 2a895ead… |   553 KB | year=2024 (2024-2025) | fields=16
07:31:53 [INFO]   → Found 1 PDFs on https://www.imy.se/om-oss/vart-uppdrag/forordningen-om-politisk-reklam/
07:31:58 [INFO]     [OK] 452510c3… |   723 KB | year=2024 (2024-2025) | fields=21
07:33:04 [INFO]   → Found 2 PDFs on https://www.imy.se/publikationer/kamerabevakning-och-tillstandsprovning-20182025/
07:33:24 [INFO]   → Found 2 PDFs on https://www.imy.se/publikationer/vagledning-om-riktad-politisk-onlinereklam/
07:33:29 [INFO]     [OK] f0db9892… |   503 KB | year=2026 (post-2026) | fields=24
07:33:34 [INFO]     [OK] f0db9892… |   503 KB | year=2026 (post-2026) | fields=24
07:33:47 [INFO]   → Found 2 PDFs on https://www.imy.se/publikationer/vagledning-om-forhandssamrad-enligt-brottsdatalagen/
07:33:52 [INFO]     [OK] 285d02ab… |   379 KB | year=2025 (2024-2025) | fields=19
07:33:57 [INFO]     [OK] 285d02ab… |   379 KB | year=2025 (2024-2025) | fields=19
07:34:06 [INFO]   → Found 2 PDFs on https://www.imy.se/publikationer/vagledning-for-integritetsanalys-i-lagstiftningsarbete/
07:34:10 [INFO]     [OK] 03266dea… |   573 KB | year=2024 (2024-2025) | fields=19
07:34:14 [INFO]     [OK] 03266dea… |   573 KB | year=2024 (2024-2025) | fields=19
07:34:55 [INFO]   → Found 1 PDFs on https://www.imy.se/en/about-us/arkiv/nyhetsarkiv/data-protection-officers-point-to-problems-applying-gdpr/
07:35:01 [INFO]     [OK] c4e746da… |  3218 KB | year=2023 (2020-2023) | fields=41
07:35:41 [INFO]   → Found 1 PDFs on https://www.imy.se/privatperson/dataskydd/vi-guidar-dig/utgivningsbevis/
07:35:45 [INFO]     [OK] eb6394c6… |   255 KB | year=2024 (2024-2025) | fields=19
07:36:23 [INFO]   → Found 8 PDFs on https://www.imy.se/verksamhet/utbildning-och-stod/utbildningar-och-konferenser/
07:36:30 [INFO]     [OK] d6658471… |  9405 KB | year=2025 (2024-2025) | fields=17
07:36:34 [INFO]     [OK] 01fad9dc… |  4630 KB | year=2025 (2024-2025) | fields=17
07:36:37 [INFO]     [OK] 72cc3e9b… |  2436 KB | year=2025 (2024-2025) | fields=19
07:36:41 [INFO]     [OK] 8e37a3fd… |  4597 KB | year=2025 (2024-2025) | fields=19
07:36:46 [INFO]     [OK] 03e8cc2d… |  3839 KB | year=2025 (2024-2025) | fields=18
07:36:51 [INFO]     [OK] ba7c3ba2… |  2954 KB | year=2025 (2024-2025) | fields=17
07:36:56 [INFO]     [OK] 20b42898… |  2531 KB | year=2024 (2024-2025) | fields=17
07:37:01 [INFO]     [OK] edba3325… |  3054 KB | year=2024 (2024-2025) | fields=17
07:37:42 [INFO]   → Found 1 PDFs on https://www.imy.se/verksamhet/dataskydd/det-har-galler-enligt-gdpr/dataskyddsombud/maste-vi-utse-ett-dataskyddsombud/
07:37:47 [INFO]     [OK] f3f60f4f… |  1041 KB | year=2024 (2024-2025) | fields=21
07:39:02 [INFO]   → Found 1 PDFs on https://www.imy.se/privatperson/dataskydd/dina-rattigheter/ratt-till-information/
07:39:07 [INFO]     [OK] 7868aa9c… |   461 KB | year=2024 (2024-2025) | fields=22
07:39:23 [INFO]   → Found 1 PDFs on https://www.imy.se/privatperson/dataskydd/dina-rattigheter/flytta-dina-personuppgifter/
07:39:45 [INFO]     [OK] 56746727… |   388 KB | year=2024 (2024-2025) | fields=21
07:46:07 [INFO]   → Found 2 PDFs on https://www.imy.se/publikationer/barn-och-ungas-rattigheter-pa-digitala-plattformar/
07:46:12 [INFO]     [OK] c7e2da9a… |  2906 KB | year=2023 (2020-2023) | fields=34
07:46:15 [INFO]     [OK] c7e2da9a… |  2906 KB | year=2023 (2020-2023) | fields=34
07:49:16 [INFO]   → Found 3 PDFs on https://www.imy.se/publikationer/anmalda-personuppgiftsincidenter-2022/
07:49:19 [INFO]     [OK] 002efafa… |   152 KB | year=2022 (2020-2023) | fields=17
07:49:25 [INFO]     [OK] 194c729a… |  3921 KB | year=2022 (2020-2023) | fields=37
07:49:29 [INFO]     [OK] 194c729a… |  3921 KB | year=2022 (2020-2023) | fields=37
07:49:34 [INFO]   → Found 2 PDFs on https://www.imy.se/publikationer/anmalda-personuppgiftsincidenter-2021/
07:49:40 [INFO]     [OK] 3d6440e4… |  8388 KB | year=2021 (2020-2023) | fields=31
07:49:46 [INFO]     [OK] 3d6440e4… |  8388 KB | year=2021 (2020-2023) | fields=31
07:49:50 [INFO]   → Found 2 PDFs on https://www.imy.se/publikationer/anmalda-personuppgiftsincidenter-2020/
07:49:53 [INFO]     [OK] 7e834fa9… |  1997 KB | year=2020 (2020-2023) | fields=38
07:49:57 [INFO]     [OK] 7e834fa9… |  1997 KB | year=2020 (2020-2023) | fields=38
07:50:03 [INFO]   → Found 2 PDFs on https://www.imy.se/publikationer/personuppgiftsincidenter-som-beror-pa-antagonistiska-angrepp-2019/
07:50:07 [INFO]     [OK] a0f2904d… |  7053 KB | year=2021 (2020-2023) | fields=37
07:50:12 [INFO]     [OK] a0f2904d… |  7053 KB | year=2021 (2020-2023) | fields=37
07:50:17 [INFO]   → Found 2 PDFs on https://www.imy.se/publikationer/anmalda-personuppgiftsincidenter-2019/
07:50:23 [INFO]   → Found 2 PDFs on https://www.imy.se/publikationer/anmalda-personuppgiftsincidenter-januariseptember-2019/
07:50:27 [INFO]   → Found 2 PDFs on https://www.imy.se/publikationer/anmalda-personuppgiftsindicenter-2018/
07:50:51 [INFO]   → Found 7 PDFs on https://www.imy.se/verksamhet/dataskydd/det-har-galler-enligt-gdpr/konsekvensbedomning/
07:50:55 [INFO]     [OK] aa07352d… |   935 KB | year=2024 (2024-2025) | fields=21
07:50:59 [INFO]     [OK] 1879f199… |  1998 KB | year=2025 (2024-2025) | fields=32
07:51:04 [INFO]     [OK] 1879f199… |  1998 KB | year=2025 (2024-2025) | fields=32
07:51:08 [INFO]     [OK] 9eb427c8… |   464 KB | year=2025 (2024-2025) | fields=32
07:51:11 [INFO]     [OK] 9eb427c8… |   464 KB | year=2025 (2024-2025) | fields=32
07:51:16 [INFO]     [OK] f7243abe… |   303 KB | year=2025 (2024-2025) | fields=33
07:51:20 [INFO]     [OK] 32b28b73… |   513 KB | year=2025 (2024-2025) | fields=33
07:51:34 [INFO]   → Found 3 PDFs on https://www.imy.se/verksamhet/dataskydd/det-har-galler-enligt-gdpr/konsekvensbedomning/nar-ska-en-konsekvensbedomning-genomforas/
07:51:37 [INFO]     [OK] c4f080cd… |   375 KB | year=2022 (2020-2023) | fields=14
07:51:41 [INFO]     [OK] f9eac6da… |   400 KB | year=2022 (2020-2023) | fields=14
07:51:44 [INFO]     [OK] f9eac6da… |   400 KB | year=2022 (2020-2023) | fields=14
07:52:18 [INFO]   → Found 1 PDFs on https://www.imy.se/verksamhet/dataskydd/det-har-galler-enligt-gdpr/uppforandekoder-och-certifieringar/vagledning-for-er-som-ska-ta-fram-en-uppforandekod/
07:52:23 [INFO]     [OK] ebc7681a… |   315 KB | year=2023 (2020-2023) | fields=18
07:52:27 [INFO]   → Found 1 PDFs on https://www.imy.se/verksamhet/dataskydd/det-har-galler-enligt-gdpr/uppforandekoder-och-certifieringar/certifieringar/
07:52:30 [INFO]     [OK] f0d6e337… |   552 KB | year=2024 (2024-2025) | fields=18
07:53:17 [INFO]   → Found 1 PDFs on https://www.imy.se/verksamhet/dataskydd/det-har-galler-enligt-gdpr/gransoverskridande-personuppgiftsbehandling/
07:53:22 [INFO]     [OK] a0efbf4f… |   686 KB | year=2024 (2024-2025) | fields=20
07:54:00 [INFO]   → Found 2 PDFs on https://www.imy.se/publikationer/en-uppgift-om-forvaltarskap-enligt-11-kap.-foraldrabalken-ar-en-kanslig-personuppgift/
07:54:04 [INFO]     [OK] 134fcd6d… |   198 KB | year=2022 (2020-2023) | fields=19
07:54:08 [INFO]     [OK] 134fcd6d… |   198 KB | year=2022 (2020-2023) | fields=19
07:55:09 [INFO]   → Found 2 PDFs on https://www.imy.se/publikationer/rattsligt-stallningstagande-imyrs-20211/
07:55:13 [INFO]     [OK] ef746ad3… |   894 KB | year=2021 (2020-2023) | fields=19
07:55:18 [INFO]     [OK] ef746ad3… |   894 KB | year=2021 (2020-2023) | fields=19
07:56:00 [INFO]   → Found 2 PDFs on https://www.imy.se/verksamhet/dataskydd/dataskydd-pa-olika-omraden/arbetsliv/visselblasning/
07:56:04 [INFO]     [OK] 03899fe9… |  3225 KB | year=2024 (2024-2025) | fields=18
07:56:08 [INFO]     [OK] af0ce17f… |   604 KB | year=2020 (2020-2023) | fields=20
07:58:49 [INFO]   → Found 2 PDFs on https://www.imy.se/publikationer/gdpr-vid-anvandning-av-generativ-ai/
07:58:54 [INFO]     [OK] 813c9cab… |   734 KB | year=2024 (2024-2025) | fields=21
07:58:57 [INFO]     [OK] 813c9cab… |   734 KB | year=2024 (2024-2025) | fields=21
08:01:11 [INFO]   → Found 4 PDFs on https://www.imy.se/verksamhet/kamerabevakning/bedoma-om-kamerabevakning-ar-tillaten/steg-6/
08:01:15 [INFO]     [OK] 04de983d… |   217 KB | year=2025 (2024-2025) | fields=71
08:01:19 [INFO]     [OK] d2e32f0a… |   197 KB | year=2025 (2024-2025) | fields=71
08:01:22 [INFO]     [OK] 04de983d… |   217 KB | year=2025 (2024-2025) | fields=71
08:01:26 [INFO]     [OK] d2e32f0a… |   197 KB | year=2025 (2024-2025) | fields=71
08:02:02 [INFO]   → Found 12 PDFs on https://www.imy.se/verksamhet/kamerabevakning/sa-gor-ni-intresseavvagningen-pa-olika-platser/arenor-och-sportanlaggningar/
08:02:06 [INFO]     [OK] 5e8aaf87… |   111 KB | year=2020 (2020-2023) | fields=10
08:02:11 [INFO]     [OK] 1c8fea76… |  1567 KB | year=2021 (2020-2023) | fields=10
08:02:16 [INFO]     [OK] fe40dc93… |  1664 KB | year=2021 (2020-2023) | fields=10
08:02:20 [INFO]     [OK] 7b1c993d… |  1125 KB | year=2022 (2020-2023) | fields=10
08:02:25 [INFO]     [OK] 88db9593… |  1279 KB | year=2022 (2020-2023) | fields=10
08:02:29 [INFO]     [OK] a318d42f… |  1078 KB | year=2023 (2020-2023) | fields=10
08:02:33 [INFO]     [OK] c6cffe83… |   663 KB | year=2023 (2020-2023) | fields=10
08:02:38 [INFO]     [OK] 1e58ed7f… |   806 KB | year=2023 (2020-2023) | fields=10
08:02:42 [INFO]   → Found 2 PDFs on https://www.imy.se/verksamhet/kamerabevakning/sa-gor-ni-intresseavvagningen-pa-olika-platser/begravningsplatser-och-religiosa-byggnader/
08:02:47 [INFO]     [OK] 8e3428c9… |   948 KB | year=2024 (2024-2025) | fields=10
08:02:52 [INFO]     [OK] 3f3ecc92… |   116 KB | year=2020 (2020-2023) | fields=10
08:02:57 [INFO]   → Found 7 PDFs on https://www.imy.se/link/dc010a69814e4159a8ea331e29a37a6e.aspx#beslut
08:03:01 [INFO]     [OK] c2500e7a… |  4192 KB | year=2021 (2020-2023) | fields=10
08:03:05 [INFO]     [OK] f4344d14… |  2719 KB | year=2021 (2020-2023) | fields=10
08:03:19 [INFO]   → Found 4 PDFs on https://www.imy.se/verksamhet/kamerabevakning/sa-gor-ni-intresseavvagningen-pa-olika-platser/domstolar/
08:03:24 [INFO]     [OK] e1451190… |  1222 KB | year=2024 (2024-2025) | fields=10
08:03:28 [INFO]     [OK] a7ec2647… |  1336 KB | year=2024 (2024-2025) | fields=10
08:03:33 [INFO]     [OK] e17d7e47… |  1329 KB | year=2024 (2024-2025) | fields=10
08:03:37 [INFO]   → Found 8 PDFs on https://www.imy.se/verksamhet/kamerabevakning/sa-gor-ni-intresseavvagningen-pa-olika-platser/gator-och-torg/
08:03:41 [INFO]   → Found 4 PDFs on https://www.imy.se/verksamhet/kamerabevakning/sa-gor-ni-intresseavvagningen-pa-olika-platser/kollektivtrafik/
08:03:47 [INFO]   → Found 8 PDFs on https://www.imy.se/verksamhet/kamerabevakning/sa-gor-ni-intresseavvagningen-pa-olika-platser/museer-bibliotek-och-kulturhus/
08:03:51 [INFO]     [OK] d7883ad8… |   954 KB | year=2024 (2024-2025) | fields=10
08:03:55 [INFO]     [OK] fadc3a65… |  1148 KB | year=2025 (2024-2025) | fields=10
08:04:00 [INFO]   → Found 7 PDFs on https://www.imy.se/verksamhet/kamerabevakning/sa-gor-ni-intresseavvagningen-pa-olika-platser/myndigheters-och-kommuners-lokaler/
08:04:04 [INFO]   → Found 7 PDFs on https://www.imy.se/verksamhet/kamerabevakning/sa-gor-ni-intresseavvagningen-pa-olika-platser/parkeringar/
08:04:08 [INFO]     [OK] 0caadb8a… |   132 KB | year=2024 (2024-2025) | fields=22
08:04:16 [INFO]   → Found 5 PDFs on https://www.imy.se/verksamhet/kamerabevakning/sa-gor-ni-intresseavvagningen-pa-olika-platser/raddningstjansten/
08:04:21 [INFO]   → Found 7 PDFs on https://www.imy.se/verksamhet/kamerabevakning/sa-gor-ni-intresseavvagningen-pa-olika-platser/sjukhus-och-andra-vardinrattningar/
08:04:26 [INFO]     [OK] 4649a38c… |   134 KB | year=2024 (2024-2025) | fields=22
08:04:26 [INFO]   Both quotas filled — moving to next authority
08:04:26 [INFO] 
[Integritetsskyddsmyndigheten] Done. Pre-NIS2: 50/50  NIS2-prep: 50/50
08:04:26 [INFO] 
============================================================
Authority : Skatteverket
Tier      : 3
Quota left: 2020-2023=50  2024-2025=50
============================================================
08:05:21 [INFO]   → Found 20 PDFs on https://www.skatteverket.se/privat/etjansterochblanketter/blanketterbroschyrer/broschyrer/info/403.4.39f16f103821c58f680007749.html
08:05:26 [INFO]     [OK] bab00aa6… |   604 KB | year=2025 (2024-2025) | fields=34
08:05:29 [INFO]     [OK] 565c65ef… |   942 KB | year=2024 (2024-2025) | fields=18
08:05:34 [WARNING]     [HTTP error] https://www.skatteverket.se/download/18.7da1d2e118be03f8e4f3115/1725534610260/skattetabeller-for-lontagare-skv403-utgava45.pdf: ('Connection aborted.', RemoteDisconnected('Remote end closed connection without response'))
08:05:38 [INFO]     [OK] 39195027… |   733 KB | year=2024 (2024-2025) | fields=15
08:05:43 [INFO]     [OK] d2a8b7a9… |   632 KB | year=2024 (2024-2025) | fields=14
08:05:48 [INFO]     [OK] 35c011a3… |   585 KB | year=2020 (2020-2023) | fields=40
08:05:51 [INFO]     [OK] 9d6cc663… |   626 KB | year=2024 (2024-2025) | fields=14
08:05:55 [INFO]     [OK] 52eb9d8a… |   601 KB | year=2024 (2024-2025) | fields=14
08:06:00 [WARNING]     [HTTP error] https://www.skatteverket.se/download/18.b1014b415f3321c0de4b55/1708607265201/skattetabeller-for-lontagare-skv403-utgava39.pdf: ('Connection aborted.', RemoteDisconnected('Remote end closed connection without response'))
08:06:04 [INFO]     [OK] 33ad4910… |   604 KB | year=2024 (2024-2025) | fields=14
08:06:09 [WARNING]     [HTTP error] https://www.skatteverket.se/download/18.3810a01c150939e893fb4a0/1708607264746/skattetabeller-for-lontagare-skv403-utgava37.pdf: ('Connection aborted.', RemoteDisconnected('Remote end closed connection without response'))
08:06:13 [INFO]     [OK] a419d241… |   318 KB | year=2024 (2024-2025) | fields=13
08:06:26 [INFO]     [OK] 6ecfb6cd… |   254 KB | year=2024 (2024-2025) | fields=12
08:06:26 [INFO]   [CAP] Reached 10-file limit for this page. Moving to other pages.
08:06:31 [INFO]   → Found 16 PDFs on https://www.skatteverket.se/privat/etjansterochblanketter/blanketterbroschyrer/broschyrer/info/354.4.39f16f103821c58f680007497.html
08:06:35 [INFO]     [OK] b2f3cff3… |   233 KB | year=2025 (2024-2025) | fields=31
08:06:39 [INFO]     [OK] 32b90ddf… |   236 KB | year=2024 (2024-2025) | fields=32
08:06:42 [INFO]     [OK] 1013975a… |   360 KB | year=2024 (2024-2025) | fields=13
08:06:46 [INFO]     [OK] 45d44dd6… |   448 KB | year=2024 (2024-2025) | fields=14
08:06:50 [INFO]     [OK] 2c04e479… |   439 KB | year=2024 (2024-2025) | fields=13
08:06:54 [INFO]     [OK] 63f7eeda… |   415 KB | year=2024 (2024-2025) | fields=13
08:06:57 [INFO]     [OK] 325787d7… |   369 KB | year=2024 (2024-2025) | fields=13
08:07:02 [INFO]     [OK] 963d9f37… |   393 KB | year=2024 (2024-2025) | fields=13
08:07:07 [INFO]     [OK] 98592e38… |   402 KB | year=2024 (2024-2025) | fields=12
08:07:12 [INFO]     [OK] 0d2ebaa8… |   376 KB | year=2024 (2024-2025) | fields=12
08:07:12 [INFO]   [CAP] Reached 10-file limit for this page. Moving to other pages.
08:07:16 [INFO]   → Found 3 PDFs on https://www.skatteverket.se/privat/etjansterochblanketter/blanketterbroschyrer/broschyrer/info/461.4.39f16f103821c58f680007861.html
08:07:19 [INFO]     [OK] 1ff7b917… |   886 KB | year=2026 (post-2026) | fields=22
08:07:24 [INFO]     [OK] c8ec7ee1… |   413 KB | year=2024 (2024-2025) | fields=15
08:08:18 [INFO]   → Found 10 PDFs on https://www.skatteverket.se/privat/etjansterochblanketter/blanketterbroschyrer/broschyrer/info/152.4.39f16f103821c58f680007237.html
08:08:39 [INFO]     [OK] 9b44a1cc… |  6686 KB | year=2024 (2024-2025) | fields=12
08:08:45 [INFO]     [OK] 377bf42f… |  3177 KB | year=2024 (2024-2025) | fields=12
08:08:51 [INFO]     [OK] 1c0f8104… |  6093 KB | year=2024 (2024-2025) | fields=19
08:08:55 [INFO]     [OK] 453aa7af… |  6137 KB | year=2024 (2024-2025) | fields=15
08:09:00 [INFO]     [OK] 10a8767c… |  5539 KB | year=2024 (2024-2025) | fields=14
08:09:05 [WARNING]     [HTTP error] https://www.skatteverket.se/download/18.6efe6285127ab4f1d2580006907/1708607251370/15209.pdf: ('Connection aborted.', RemoteDisconnected('Remote end closed connection without response'))
08:09:09 [INFO]   → Found 19 PDFs on https://www.skatteverket.se/privat/etjansterochblanketter/blanketterbroschyrer/broschyrer/info/165.4.39f16f103821c58f680007245.html
08:09:15 [INFO]     [OK] 0066488c… | 10175 KB | year=2025 (2024-2025) | fields=29
08:09:21 [INFO]     [OK] cf8fe17f… |  6434 KB | year=2024 (2024-2025) | fields=33
08:09:27 [INFO]     [OK] 597ccbfe… | 11713 KB | year=2023 (2020-2023) | fields=17
08:09:32 [INFO]     [OK] f51b0ebf… | 10664 KB | year=2022 (2020-2023) | fields=13
08:09:39 [INFO]     [OK] 4d86cf8f… | 13855 KB | year=2021 (2020-2023) | fields=13
08:09:44 [INFO]     [OK] 88448dab… |  7141 KB | year=2020 (2020-2023) | fields=30
08:09:48 [INFO]     [OK] 61966ab3… |  1894 KB | year=2024 (2024-2025) | fields=12
08:09:52 [INFO]     [OK] 137158f9… |    75 KB | year=2025 (2024-2025) | fields=19
08:09:57 [INFO]     [OK] 51675e2d… |  2529 KB | year=2024 (2024-2025) | fields=13
08:10:01 [INFO]     [OK] 488a12a2… |   874 KB | year=2024 (2024-2025) | fields=12
08:10:01 [INFO]   [CAP] Reached 10-file limit for this page. Moving to other pages.
08:10:43 [WARNING]   [HTTP error] https://www.skatteverket.se/privat/etjansterochblanketter/blanketterbroschyrer/blanketter/info/4600utgava5utansum.4.4a4d586616058d860bc4f2d.html: ('Connection aborted.', RemoteDisconnected('Remote end closed connection without response'))
08:10:51 [INFO]   → Found 1 PDFs on https://www.skatteverket.se/privat/etjansterochblanketter/blanketterbroschyrer/broschyrer/info/353.4.76a43be412206334b8980008683.html
08:10:55 [INFO]     [OK] fbd0cd90… |   262 KB | year=2026 (post-2026) | fields=33
08:12:19 [INFO]   → Found 1 PDFs on https://www.skatteverket.se/privat/etjansterochblanketter/blanketterbroschyrer/broschyrer/info/538.4.48cfd212185efbb440b2321.html
08:12:23 [INFO]     [OK] 8321e93a… |   157 KB | year=2024 (2024-2025) | fields=38
08:12:27 [INFO]   → Found 3 PDFs on https://www.skatteverket.se/foretag/etjansterochblanketter/blanketterbroschyrer/broschyrer/info/380.4.4f3d00a710cc9ae1c9c80007968.html
08:12:31 [INFO]     [OK] 46e3684b… |   484 KB | year=2024 (2024-2025) | fields=32
08:12:35 [INFO]     [OK] 49c1e2cc… |   230 KB | year=2024 (2024-2025) | fields=38
08:12:40 [INFO]     [OK] f7b613de… |    34 KB | year=2024 (2024-2025) | fields=10
08:12:45 [INFO]   → Found 1 PDFs on https://www.skatteverket.se/foretag/etjansterochblanketter/blanketterbroschyrer/broschyrer/info/3563.4.8bcb26d16a5646a1487a80.html
08:12:48 [INFO]     [OK] 9d1b85a2… |   144 KB | year=2024 (2024-2025) | fields=38
08:12:52 [INFO]   → Found 1 PDFs on https://www.skatteverket.se/privat/etjansterochblanketter/blanketterbroschyrer/broschyrer/info/520b.4.71004e4c133e23bf6db800066312.html
08:12:57 [INFO]     [OK] b58885ae… |   814 KB | year=2024 (2024-2025) | fields=38
08:13:01 [INFO]   → Found 1 PDFs on https://www.skatteverket.se/privat/etjansterochblanketter/blanketterbroschyrer/broschyrer/info/663b.4.71004e4c133e23bf6db800075877.html
08:13:05 [INFO]     [OK] 15a69c3e… |   160 KB | year=2024 (2024-2025) | fields=38
08:13:14 [INFO]   → Found 13 PDFs on https://www.skatteverket.se/privat/etjansterochblanketter/blanketterbroschyrer/broschyrer/info/282.4.5c281c7015abecc2e201ca2b.html
08:13:19 [INFO]     [OK] 15063e04… |  2311 KB | year=2026 (post-2026) | fields=31
08:13:31 [INFO]     [OK] f565b04c… |    52 KB | year=2025 (2024-2025) | fields=62
08:13:34 [INFO]     [OK] 571d7458… |    52 KB | year=2025 (2024-2025) | fields=62
08:14:11 [INFO]   → Found 9 PDFs on https://www.skatteverket.se/privat/etjansterochblanketter/blanketterbroschyrer/broschyrer/info/283.4.5c281c7015abecc2e201ca6c.html
08:14:15 [INFO]     [OK] 5bbec7c1… |   714 KB | year=2025 (2024-2025) | fields=32
08:14:20 [INFO]     [OK] 0334b31a… |  1000 KB | year=2024 (2024-2025) | fields=14
08:14:24 [INFO]     [OK] 2ba2b3e8… |  1164 KB | year=2024 (2024-2025) | fields=14
08:14:28 [INFO]     [OK] 1188ca58… |  1176 KB | year=2024 (2024-2025) | fields=13
08:14:32 [INFO]     [OK] e98b5376… |  1122 KB | year=2024 (2024-2025) | fields=14
08:14:36 [INFO]     [OK] 1e80c0ba… |  1025 KB | year=2024 (2024-2025) | fields=13
08:14:40 [INFO]     [OK] a8a8ccfe… |  1024 KB | year=2024 (2024-2025) | fields=13
08:14:45 [INFO]     [OK] 4183c351… |  1358 KB | year=2024 (2024-2025) | fields=12
08:14:50 [INFO]     [OK] 3da20da4… |  1533 KB | year=2024 (2024-2025) | fields=12
08:14:53 [INFO]   → Found 10 PDFs on https://www.skatteverket.se/privat/etjansterochblanketter/blanketterbroschyrer/broschyrer/info/321.4.39f16f103821c58f680007425.html
08:14:58 [INFO]     [OK] 94dd7d84… |  1398 KB | year=2024 (2024-2025) | fields=12
08:16:04 [INFO]   → Found 16 PDFs on https://www.skatteverket.se/privat/etjansterochblanketter/blanketterbroschyrer/broschyrer/info/104.4.39f16f103821c58f680007193.html
08:16:26 [WARNING]     [HTTP error] https://www.skatteverket.se/download/18.71004e4c133e23bf6db800030161/1708607390633/10412.pdf: ('Connection aborted.', RemoteDisconnected('Remote end closed connection without response'))
08:17:20 [INFO]   → Found 19 PDFs on https://www.skatteverket.se/privat/etjansterochblanketter/blanketterbroschyrer/broschyrer/filer/152/15208.4.dfe345a107ebcc9baf80001280.html
08:17:46 [WARNING]     [HTTP error] https://www.skatteverket.se/download/18.dfe345a107ebcc9baf80001381/1359707282825/Kapitel_3.pdf: ('Connection aborted.', RemoteDisconnected('Remote end closed connection without response'))
08:18:16 [WARNING]     [HTTP error] https://www.skatteverket.se/download/18.dfe345a107ebcc9baf80001374/1359707282649/Kapitel_10.pdf: ('Connection aborted.', RemoteDisconnected('Remote end closed connection without response'))
08:18:43 [INFO]   → Found 19 PDFs on https://www.skatteverket.se/privat/etjansterochblanketter/blanketterbroschyrer/broschyrer/filer/152/15207.4.18e1b10334ebe8bc80004948.html
08:20:00 [WARNING]     [HTTP error] https://www.skatteverket.se/download/18.18e1b10334ebe8bc8000110791/1708611588945/152_07_kap_15.pdf: ('Connection aborted.', RemoteDisconnected('Remote end closed connection without response'))
08:20:08 [INFO]   → Found 19 PDFs on https://www.skatteverket.se/privat/etjansterochblanketter/blanketterbroschyrer/broschyrer/filer/152/15206.4.18e1b10334ebe8bc80003660.html
08:21:13 [WARNING]     [HTTP error] https://www.skatteverket.se/download/18.18e1b10334ebe8bc8000107588/1359707282334/kapitel_12.pdf: ('Connection aborted.', RemoteDisconnected('Remote end closed connection without response'))
08:21:34 [INFO]   → Found 18 PDFs on https://www.skatteverket.se/privat/etjansterochblanketter/blanketterbroschyrer/broschyrer/filer/152/15205.4.18e1b10334ebe8bc80002168.html
08:22:51 [INFO]   → Found 18 PDFs on https://www.skatteverket.se/privat/etjansterochblanketter/blanketterbroschyrer/broschyrer/filer/152/15204.4.18e1b10334ebe8bc8000187.html
08:24:10 [INFO]   → Found 17 PDFs on https://www.skatteverket.se/privat/etjansterochblanketter/blanketterbroschyrer/broschyrer/filer/152/15203.4.18e1b10334ebe8bc80004673.html
08:25:21 [INFO]   → Found 18 PDFs on https://www.skatteverket.se/privat/etjansterochblanketter/blanketterbroschyrer/broschyrer/filer/152/15202.4.18e1b10334ebe8bc80005137.html
08:26:35 [WARNING]     [HTTP error] https://www.skatteverket.se/download/18.18e1b10334ebe8bc8000111511/1359707278995/1522_17.pdf: ('Connection aborted.', RemoteDisconnected('Remote end closed connection without response'))
08:26:39 [INFO]   → Found 14 PDFs on https://www.skatteverket.se/privat/etjansterochblanketter/blanketterbroschyrer/broschyrer/filer/152/15201.4.18e1b10334ebe8bc80001234.html
08:27:01 [WARNING]     [HTTP error] https://www.skatteverket.se/download/18.18e1b10334ebe8bc8000109264/1359707278142/1521d.pdf: ('Connection aborted.', RemoteDisconnected('Remote end closed connection without response'))
08:28:52 [WARNING]   [HTTP error] https://www.skatteverket.se/privat/etjansterochblanketter/svarpavanligafragor/flyttfolkbokforing/faqfolkbokforing/duskastuderautomlandsmasteduanmalaattduflyttarfransverige.5.64a656d113f4c7597011241.html: ('Connection aborted.', RemoteDisconnected('Remote end closed connection without response'))
08:30:59 [INFO]   → Found 9 PDFs on https://www.skatteverket.se/omoss/varverksamhet/rapporterremissvarochskrivelser/rapporter/2026.4.1522bf3f19aea8075ba760.html
08:31:03 [INFO]     [OK] ea69d6d9… |   716 KB | year=2026 (post-2026) | fields=23
08:31:07 [INFO]     [OK] 1a037dc8… |   908 KB | year=2026 (post-2026) | fields=19
08:31:11 [INFO]     [OK] 08c217ac… |   727 KB | year=2026 (post-2026) | fields=15
08:31:16 [INFO]     [OK] 2b3d85e2… |  1341 KB | year=2026 (post-2026) | fields=27
08:31:43 [INFO]   → Found 1 PDFs on https://www.skatteverket.se/omoss/varverksamhet/rapporterremissvarochskrivelser/forteckningoverforeskrifterochallmannarad.4.7eada0316ed67d72824058.html
08:31:47 [INFO]     [OK] 229da649… |   696 KB | year=2026 (post-2026) | fields=17
08:31:51 [INFO]   → Found 30 PDFs on https://www.skatteverket.se/omoss/varverksamhet/rapporterremissvarochskrivelser/skatteverketsanalysverksamhet.4.7da1d2e118be03f8e4f8a19.html
08:32:26 [INFO]     [OK] 09e7ab61… |  2379 KB | year=2023 (2020-2023) | fields=11
08:32:30 [INFO]     [OK] 31604711… |  2073 KB | year=2023 (2020-2023) | fields=23
08:33:06 [INFO]   → Found 5 PDFs on https://www.skatteverket.se/omoss/varverksamhet/rapporterremissvarochskrivelser/rapporter/2025.4.386bd4b919276cc86c42d45.html
08:33:29 [INFO]   → Found 8 PDFs on https://www.skatteverket.se/omoss/varverksamhet/rapporterremissvarochskrivelser/rapporter/2024.4.7da1d2e118be03f8e4f2cb9.html
08:34:00 [INFO]   → Found 17 PDFs on https://www.skatteverket.se/omoss/varverksamhet/rapporterremissvarochskrivelser/rapporter/2023.4.1997e70d1848dabbac94714.html
08:34:05 [INFO]     [OK] 5f3186af… |  1592 KB | year=2023 (2020-2023) | fields=18
08:34:08 [INFO]     [OK] 9a9de8c3… |   297 KB | year=2023 (2020-2023) | fields=13
08:34:13 [INFO]     [OK] 8a691030… |  2147 KB | year=2023 (2020-2023) | fields=17
08:34:17 [INFO]     [OK] f6527109… |   171 KB | year=2023 (2020-2023) | fields=13
08:34:21 [INFO]     [OK] 57aa83b6… |   492 KB | year=2023 (2020-2023) | fields=16
08:34:26 [INFO]     [OK] 651fc5c4… |  5435 KB | year=2023 (2020-2023) | fields=28
08:34:30 [INFO]     [OK] bad70ff8… |  1207 KB | year=2022 (2020-2023) | fields=11
08:34:33 [INFO]     [OK] 5011a820… |  1339 KB | year=2023 (2020-2023) | fields=16
08:34:38 [INFO]     [OK] c40742eb… |  1389 KB | year=2023 (2020-2023) | fields=16
08:34:42 [INFO]     [OK] b99d254e… |  1292 KB | year=2023 (2020-2023) | fields=11
08:34:42 [INFO]   [CAP] Reached 10-file limit for this page. Moving to other pages.
08:34:47 [INFO]   → Found 10 PDFs on https://www.skatteverket.se/omoss/varverksamhet/rapporterremissvarochskrivelser/rapporter/2022.4.339cd9fe17d1714c0773a5e.html
08:34:51 [INFO]     [OK] 15fc6601… |   561 KB | year=2022 (2020-2023) | fields=19
08:34:55 [INFO]     [OK] 101db642… |  1976 KB | year=2022 (2020-2023) | fields=32
08:35:00 [INFO]     [OK] b05291cb… |  1916 KB | year=2022 (2020-2023) | fields=32
08:35:04 [INFO]     [OK] 631b9fce… |  1055 KB | year=2022 (2020-2023) | fields=11
08:35:09 [INFO]     [OK] 8c51e01d… |   203 KB | year=2022 (2020-2023) | fields=12
08:35:14 [INFO]     [OK] a1b48ec2… |  1459 KB | year=2022 (2020-2023) | fields=11
08:35:18 [INFO]     [OK] f0a2b0a0… |   367 KB | year=2022 (2020-2023) | fields=12
08:35:22 [INFO]     [OK] aef4f016… |  1396 KB | year=2022 (2020-2023) | fields=18
08:35:26 [INFO]     [OK] 21685bb5… |   830 KB | year=2022 (2020-2023) | fields=11
08:35:31 [INFO]     [OK] 684dc7d4… |   729 KB | year=2022 (2020-2023) | fields=21
08:35:35 [INFO]   → Found 21 PDFs on https://www.skatteverket.se/omoss/varverksamhet/rapporterremissvarochskrivelser/rapporter/2021.4.676f4884175c97df4191e32.html
08:35:41 [INFO]     [OK] 899e7263… | 23707 KB | year=2021 (2020-2023) | fields=29
08:35:46 [INFO]     [OK] 4d276179… |   800 KB | year=2021 (2020-2023) | fields=25
08:35:51 [INFO]     [OK] 05808e79… |  1840 KB | year=2021 (2020-2023) | fields=19
08:35:55 [INFO]     [OK] 01884dce… |   695 KB | year=2021 (2020-2023) | fields=19
08:36:00 [WARNING]     [HTTP error] https://www.skatteverket.se/download/18.96cca41179bad4b1aa9b0b/1633329652544/Redovisning%20av%20regeringsuppdrag%20att%20inr%C3%A4tta%20ett%20pilotprojekt%20f%C3%B6r%20att%20komma%20%C3%A5t%20felaktig%20folkbokf%C3%B6ring%20kopplad%20till%20organiserad%20brottslighet.pdf: ('Connection aborted.', RemoteDisconnected('Remote end closed connection without response'))
08:36:05 [INFO]     [OK] 54acc7c4… |  1756 KB | year=2021 (2020-2023) | fields=11
08:36:10 [INFO]     [OK] 8cafc260… |  1036 KB | year=2021 (2020-2023) | fields=19
08:36:14 [INFO]     [OK] 6fc85c73… |   154 KB | year=2021 (2020-2023) | fields=22
08:36:19 [INFO]     [OK] c28f36a2… |   211 KB | year=2021 (2020-2023) | fields=22
08:36:23 [INFO]     [OK] 6fcf62c2… |  1094 KB | year=2021 (2020-2023) | fields=23
08:36:27 [INFO]     [OK] eabc4301… |   596 KB | year=2021 (2020-2023) | fields=23
08:36:27 [INFO]   [CAP] Reached 10-file limit for this page. Moving to other pages.
08:36:32 [WARNING]   [HTTP error] https://www.skatteverket.se/omoss/varverksamhet/rapporterremissvarochskrivelser/remissvar/2025.4.386bd4b919276cc86c42db4.html: ('Connection aborted.', RemoteDisconnected('Remote end closed connection without response'))
08:39:28 [WARNING]   [HTTP error] https://www.skatteverket.se/omoss/varverksamhet/rapporterremissvarochskrivelser/remissvar/2026/remissvar2026/84188512025.5.9567cda19bf6c0027275e.html: ('Connection aborted.', RemoteDisconnected('Remote end closed connection without response'))
08:40:45 [INFO]   → Found 1 PDFs on https://www.skatteverket.se/omoss/varverksamhet/rapporterremissvarochskrivelser/skrivelser/2026/skrivelser2026/8872022026.5.70685bee19c85dd5dd02adf.html
08:40:50 [INFO]     [OK] 6331d99a… |   231 KB | year=2026 (post-2026) | fields=36
08:40:54 [INFO]   → Found 1 PDFs on https://www.skatteverket.se/omoss/varverksamhet/rapporterremissvarochskrivelser/skrivelser/2026/skrivelser2026/84084172025.5.70685bee19c85dd5dd02d2.html
08:40:58 [INFO]     [OK] 1cee2e5d… |   406 KB | year=2027 (post-2026) | fields=36
08:41:02 [INFO]   → Found 1 PDFs on https://www.skatteverket.se/omoss/varverksamhet/rapporterremissvarochskrivelser/skrivelser/2026/skrivelser2026/841415422025.5.1522bf3f19aea8075ba4030.html
08:41:07 [INFO]     [OK] bc984af0… |   184 KB | year=2026 (post-2026) | fields=21
08:48:23 [INFO]   → Found 4 PDFs on https://www.skatteverket.se/privat/etjansterochblanketter/blanketterbroschyrer/blanketter/info/2199.4.19b9f599116a9e8ef3680002386.html
08:49:33 [INFO]   → Found 3 PDFs on https://www.skatteverket.se/omoss/varverksamhet.4.65fc817e1077c25b832800015922.html
08:49:37 [INFO]     [OK] bd0cda92… |  1631 KB | year=2026 (post-2026) | fields=30
08:49:41 [INFO]     [OK] 9eff25f5… |  1313 KB | year=2027 (post-2026) | fields=36
08:49:46 [INFO]   → Found 2 PDFs on https://www.skatteverket.se/omoss/varverksamhet/styrningochuppfoljning.4.76a43be412206334b89800052127.html
08:49:51 [INFO]     [OK] 4c02b0e2… |   555 KB | year=2021 (2020-2023) | fields=13
08:49:55 [INFO]     [OK] 483fce45… |   184 KB | year=2022 (2020-2023) | fields=15
08:50:08 [INFO]   → Found 3 PDFs on https://www.skatteverket.se/omoss/varverksamhet/offentligauppgifter/offentlighetsprincipenochallmannahandlingar.4.51fbd538168bf5dc4863494.html
08:50:12 [INFO]     [OK] 85a0759d… |   164 KB | year=2026 (post-2026) | fields=16
08:50:22 [INFO]   → Found 1 PDFs on https://www.skatteverket.se/foretag/etjansterochblanketter/blanketterbroschyrer/broschyrer/info/263.4.b1014b415f3321c0de39ad.html
08:54:04 [WARNING]   [HTTP error] https://www.skatteverket.se/servicelankar/otherlanguages/deutschtyska.4.3a2a542410ab40a421c80006861.html: ('Connection aborted.', RemoteDisconnected('Remote end closed connection without response'))
08:55:11 [WARNING]   [HTTP error] https://www.skatteverket.se/servicelankar/otherlanguages/tigrinska.4.361dc8c15312eff6fd2952d.html: ('Connection aborted.', RemoteDisconnected('Remote end closed connection without response'))
08:55:19 [WARNING]   [HTTP error] https://www.skatteverket.se/servicelankar/otherlanguages/sorani/sorani.4.1a098b721295c544e1f800015157.html: ('Connection aborted.', RemoteDisconnected('Remote end closed connection without response'))
08:56:45 [WARNING]   [HTTP error] https://www.skatteverket.se/privat/etjansterochblanketter/blanketterbroschyrer/broschyrer/info/408.4.39f16f103821c58f680007761.html: ('Connection aborted.', RemoteDisconnected('Remote end closed connection without response'))
08:56:53 [WARNING]   [HTTP error] https://www.skatteverket.se/privat/etjansterochblanketter/blanketterbroschyrer/blanketter/info/4808.4.39f16f103821c58f680006748.html: ('Connection aborted.', ConnectionResetError(54, 'Connection reset by peer'))
08:57:41 [INFO]   → Found 14 PDFs on https://www.skatteverket.se/foretag/etjansterochblanketter/blanketterbroschyrer/blanketter/info/2110.4.6efe6285127ab4f1d2580006605.html
08:58:41 [INFO]   → Found 4 PDFs on https://www.skatteverket.se/foretag/etjansterochblanketter/blanketterbroschyrer/blanketter/info/2110a.4.6efe6285127ab4f1d2580003442.html
08:59:08 [WARNING]   [HTTP error] https://www.skatteverket.se/foretag/etjansterochblanketter/blanketterbroschyrer/blanketter/info/2113.4.6efe6285127ab4f1d2580003499.html: ('Connection aborted.', RemoteDisconnected('Remote end closed connection without response'))
08:59:13 [INFO]   → Found 20 PDFs on https://www.skatteverket.se/foretag/etjansterochblanketter/blanketterbroschyrer/broschyrer/info/292.4.39f16f103821c58f680007349.html
08:59:16 [INFO]     [OK] 7caa1120… |   543 KB | year=2026 (post-2026) | fields=33
09:00:27 [WARNING]     [HTTP error] https://www.skatteverket.se/download/18.50a6b4831275a0376d380003426/1708610770219/29218.pdf: ('Connection aborted.', RemoteDisconnected('Remote end closed connection without response'))
09:02:26 [WARNING]   [HTTP error] https://www.skatteverket.se/foretag/moms/sarskildamomsregler/vinstmarginalbeskattningavresetjanster.4.58d555751259e4d6616800010676.html: ('Connection aborted.', RemoteDisconnected('Remote end closed connection without response'))
09:03:08 [INFO]   → Found 3 PDFs on https://www.skatteverket.se/foretag/internationellt/rapporteringspliktigaarrangemangdac6.4.7c708f0e16bed42cd054ef7.html
09:03:12 [INFO]     [OK] c212ebca… |    28 KB | year=2020 (2020-2023) | fields=28
09:03:37 [INFO]   → Found 3 PDFs on https://www.skatteverket.se/foretag/internationellt/landforlandrapporter.4.361dc8c15312eff6fd334a9.html
09:03:52 [INFO]   → Found 2 PDFs on https://www.skatteverket.se/foretag/internationellt/andradeskattereglervidarbeteisverigefran2021.4.477abf63175b28eb5444cd.html
09:05:04 [INFO]   → Found 15 PDFs on https://www.skatteverket.se/foretag/etjansterochblanketter/blanketterbroschyrer/broschyrer/info/294.4.39f16f103821c58f680007353.html
09:05:50 [WARNING]     [HTTP error] https://www.skatteverket.se/download/18.361dc8c15312eff6fdc643/1708610774466/skatteregler-for-aktie-och-handelsbolag-skv294-utgava14.pdf: ('Connection aborted.', RemoteDisconnected('Remote end closed connection without response'))
09:06:29 [INFO]   → Found 10 PDFs on https://www.skatteverket.se/foretag/etjansterochblanketter/blanketterbroschyrer/blanketter/info/2150.4.6efe6285127ab4f1d2580006724.html
09:06:51 [WARNING]     [HTTP error] https://www.skatteverket.se/download/18.70ac421612e2a997f85800046883/1359707433594/B9%20Bokslutsunderlag.pdf: ('Connection aborted.', RemoteDisconnected('Remote end closed connection without response'))
09:07:20 [INFO]   → Found 5 PDFs on https://www.skatteverket.se/foretag/etjansterochblanketter/blanketterbroschyrer/broschyrer/info/282.4.7459477810df5bccdd4800010374.html
09:07:48 [INFO]   → Found 4 PDFs on https://www.skatteverket.se/foretag/etjansterochblanketter/blanketterbroschyrer/broschyrer/info/306.4.6efe6285127ab4f1d2580007110.html
09:07:54 [INFO]     [OK] 55673578… |   535 KB | year=2026 (post-2026) | fields=70
09:08:35 [INFO]   → Found 1 PDFs on https://www.skatteverket.se/foretag/etjansterochblanketter/blanketterbroschyrer/blanketter/info/2002.4.39f16f103821c58f680006188.html
09:08:39 [INFO]   [CAP] Reached 500 page limit for authority. Moving on.
09:08:39 [INFO] 
[Skatteverket] Done. Pre-NIS2: 40/50  NIS2-prep: 50/50
09:08:39 [INFO] 
============================================================
Authority : Försäkringskassan
Tier      : 3
Quota left: 2020-2023=50  2024-2025=50
============================================================
09:08:55 [INFO]   → Found 1 PDFs on https://www.forsakringskassan.se/nyhetsarkiv/nyheter-press/2026-04-16-allt-farre-far-bostadsbidrag
09:08:59 [INFO]     [OK] 6919f991… |   451 KB | year=2026 (post-2026) | fields=32
09:09:24 [INFO]   → Found 1128 PDFs on https://www.forsakringskassan.se/om-forsakringskassan/publikationer
09:09:28 [INFO]     [OK] dfc90102… |   180 KB | year=2025 (2024-2025) | fields=20
09:09:32 [INFO]     [OK] 125a81e2… |    86 KB | year=2021 (2020-2023) | fields=21
09:09:35 [INFO]     [OK] 601767ca… |   218 KB | year=2021 (2020-2023) | fields=18
09:09:39 [INFO]     [OK] a4e15a19… |   127 KB | year=2025 (2024-2025) | fields=18
09:09:43 [INFO]     [OK] b09fd4a0… |    50 KB | year=2022 (2020-2023) | fields=19
09:09:47 [INFO]     [OK] c2f0d8fd… |    20 KB | year=2021 (2020-2023) | fields=22
09:09:51 [INFO]     [OK] 84278e5f… |   939 KB | year=2025 (2024-2025) | fields=22
09:09:56 [INFO]     [OK] 34376708… |   538 KB | year=2025 (2024-2025) | fields=24
09:10:01 [INFO]     [OK] 104c70f9… |   829 KB | year=2025 (2024-2025) | fields=24
09:10:05 [INFO]     [OK] f9e91b55… |   478 KB | year=2025 (2024-2025) | fields=24
09:10:05 [INFO]   [CAP] Reached 10-file limit for this page. Moving to other pages.
09:10:09 [INFO]   → Found 7 PDFs on https://www.forsakringskassan.se/statistik-och-analys
09:10:14 [INFO]     [OK] 42371f9a… |  1915 KB | year=2026 (post-2026) | fields=32
09:10:19 [INFO]     [OK] 06678377… |   819 KB | year=2026 (post-2026) | fields=32
09:10:24 [INFO]     [OK] ebc8015b… |  2512 KB | year=2026 (post-2026) | fields=27
09:10:29 [INFO]     [OK] 06678377… |   819 KB | year=2026 (post-2026) | fields=32
09:10:33 [INFO]     [OK] 7d9c29b2… |   522 KB | year=2026 (post-2026) | fields=32
09:10:39 [INFO]     [OK] 1ef44ddd… | 10391 KB | year=2025 (2024-2025) | fields=35
09:10:43 [INFO]     [OK] 46f8fbf3… |   719 KB | year=2026 (post-2026) | fields=22
09:10:55 [INFO]   → Found 2 PDFs on https://www.forsakringskassan.se/privatperson/e-tjanster-blanketter-och-informationsmaterial/broschyrer
09:11:00 [INFO]     [OK] 39734ae1… |  3347 KB | year=2025 (2024-2025) | fields=32
09:11:04 [INFO]     [OK] 302e2a6a… |   114 KB | year=2022 (2020-2023) | fields=71
09:11:26 [INFO]   → Found 1 PDFs on https://www.forsakringskassan.se/nyhetsarkiv/nyheter-press/2026-01-30-fa-anvander-mojligheten-att-ge-bort-foraldradagar
09:11:30 [INFO]     [OK] ba45124d… |   505 KB | year=2024 (2024-2025) | fields=25
09:11:51 [INFO]   → Found 1 PDFs on https://www.forsakringskassan.se/nyhetsarkiv/nyheter-press/2025-09-09-nu-finns-rapporten-socialforsakringen-i-siffror-pa-engelska
09:11:56 [INFO]     [OK] 785c2e27… | 12204 KB | year=2025 (2024-2025) | fields=35
09:12:28 [INFO]   → Found 1 PDFs on https://www.forsakringskassan.se/nyhetsarkiv/nyheter-press/2024-12-09-ny-rapport-reformer-kan-kravas-for-att-foraldraledigheten-ska-bli-jamstalld
09:12:33 [INFO]     [OK] 9a13970d… |  1397 KB | year=2024 (2024-2025) | fields=24
09:12:42 [INFO]   → Found 1 PDFs on https://www.forsakringskassan.se/nyhetsarkiv/nyheter-press/2024-09-16-nu-finns-rapporten-socialforsakringen-i-siffror-pa-engelska
09:12:47 [INFO]     [OK] b4aeab3c… |  8486 KB | year=2024 (2024-2025) | fields=35
09:12:59 [INFO]   → Found 19 PDFs on https://www.forsakringskassan.se/om-forsakringskassan/forskning-och-kunskap
09:13:04 [INFO]     [OK] 4ec05079… |   125 KB | year=2024 (2024-2025) | fields=19
09:13:09 [INFO]     [OK] 97ddf895… |   105 KB | year=2024 (2024-2025) | fields=19
09:13:14 [INFO]     [OK] 9271c400… |   116 KB | year=2024 (2024-2025) | fields=20
09:13:18 [INFO]     [OK] b2697453… |   101 KB | year=2024 (2024-2025) | fields=19
09:13:22 [INFO]     [OK] c29d30a4… |   107 KB | year=2024 (2024-2025) | fields=19
09:13:26 [INFO]     [OK] 30e8b264… |   108 KB | year=2024 (2024-2025) | fields=20
09:13:29 [INFO]     [OK] 6cf6ba83… |   121 KB | year=2024 (2024-2025) | fields=19
09:13:34 [INFO]     [OK] 8ed091a9… |   107 KB | year=2024 (2024-2025) | fields=19
09:13:38 [INFO]     [OK] 691a1723… |   107 KB | year=2024 (2024-2025) | fields=19
09:13:42 [INFO]     [OK] 411c9b48… |   117 KB | year=2024 (2024-2025) | fields=19
09:13:42 [INFO]   [CAP] Reached 10-file limit for this page. Moving to other pages.
09:14:05 [INFO]   → Found 7 PDFs on https://www.forsakringskassan.se/statistik-och-analys/statistik-om-tandvardsstod
09:14:09 [INFO]     [OK] 7144b74c… |   969 KB | year=2021 (2020-2023) | fields=26
09:14:14 [INFO]     [OK] f54288dd… |   417 KB | year=2025 (2024-2025) | fields=32
09:14:17 [INFO]     [OK] 60acaad2… |   960 KB | year=2022 (2020-2023) | fields=32
09:14:21 [INFO]   → Found 1 PDFs on https://www.forsakringskassan.se/statistik-och-analys/statistik-om-internationell-vard
09:14:44 [INFO]   → Found 35 PDFs on https://www.forsakringskassan.se/statistik-och-analys/socialforsakringen-i-siffror
09:14:50 [INFO]     [OK] 0059f2f3… | 14665 KB | year=2024 (2024-2025) | fields=35
09:14:56 [INFO]     [OK] 2f56525c… |  4890 KB | year=2023 (2020-2023) | fields=35
09:15:00 [INFO]     [OK] a0e9d339… |  5181 KB | year=2022 (2020-2023) | fields=36
09:15:05 [INFO]     [OK] d9a7492d… |  5151 KB | year=2021 (2020-2023) | fields=35
09:15:10 [INFO]     [OK] ec903979… |  5588 KB | year=2020 (2020-2023) | fields=36
09:15:15 [INFO]     [OK] 68b49f16… |  2974 KB | year=2024 (2024-2025) | fields=34
09:15:20 [INFO]     [OK] 68155a63… |  2655 KB | year=2024 (2024-2025) | fields=34
09:15:25 [INFO]     [OK] 63348da3… |   628 KB | year=2022 (2020-2023) | fields=24
09:15:31 [INFO]     [OK] 5906d8de… |  4849 KB | year=2023 (2020-2023) | fields=35
09:15:36 [INFO]     [OK] 4fc3abd0… |  5590 KB | year=2022 (2020-2023) | fields=36
09:15:36 [INFO]   [CAP] Reached 10-file limit for this page. Moving to other pages.
09:15:41 [INFO]   → Found 6 PDFs on https://www.forsakringskassan.se/statistik-och-analys/socialforsakringens-dag
09:15:44 [INFO]     [OK] ff34b25d… |  1858 KB | year=2026 (post-2026) | fields=32
09:15:48 [INFO]     [OK] b1a1616a… |  4544 KB | year=2026 (post-2026) | fields=32
09:15:52 [INFO]     [OK] 5e4e9c8d… |   534 KB | year=2026 (post-2026) | fields=32
09:15:56 [INFO]     [OK] 7af13786… |  4227 KB | year=2026 (post-2026) | fields=32
09:16:00 [INFO]     [OK] ff45eab9… |   730 KB | year=2026 (post-2026) | fields=32
09:16:05 [INFO]     [OK] 6a118dd9… |  1285 KB | year=2026 (post-2026) | fields=32
09:16:18 [INFO]   → Found 7 PDFs on https://www.forsakringskassan.se/statistik-och-analys/tema-funktionsnedsattning
09:16:22 [INFO]     [OK] 75e2ef28… |   633 KB | year=2024 (2024-2025) | fields=23
09:16:26 [INFO]     [OK] ff4e48c4… |   581 KB | year=2025 (2024-2025) | fields=33
09:16:31 [INFO]     [OK] deec7104… |   435 KB | year=2024 (2024-2025) | fields=32
09:16:35 [INFO]     [OK] 71b4f32c… |  1006 KB | year=2024 (2024-2025) | fields=26
09:16:40 [INFO]     [OK] f2994832… |   469 KB | year=2023 (2020-2023) | fields=31
09:16:44 [INFO]     [OK] 2b818570… |   191 KB | year=2020 (2020-2023) | fields=71
09:16:49 [INFO]   → Found 14 PDFs on https://www.forsakringskassan.se/statistik-och-analys/tema-psykisk-ohalsa
09:16:54 [INFO]     [OK] 474dddea… |  1176 KB | year=2026 (post-2026) | fields=33
09:16:58 [INFO]     [OK] f480e081… |  1380 KB | year=2020 (2020-2023) | fields=25
09:17:03 [INFO]     [OK] f480e081… |  1380 KB | year=2020 (2020-2023) | fields=25
09:17:08 [INFO]     [OK] 15ccc18c… |   772 KB | year=2024 (2024-2025) | fields=32
09:17:11 [INFO]     [OK] a3649bf5… |   531 KB | year=2024 (2024-2025) | fields=33
09:17:16 [INFO]     [OK] bb06bf1d… |  1433 KB | year=2023 (2020-2023) | fields=33
09:17:21 [INFO]     [OK] c6380f1f… |   716 KB | year=2023 (2020-2023) | fields=32
09:17:26 [INFO]   → Found 7 PDFs on https://www.forsakringskassan.se/statistik-och-analys/tema-vard-av-barn-vab
09:17:31 [INFO]     [OK] 7ab5a37e… |  1727 KB | year=2022 (2020-2023) | fields=25
09:17:35 [INFO]     [OK] 0e3eee64… |   928 KB | year=2021 (2020-2023) | fields=24
09:17:39 [INFO]     [OK] dd29b475… |   650 KB | year=2023 (2020-2023) | fields=32
09:17:43 [INFO]     [OK] dd29b475… |   650 KB | year=2023 (2020-2023) | fields=32
09:17:47 [INFO]     [OK] 11a1e7fe… |   492 KB | year=2023 (2020-2023) | fields=20
09:17:51 [INFO]     [OK] 547c8681… |  2359 KB | year=2023 (2020-2023) | fields=25
09:17:54 [INFO]     [OK] e019be32… |   454 KB | year=2020 (2020-2023) | fields=71
09:18:16 [INFO]   → Found 1 PDFs on https://www.forsakringskassan.se/privatperson/e-tjanster-blanketter-och-informationsmaterial/aktuella-belopp/sarskilt-indexeringstal-for-arbetsskadelivranta
09:18:20 [INFO]     [OK] 131ee1c2… |    18 KB | year=2024 (2024-2025) | fields=19
09:18:30 [INFO]   → Found 11 PDFs on https://www.forsakringskassan.se/privatperson/e-tjanster-blanketter-och-informationsmaterial/aktuella-belopp/sjukforsakringsavgifter-och-hogsta-godtagbara-bostadskostnad
09:18:34 [INFO]     [OK] 96abf6b9… |    49 KB | year=2026 (post-2026) | fields=19
09:18:38 [INFO]     [OK] 86335175… |    21 KB | year=2025 (2024-2025) | fields=16
09:18:43 [INFO]     [OK] 8bbb0275… |    19 KB | year=2024 (2024-2025) | fields=19
09:18:48 [INFO]     [OK] b8f640e3… |   140 KB | year=2026 (post-2026) | fields=26
09:18:53 [INFO]     [OK] ff11ac39… |   225 KB | year=2025 (2024-2025) | fields=26
09:18:57 [INFO]     [OK] ac6bd352… |   118 KB | year=2023 (2020-2023) | fields=26
09:19:02 [INFO]     [OK] 0092c084… |   102 KB | year=2026 (post-2026) | fields=22
09:19:07 [INFO]     [OK] 36aa2a84… |    96 KB | year=2025 (2024-2025) | fields=17
09:19:11 [INFO]     [OK] d0cc5faf… |    60 KB | year=2024 (2024-2025) | fields=19
09:19:25 [INFO]     [OK] 18b9e792… |    89 KB | year=2022 (2020-2023) | fields=20
09:19:25 [INFO]   [CAP] Reached 10-file limit for this page. Moving to other pages.
09:19:59 [INFO]   → Found 1 PDFs on https://www.forsakringskassan.se/nyhetsarkiv/nyheter-press/2025-12-09-barn-med-adhd-och-autism-storre-behov-av-stod-som-vuxna
09:20:03 [INFO]     [OK] aa668c5a… |   409 KB | year=2025 (2024-2025) | fields=32
09:20:17 [INFO]   → Found 1 PDFs on https://www.forsakringskassan.se/nyhetsarkiv/nyheter-press/2025-10-22-kostnaderna-for-socialforsakringen-vantas-oka-med-10-miljarder-nasta-ar
09:20:22 [INFO]     [OK] 09f63bd6… |  3766 KB | year=2025 (2024-2025) | fields=27
09:20:40 [INFO]   → Found 1 PDFs on https://www.forsakringskassan.se/nyhetsarkiv/nyheter-press/2025-08-28-kvinnor-far-dubbelt-sa-mycket-fran-socialforsakringen-som-man
09:20:45 [INFO]     [OK] ab2cb9e5… |   527 KB | year=2025 (2024-2025) | fields=32
09:20:52 [INFO]   → Found 1 PDFs on https://www.forsakringskassan.se/nyhetsarkiv/nyheter-press/2025-06-17-forsakringskassans-ersattningar-bidrar-allt-mindre-till-barnfamiljers-ekonomi
09:20:57 [INFO]     [OK] 4113445f… |  1203 KB | year=2025 (2024-2025) | fields=17
09:21:06 [INFO]   → Found 1 PDFs on https://www.forsakringskassan.se/nyhetsarkiv/nyheterpress/foraldrartillbarnmedpsykiskohalsaaroftaresjukskrivna.5.5027cb6019705cd0bf2f0.html
09:21:11 [INFO]     [OK] 03c6295f… |   901 KB | year=2025 (2024-2025) | fields=25
09:21:23 [INFO]   → Found 2 PDFs on https://www.forsakringskassan.se/nyhetsarkiv/nyheter-press/2025-04-22-organiserad-brottslighet-plundrar-assistansersattningen
09:21:28 [INFO]     [OK] 0d89e117… |   849 KB | year=2020 (2020-2023) | fields=21
09:21:31 [INFO]     [OK] 1b83af39… |  1032 KB | year=2025 (2024-2025) | fields=19
09:21:36 [INFO]   → Found 1 PDFs on https://www.forsakringskassan.se/nyhetsarkiv/nyheterpress/kvinnorarsjukskrivnadubbeltsaoftasomman.5.2e00182d195e42fd6d427.html
09:21:39 [INFO]     [OK] 5d90db59… |  1146 KB | year=2023 (2020-2023) | fields=24
09:21:43 [INFO]   → Found 1 PDFs on https://www.forsakringskassan.se/nyhetsarkiv/nyheter-press/2025-03-27-ny-e-tjanst-for-dig-som-har-livranta
09:21:48 [INFO]     [OK] 9f6dc46e… |   807 KB | year=2025 (2024-2025) | fields=30
09:22:11 [INFO]   → Found 1 PDFs on https://www.forsakringskassan.se/nyhetsarkiv/nyheter-press/2025-01-28-mormor-popularast-nar-foraldrar-ger-bort-foraldrapenningdagar
09:22:16 [INFO]     [OK] 16e193e7… |   365 KB | year=2024 (2024-2025) | fields=27
09:23:17 [INFO]   → Found 1 PDFs on https://www.forsakringskassan.se/nyhetsarkiv/nyheter-press/2024-10-22-inflation-okar-utgifterna-for-socialforsakringen
09:23:21 [INFO]     [OK] e12f9bf6… |  4633 KB | year=2024 (2024-2025) | fields=26
09:23:48 [INFO]   → Found 1 PDFs on https://www.forsakringskassan.se/nyhetsarkiv/nyheter-press/2024-06-17-pappor-tar-ut-mer-av-foraldraledigheten
09:23:52 [INFO]     [OK] c653274a… |  1614 KB | year=2024 (2024-2025) | fields=26
09:24:21 [INFO]   → Found 12 PDFs on https://www.forsakringskassan.se/statistik-och-analys/barn-och-familj/statistik-inom-omradet-barn-och-familj---foraldrapenning
09:24:24 [INFO]     [OK] 83ce8705… |   700 KB | year=2020 (2020-2023) | fields=25
09:24:27 [INFO]     [OK] 394fb3a5… |   535 KB | year=2024 (2024-2025) | fields=32
09:24:32 [INFO]     [OK] d1f0e388… |   468 KB | year=2024 (2024-2025) | fields=32
09:24:36 [INFO]     [OK] 790d17ee… |   718 KB | year=2022 (2020-2023) | fields=33
09:24:40 [INFO]     [OK] 94aef354… |   416 KB | year=2021 (2020-2023) | fields=31
09:24:45 [INFO]     [OK] 10c85ea9… |   232 KB | year=2020 (2020-2023) | fields=71
09:24:48 [INFO]     [OK] 19f8d720… |   466 KB | year=2023 (2020-2023) | fields=25
09:24:53 [INFO]   → Found 4 PDFs on https://www.forsakringskassan.se/statistik-och-analys/barn-och-familj/statistik-inom-omradet-barn-och-familj---tillfallig-foraldrapenning-bland-annat-vab
09:24:58 [INFO]     [OK] 3927c80c… |   305 KB | year=2020 (2020-2023) | fields=71
09:25:03 [INFO]     [OK] 3927c80c… |   305 KB | year=2020 (2020-2023) | fields=71
09:25:07 [INFO]   → Found 1 PDFs on https://www.forsakringskassan.se/statistik-och-analys/barn-och-familj/statistik-inom-omradet-barn-och-familj---graviditetspenning
09:25:10 [INFO]     [OK] 4538fe7a… |   895 KB | year=2022 (2020-2023) | fields=24
09:25:15 [INFO]   → Found 1 PDFs on https://www.forsakringskassan.se/statistik-och-analys/barn-och-familj/statistik-inom-omradet-barn-och-familj---bostadsbidrag
09:25:18 [INFO]     [OK] ff629c13… |   406 KB | year=2021 (2020-2023) | fields=71
09:25:22 [INFO]   → Found 3 PDFs on https://www.forsakringskassan.se/statistik-och-analys/barn-och-familj/statistik-inom-omradet-barn-och-familj---underhallsstod
09:25:25 [INFO]     [OK] b2216ad8… |   515 KB | year=2020 (2020-2023) | fields=24
09:25:31 [INFO]   → Found 1 PDFs on https://www.forsakringskassan.se/statistik-och-analys/barn-och-familj/statistik-inom-omradet-barn-och-familj---barnbidrag
09:25:36 [INFO]     [OK] 02de3aff… |   633 KB | year=2023 (2020-2023) | fields=33
09:25:41 [INFO]   → Found 10 PDFs on https://www.forsakringskassan.se/statistik-och-analys/sjuk/statistik-inom-omradet-sjuk---sjukpenning-och-rehabiliteringspenning
09:25:46 [INFO]     [OK] 3ddbada8… |   910 KB | year=2023 (2020-2023) | fields=28
09:25:50 [INFO]     [OK] 31209aa1… |   858 KB | year=2022 (2020-2023) | fields=26
09:25:54 [INFO]     [OK] e7786fe2… |   519 KB | year=2023 (2020-2023) | fields=32
09:25:58 [INFO]     [OK] ce94d06f… |   444 KB | year=2022 (2020-2023) | fields=31
09:26:02 [INFO]     [OK] ddb211da… |   433 KB | year=2021 (2020-2023) | fields=70
09:26:06 [INFO]     [OK] 7b2162c2… |   705 KB | year=2021 (2020-2023) | fields=71
09:26:10 [INFO]   → Found 9 PDFs on https://www.forsakringskassan.se/statistik-och-analys/sjuk/statistik-inom-omradet-sjuk---aktivitetsersattning-sjukersattning-och-bostadstillagg
09:26:15 [INFO]     [OK] 4e881f4d… |   565 KB | year=2023 (2020-2023) | fields=17
09:26:19 [INFO]     [OK] 7abcadc8… |   731 KB | year=2023 (2020-2023) | fields=19
09:26:19 [INFO]   Both quotas filled — moving to next authority
09:26:19 [INFO] 
[Försäkringskassan] Done. Pre-NIS2: 50/50  NIS2-prep: 50/50
09:26:19 [INFO] 
============================================================
Authority : Pensionsmyndigheten
Tier      : 3
Quota left: 2020-2023=50  2024-2025=50
============================================================
09:26:45 [INFO]   → Found 1 PDFs on https://www.pensionsmyndigheten.se/statistik-och-rapporter/statistik/berakningsfaktorer-och-varderegler
09:26:48 [INFO]     [OK] b7439958… |   508 KB | year=2026 (post-2026) | fields=17
09:26:53 [INFO]   → Found 385 PDFs on https://www.pensionsmyndigheten.se/statistik-och-rapporter/rapporter/publikationer
09:26:57 [INFO]     [OK] 84dabbdb… |   537 KB | year=2020 (2020-2023) | fields=21
09:27:01 [INFO]     [OK] 4bc8f001… |   299 KB | year=2021 (2020-2023) | fields=20
09:27:04 [INFO]     [OK] 11a1b1d6… |   757 KB | year=2021 (2020-2023) | fields=20
09:27:09 [INFO]     [OK] f0b1277c… |   315 KB | year=2021 (2020-2023) | fields=20
09:27:13 [INFO]     [OK] 79032355… |   374 KB | year=2021 (2020-2023) | fields=25
09:27:17 [INFO]     [OK] 7cb14459… |  1085 KB | year=2021 (2020-2023) | fields=40
09:27:23 [INFO]     [OK] a794e1e1… |  1164 KB | year=2021 (2020-2023) | fields=27
09:27:26 [INFO]     [OK] cd570c18… |  2127 KB | year=2021 (2020-2023) | fields=28
09:27:31 [INFO]     [OK] e4e1ec2e… |  1028 KB | year=2021 (2020-2023) | fields=27
09:27:35 [INFO]     [OK] 47700816… |   382 KB | year=2021 (2020-2023) | fields=26
09:27:35 [INFO]   [CAP] Reached 10-file limit for this page. Moving to other pages.
09:27:50 [INFO]   → Found 9 PDFs on https://www.pensionsmyndigheten.se/statistik/publikationer/faktaserie-om-pensionerna/
09:27:54 [INFO]     [OK] 744d6a11… |   786 KB | year=2022 (2020-2023) | fields=19
09:27:59 [INFO]     [OK] 645600f4… |   546 KB | year=2022 (2020-2023) | fields=27
09:28:03 [INFO]     [OK] abd2d2c1… |  1407 KB | year=2022 (2020-2023) | fields=27
09:28:09 [INFO]     [OK] ce41360d… |  1176 KB | year=2022 (2020-2023) | fields=20
09:28:13 [INFO]     [OK] 1baa2f9b… |   132 KB | year=2022 (2020-2023) | fields=10
09:28:17 [INFO]     [OK] 0fcaaab5… |   252 KB | year=2022 (2020-2023) | fields=18
09:28:21 [INFO]     [OK] 89b22e81… |   322 KB | year=2022 (2020-2023) | fields=18
09:28:26 [INFO]     [OK] c3d743ce… |   418 KB | year=2022 (2020-2023) | fields=18
09:28:30 [INFO]     [OK] 32c22ed7… |   330 KB | year=2022 (2020-2023) | fields=18
09:28:35 [INFO]   → Found 2 PDFs on https://www.pensionsmyndigheten.se/statistik/publikationer/premiepensionsrapporten-2020/
09:28:40 [INFO]     [OK] 7966cc8b… |  1932 KB | year=2020 (2020-2023) | fields=10
09:28:43 [INFO]     [OK] 2738474a… |  1099 KB | year=2026 (post-2026) | fields=13
09:29:00 [INFO]   → Found 1 PDFs on https://www.pensionsmyndigheten.se/statistik/publikationer/premiepensionsrapporten-2019/
09:30:16 [INFO]   → Found 117 PDFs on https://www.pensionsmyndigheten.se/statistik-och-rapporter/arsredovisningar/anslagsbelastning-och-prognos
09:30:21 [INFO]     [OK] 64bd9182… |   983 KB | year=2026 (post-2026) | fields=19
09:30:26 [INFO]     [OK] 3b7d1e59… |  1407 KB | year=2026 (post-2026) | fields=19
09:30:30 [INFO]     [OK] b10a80f9… |   241 KB | year=2026 (post-2026) | fields=17
09:30:35 [INFO]     [OK] ce0af46f… |   949 KB | year=2025 (2024-2025) | fields=19
09:30:39 [INFO]     [OK] 395ee41f… |   788 KB | year=2025 (2024-2025) | fields=17
09:30:42 [INFO]     [OK] 2a410c9e… |   762 KB | year=2025 (2024-2025) | fields=17
09:30:46 [INFO]     [OK] 07aeeb65… |  1011 KB | year=2025 (2024-2025) | fields=20
09:30:51 [INFO]     [OK] 9691a4df… |   237 KB | year=2025 (2024-2025) | fields=17
09:30:55 [INFO]     [OK] f09e7270… |   969 KB | year=2024 (2024-2025) | fields=17
09:30:58 [INFO]     [OK] 8d8288e9… |   242 KB | year=2024 (2024-2025) | fields=16
09:30:58 [INFO]   [CAP] Reached 10-file limit for this page. Moving to other pages.
09:48:54 [INFO]   → Found 67 PDFs on https://www.pensionsmyndigheten.se/statistik-och-rapporter/arsredovisningar/arsredovisningar
09:49:04 [INFO]     [OK] db8a760b… |  3056 KB | year=2023 (2020-2023) | fields=25
09:49:13 [INFO]     [OK] 48a01dcf… |  3520 KB | year=2022 (2020-2023) | fields=35
09:49:24 [INFO]     [OK] 949aa9f6… |  2458 KB | year=2021 (2020-2023) | fields=33
09:49:30 [INFO]     [OK] b680e262… |  8172 KB | year=2020 (2020-2023) | fields=19
09:49:35 [INFO]     [OK] f1d32f2f… |  3525 KB | year=2026 (post-2026) | fields=23
09:49:39 [INFO]     [OK] f811bceb… |   510 KB | year=2026 (post-2026) | fields=26
09:49:44 [INFO]     [OK] 38630e6a… |   421 KB | year=2026 (post-2026) | fields=25
09:49:49 [INFO]     [OK] c2080058… |   485 KB | year=2026 (post-2026) | fields=26
09:49:53 [INFO]     [OK] 31182a21… |   588 KB | year=2026 (post-2026) | fields=25
09:49:56 [INFO]     [OK] f091eae8… |  1058 KB | year=2026 (post-2026) | fields=27
09:49:56 [INFO]   [CAP] Reached 10-file limit for this page. Moving to other pages.
09:50:00 [INFO]   → Found 2 PDFs on https://www.pensionsmyndigheten.se/statistik/publikationer/orange-rapport-2024/
09:50:05 [INFO]     [OK] f4819601… |  7508 KB | year=2024 (2024-2025) | fields=17
09:50:10 [INFO]     [OK] f4819601… |  7508 KB | year=2024 (2024-2025) | fields=17
09:50:14 [INFO]   → Found 2 PDFs on https://www.pensionsmyndigheten.se/statistik/publikationer/orange-rapport-2023/
09:50:18 [INFO]     [OK] 58efb3b3… |  8193 KB | year=2023 (2020-2023) | fields=17
09:50:23 [INFO]     [OK] 58efb3b3… |  8193 KB | year=2023 (2020-2023) | fields=17
09:50:28 [INFO]   → Found 2 PDFs on https://www.pensionsmyndigheten.se/statistik/publikationer/orange-rapport-2022/
09:50:33 [INFO]     [OK] ba6ce27a… |  5727 KB | year=2022 (2020-2023) | fields=19
09:50:39 [INFO]     [OK] ba6ce27a… |  5727 KB | year=2022 (2020-2023) | fields=19
09:50:43 [INFO]   → Found 2 PDFs on https://www.pensionsmyndigheten.se/statistik/publikationer/orange-rapport-2021/
09:50:47 [INFO]     [OK] 376421f4… |  3672 KB | year=2021 (2020-2023) | fields=19
09:50:52 [INFO]     [OK] 376421f4… |  3672 KB | year=2021 (2020-2023) | fields=19
09:50:56 [INFO]   → Found 2 PDFs on https://www.pensionsmyndigheten.se/statistik/publikationer/orange-rapport-2020/
09:51:02 [INFO]     [OK] 02d937a9… |  2829 KB | year=2021 (2020-2023) | fields=18
09:51:07 [INFO]     [OK] f02d8e32… |  8057 KB | year=2020 (2020-2023) | fields=19
09:51:20 [INFO]   → Found 1 PDFs on https://www.pensionsmyndigheten.se/statistik/publikationer/orange-rapport-2020/1-pensionssystemets-resultat-i-korthet.html
09:51:24 [INFO]     [OK] 7c91ccb1… |   108 KB | year=2021 (2020-2023) | fields=18
09:51:29 [INFO]   → Found 1 PDFs on https://www.pensionsmyndigheten.se/statistik/publikationer/orange-rapport-2020/2-resultat--och-balansrakning.html
09:51:34 [INFO]     [OK] f081990d… |    79 KB | year=2021 (2020-2023) | fields=18
09:51:38 [INFO]   → Found 1 PDFs on https://www.pensionsmyndigheten.se/statistik/publikationer/orange-rapport-2020/3-redovisningsprinciper.html
09:51:41 [INFO]     [OK] cb0e7e4d… |   244 KB | year=2021 (2020-2023) | fields=19
09:51:46 [INFO]   → Found 1 PDFs on https://www.pensionsmyndigheten.se/statistik/publikationer/orange-rapport-2020/4-sa-fungerar-den-allmanna-pensionen.html
09:51:50 [INFO]     [OK] 1634d330… |   711 KB | year=2021 (2020-2023) | fields=19
09:51:53 [INFO]   → Found 1 PDFs on https://www.pensionsmyndigheten.se/statistik/publikationer/orange-rapport-2020/5-administrations--och-kapitalforvaltningskostnader.html
09:51:57 [INFO]     [OK] f4f10e00… |   460 KB | year=2021 (2020-2023) | fields=19
09:52:02 [INFO]   → Found 1 PDFs on https://www.pensionsmyndigheten.se/statistik/publikationer/orange-rapport-2020/6-pensionssystemets-vardeforandringar.html
09:52:06 [INFO]     [OK] 503dd22c… |   347 KB | year=2021 (2020-2023) | fields=19
09:52:11 [INFO]   → Found 1 PDFs on https://www.pensionsmyndigheten.se/statistik/publikationer/orange-rapport-2020/7-pensionssystemets-framtid-i-tre-scenarier.html
09:52:16 [INFO]     [OK] 17502918… |   951 KB | year=2021 (2020-2023) | fields=19
09:52:20 [INFO]   → Found 1 PDFs on https://www.pensionsmyndigheten.se/statistik/publikationer/orange-rapport-2020/88-noter-och-kommentarer.html
09:52:25 [WARNING]     [HTTP error] https://www.pensionsmyndigheten.se/statistik/publikationer/orange-rapport-2020/orange-rapport-2021.pdf: 404 Client Error: Not Found for url: https://www.pensionsmyndigheten.se/statistik/publikationer/orange-rapport-2020/orange-rapport-2021.pdf
09:52:30 [INFO]   → Found 1 PDFs on https://www.pensionsmyndigheten.se/statistik/publikationer/orange-rapport-2020/a-berakningsfaktorer.html
09:52:35 [INFO]     [OK] 03f27531… |   402 KB | year=2021 (2020-2023) | fields=19
09:52:39 [INFO]   → Found 1 PDFs on https://www.pensionsmyndigheten.se/statistik/publikationer/orange-rapport-2020/b-matematisk-beskrivning-av-balanstalet.html
09:52:42 [INFO]     [OK] 466c71c1… |   124 KB | year=2021 (2020-2023) | fields=19
09:52:45 [INFO]   → Found 1 PDFs on https://www.pensionsmyndigheten.se/statistik/publikationer/orange-rapport-2020/c-ordlista.html
09:52:49 [INFO]     [OK] 8a0313ac… |   111 KB | year=2021 (2020-2023) | fields=18
09:53:00 [INFO]   → Found 14 PDFs on https://www.pensionsmyndigheten.se/statistik-och-rapporter/statistik/sveriges-officiella-statistik
09:53:03 [INFO]     [OK] 887e7b5e… |   222 KB | year=2026 (post-2026) | fields=17
09:53:08 [INFO]     [OK] d55b29aa… |   241 KB | year=2025 (2024-2025) | fields=21
09:53:13 [INFO]     [OK] 5f647aef… |   216 KB | year=2024 (2024-2025) | fields=19
09:53:17 [INFO]     [OK] 7fd8949e… |   196 KB | year=2023 (2020-2023) | fields=22
09:53:22 [INFO]     [OK] 229c4f10… |   236 KB | year=2022 (2020-2023) | fields=28
09:53:26 [INFO]     [OK] 8af7e8b2… |   214 KB | year=2021 (2020-2023) | fields=22
09:53:30 [INFO]     [OK] 56120a47… |   387 KB | year=2020 (2020-2023) | fields=29
09:53:34 [INFO]     [OK] 3316687b… |   124 KB | year=2026 (post-2026) | fields=17
09:53:38 [INFO]     [OK] d96d8d8c… |   110 KB | year=2025 (2024-2025) | fields=19
09:53:41 [INFO]     [OK] 6788501f… |   129 KB | year=2024 (2024-2025) | fields=19
09:53:41 [INFO]   [CAP] Reached 10-file limit for this page. Moving to other pages.
09:53:45 [INFO]   → Found 11 PDFs on https://www.pensionsmyndigheten.se/statistik-och-rapporter/statistik/statistik-for-premiepension
09:53:49 [INFO]     [OK] a8a501f6… |   938 KB | year=2026 (post-2026) | fields=17
09:53:54 [INFO]     [OK] 00d8c5b9… |  3280 KB | year=2026 (post-2026) | fields=17
09:53:58 [INFO]     [OK] bc86a683… |   570 KB | year=2026 (post-2026) | fields=25
09:54:03 [INFO]     [OK] fd1e7a78… |  1768 KB | year=2026 (post-2026) | fields=16
09:54:07 [INFO]     [OK] 675c91f6… |  1020 KB | year=2026 (post-2026) | fields=19
09:54:12 [INFO]     [OK] 9024e0db… |  2517 KB | year=2026 (post-2026) | fields=12
09:54:15 [INFO]     [OK] cff986af… |   959 KB | year=2026 (post-2026) | fields=17
09:54:19 [INFO]     [OK] d17321a9… |   671 KB | year=2026 (post-2026) | fields=18
09:54:23 [INFO]     [OK] 03ffb09d… |  2172 KB | year=2026 (post-2026) | fields=16
09:54:27 [INFO]     [OK] b4a3bbe1… |   768 KB | year=2026 (post-2026) | fields=17
09:55:38 [INFO]   → Found 1 PDFs on https://www.pensionsmyndigheten.se/statistik/publikationer/Premiepensionsrapporten-2021/
09:55:43 [INFO]     [OK] 0b5319a0… |  2137 KB | year=2021 (2020-2023) | fields=10
09:59:29 [INFO]   → Found 2 PDFs on https://www.pensionsmyndigheten.se/statistik-och-rapporter/statistik/aldre-statistik-om-pension
09:59:33 [INFO]     [OK] cfa91420… |   619 KB | year=2026 (post-2026) | fields=15
09:59:37 [INFO]     [OK] b914deeb… |   883 KB | year=2026 (post-2026) | fields=15
10:07:54 [INFO]   [CAP] Reached 500 page limit for authority. Moving on.
10:07:54 [INFO] 
[Pensionsmyndigheten] Done. Pre-NIS2: 47/50  NIS2-prep: 13/50
10:07:54 [INFO] 
============================================================
Authority : Statistiska centralbyrån
Tier      : 3
Quota left: 2020-2023=50  2024-2025=50
============================================================
10:07:54 [WARNING] Could not fetch https://www.scb.se/robots.txt: ('Connection aborted.', ConnectionResetError(54, 'Connection reset by peer')) — treating as allow-all
10:07:54 [INFO] 
[Statistiska centralbyrån] Done. Pre-NIS2: 0/50  NIS2-prep: 0/50
10:07:54 [INFO] 
============================================================
Authority : Bolagsverket
Tier      : 3
Quota left: 2020-2023=50  2024-2025=50
============================================================
10:11:36 [INFO]   → Found 1 PDFs on https://www.bolagsverket.se/omoss/nyheter/nyhetsarkiv/nyhetsarkiv2024/nyhetsarkiv2024/foretagsomskaharevisormensaknarsadan.5178.html
10:11:40 [INFO]     [OK] 9b6e937c… |   375 KB | year=2023 (2020-2023) | fields=28
10:11:48 [INFO]   → Found 1 PDFs on https://www.bolagsverket.se/omoss/nyheter/nyhetsarkiv/nyhetsarkiv2023/nyhetsarkiv2023/utredningensamordnadregisterkontrollviarpositivaochharegetforslagkringvarroll.5151.html
10:11:52 [INFO]     [OK] cb0a8dc4… |   172 KB | year=2023 (2020-2023) | fields=28
10:13:23 [INFO]   → Found 1 PDFs on https://www.bolagsverket.se/omoss/nyheter/nyhetsarkiv/nyhetsarkiv2022/nyhetsarkiv2022/mangasvenskarforedraraiframforenmanniska.4710.html
10:13:34 [INFO]     [OK] ebaa1341… | 38686 KB | year=2022 (2020-2023) | fields=33
10:14:45 [INFO]   → Found 1 PDFs on https://www.bolagsverket.se/omoss/nyheter/nyhetsarkiv/nyhetsarkiv2022/nyhetsarkiv2022/bolagsverketsarsredovisning2021ekonomiochverksamhet.4150.html
10:14:51 [INFO]     [OK] c43102bd… | 11819 KB | year=2021 (2020-2023) | fields=44
10:15:55 [INFO]   → Found 40 PDFs on https://www.bolagsverket.se/omoss/varverksamhet/styrochplaneringsdokument/bolagsverketsforeskrifterbolfs.2161.html
10:15:58 [INFO]     [OK] b2f52aba… |   114 KB | year=2025 (2024-2025) | fields=38
10:16:03 [INFO]     [OK] f7f9d28c… |   111 KB | year=2023 (2020-2023) | fields=38
10:16:07 [INFO]     [OK] 95fbbfcb… |    16 KB | year=2022 (2020-2023) | fields=17
10:16:10 [INFO]     [OK] 2eafaf3d… |    37 KB | year=2022 (2020-2023) | fields=17
10:16:14 [INFO]     [OK] d0418bd6… |   117 KB | year=2022 (2020-2023) | fields=27
10:16:17 [INFO]     [OK] 937a49ea… |    17 KB | year=2022 (2020-2023) | fields=18
10:16:21 [INFO]     [OK] c5f390f1… |   147 KB | year=2022 (2020-2023) | fields=39
10:16:26 [INFO]     [OK] 7b99aeee… |    15 KB | year=2022 (2020-2023) | fields=17
10:16:29 [INFO]     [OK] 7970430f… |    15 KB | year=2022 (2020-2023) | fields=17
10:16:33 [INFO]     [OK] 3680f4f7… |   130 KB | year=2022 (2020-2023) | fields=17
10:16:33 [INFO]   [CAP] Reached 10-file limit for this page. Moving to other pages.
10:16:38 [INFO]   → Found 5 PDFs on https://www.bolagsverket.se/omoss/varverksamhet/styrochplaneringsdokument/bolagsverketsbudgetunderlag.4810.html
10:16:43 [INFO]     [OK] 628c56e3… |   898 KB | year=2027 (post-2026) | fields=39
10:16:47 [INFO]     [OK] 33974bde… |   878 KB | year=2026 (post-2026) | fields=40
10:16:51 [INFO]     [OK] 7176d68b… |   692 KB | year=2025 (2024-2025) | fields=39
10:16:55 [INFO]     [OK] da1fad44… |   677 KB | year=2024 (2024-2025) | fields=40
10:17:00 [INFO]     [OK] b340653a… |   559 KB | year=2022 (2020-2023) | fields=27
10:17:09 [INFO]   → Found 13 PDFs on https://www.bolagsverket.se/omoss/varverksamhet/rapporter.2183.html
10:17:12 [INFO]     [OK] 7558b59a… |   529 KB | year=2021 (2020-2023) | fields=38
10:17:16 [INFO]     [OK] ac9cd80b… |  1067 KB | year=2022 (2020-2023) | fields=22
10:17:21 [INFO]     [OK] a04ee9c3… |  2012 KB | year=2021 (2020-2023) | fields=18
10:17:25 [INFO]     [OK] 4e520870… |   263 KB | year=2022 (2020-2023) | fields=13
10:17:29 [INFO]     [OK] 869fbb96… |  1538 KB | year=2021 (2020-2023) | fields=18
10:17:33 [INFO]     [OK] 308c4a97… |   250 KB | year=2022 (2020-2023) | fields=27
10:17:38 [INFO]     [OK] 5e27056f… |  3429 KB | year=2022 (2020-2023) | fields=22
10:17:42 [INFO]     [OK] db575f46… |   445 KB | year=2022 (2020-2023) | fields=25
10:17:47 [INFO]     [OK] 44e03ae0… |   567 KB | year=2022 (2020-2023) | fields=19
10:17:52 [INFO]     [OK] 5633c1a5… |  4297 KB | year=2020 (2020-2023) | fields=41
10:17:52 [INFO]   [CAP] Reached 10-file limit for this page. Moving to other pages.
10:19:42 [INFO]   → Found 54 PDFs on https://bolagsverket.se/sjalvservice/blanketterochmallar/aktiebolag.1713.html
10:19:46 [INFO]     [OK] 12cfa24e… |   714 KB | year=2026 (post-2026) | fields=25
10:19:49 [INFO]     [OK] 968213e5… |   603 KB | year=2026 (post-2026) | fields=29
10:19:54 [INFO]     [OK] c53051ab… |   472 KB | year=2026 (post-2026) | fields=25
10:20:00 [INFO]     [OK] c53051ab… |   472 KB | year=2026 (post-2026) | fields=25
10:20:03 [INFO]     [OK] df2fd587… |   641 KB | year=2025 (2024-2025) | fields=25
10:20:07 [INFO]     [OK] 84e73298… |  1953 KB | year=2026 (post-2026) | fields=29
10:20:13 [INFO]     [OK] 622ae1e4… |   257 KB | year=2026 (post-2026) | fields=23
10:20:17 [INFO]     [OK] c53051ab… |   472 KB | year=2026 (post-2026) | fields=25
10:20:21 [INFO]     [OK] 7c164131… |   627 KB | year=2026 (post-2026) | fields=26
10:20:26 [INFO]     [OK] 89f6d402… |   523 KB | year=2026 (post-2026) | fields=20
10:20:26 [INFO]   [CAP] Reached 10-file limit for this page. Moving to other pages.
10:20:31 [INFO]   → Found 8 PDFs on https://bolagsverket.se/sjalvservice/blanketterochmallar/enskildnaringsverksamhet.1711.html
10:20:35 [INFO]     [OK] 8566858a… |  1955 KB | year=2026 (post-2026) | fields=26
10:20:40 [INFO]     [OK] 28942759… |   596 KB | year=2026 (post-2026) | fields=27
10:20:44 [INFO]     [OK] a93e775b… |   604 KB | year=2026 (post-2026) | fields=26
10:20:49 [INFO]     [OK] 8566858a… |  1955 KB | year=2026 (post-2026) | fields=26
10:20:54 [INFO]     [OK] 851a43a7… |   741 KB | year=2026 (post-2026) | fields=26
10:20:59 [INFO]     [OK] 7e3964a4… |   620 KB | year=2026 (post-2026) | fields=29
10:21:03 [INFO]     [OK] 3676ebfb… |   707 KB | year=2026 (post-2026) | fields=27
10:21:08 [INFO]     [OK] 3f1c9424… |  1984 KB | year=2026 (post-2026) | fields=29
10:21:12 [INFO]   → Found 7 PDFs on https://bolagsverket.se/sjalvservice/blanketterochmallar/handelsbolag.1715.html
10:21:16 [INFO]     [OK] 2c3daf18… |   461 KB | year=2026 (post-2026) | fields=25
10:21:21 [INFO]     [OK] b4ff90c8… |   241 KB | year=2026 (post-2026) | fields=25
10:21:24 [INFO]     [OK] 2c3daf18… |   461 KB | year=2026 (post-2026) | fields=25
10:21:28 [INFO]     [OK] e3edf5fc… |   262 KB | year=2026 (post-2026) | fields=23
10:21:32 [INFO]     [OK] 2c3daf18… |   461 KB | year=2026 (post-2026) | fields=25
10:21:36 [INFO]     [OK] 0c3dc876… |   305 KB | year=2026 (post-2026) | fields=24
10:21:39 [INFO]     [OK] cf7960de… |  2023 KB | year=2026 (post-2026) | fields=29
10:21:44 [INFO]   → Found 3 PDFs on https://bolagsverket.se/sjalvservice/blanketterochmallar/kommanditbolag.1717.html
10:21:48 [INFO]     [OK] 6581f3a6… |   290 KB | year=2026 (post-2026) | fields=25
10:21:53 [INFO]     [OK] 6581f3a6… |   290 KB | year=2026 (post-2026) | fields=25
10:21:56 [INFO]     [OK] 6581f3a6… |   290 KB | year=2026 (post-2026) | fields=25
10:22:01 [INFO]   → Found 17 PDFs on https://bolagsverket.se/sjalvservice/blanketterochmallar/ekonomiskforening.1719.html
10:22:05 [INFO]     [OK] 9ef06828… |   779 KB | year=2026 (post-2026) | fields=26
10:22:11 [INFO]     [OK] 5397ff9a… | 14401 KB | year=2026 (post-2026) | fields=25
10:22:18 [INFO]     [OK] 5397ff9a… | 14401 KB | year=2026 (post-2026) | fields=25
10:22:21 [INFO]     [OK] 0ae288a1… |   259 KB | year=2026 (post-2026) | fields=23
10:22:27 [INFO]     [OK] 5397ff9a… | 14401 KB | year=2026 (post-2026) | fields=25
10:22:31 [INFO]     [OK] a1a1fe09… |   586 KB | year=2026 (post-2026) | fields=25
10:22:35 [INFO]     [OK] c3bbf6ab… |   138 KB | year=2026 (post-2026) | fields=23
10:22:40 [INFO]     [OK] bd8989a5… |   167 KB | year=2026 (post-2026) | fields=26
10:22:44 [INFO]     [OK] d21c9ef2… |   276 KB | year=2026 (post-2026) | fields=23
10:22:48 [INFO]     [OK] cdf2b5cf… |   698 KB | year=2026 (post-2026) | fields=30
10:22:48 [INFO]   [CAP] Reached 10-file limit for this page. Moving to other pages.
10:22:52 [INFO]   → Found 9 PDFs on https://bolagsverket.se/sjalvservice/blanketterochmallar/bostadsrattsforening.1721.html
10:22:57 [INFO]     [OK] 6ce3d176… |   659 KB | year=2026 (post-2026) | fields=28
10:23:01 [INFO]     [OK] a4dfa065… |   184 KB | year=2026 (post-2026) | fields=26
10:23:05 [INFO]     [OK] 7a9d2526… |   301 KB | year=2026 (post-2026) | fields=26
10:23:10 [INFO]     [OK] a1fbbfcf… |  1954 KB | year=2026 (post-2026) | fields=26
10:23:15 [INFO]     [OK] d7293ef6… |  2049 KB | year=2026 (post-2026) | fields=29
10:23:20 [INFO]     [OK] 528184a9… |   277 KB | year=2026 (post-2026) | fields=26
10:23:24 [INFO]     [OK] 2f351888… |   869 KB | year=2026 (post-2026) | fields=27
10:23:29 [INFO]     [OK] df9fae57… |  1972 KB | year=2026 (post-2026) | fields=27
10:23:34 [INFO]     [OK] 1b3fa291… |  2837 KB | year=2026 (post-2026) | fields=29
10:23:38 [INFO]   → Found 10 PDFs on https://bolagsverket.se/sjalvservice/blanketterochmallar/filial.1723.html
10:23:41 [INFO]     [OK] c06b26ff… |   727 KB | year=2026 (post-2026) | fields=26
10:23:46 [INFO]     [OK] f68a6870… |  2215 KB | year=2026 (post-2026) | fields=26
10:24:05 [INFO]     [OK] e14cdd7b… |   159 KB | year=2025 (2024-2025) | fields=25
10:27:32 [INFO]   → Found 7 PDFs on https://bolagsverket.se/en/sjalvservice/blanketterochmallar/enskildnaringsverksamhet.1711.html
10:27:42 [INFO]     [OK] 5349a620… |   616 KB | year=2025 (2024-2025) | fields=26
10:27:58 [INFO]     [OK] 05f4407d… |   516 KB | year=2025 (2024-2025) | fields=20
10:28:06 [INFO]   → Found 9 PDFs on https://bolagsverket.se/en/sjalvservice/blanketterochmallar/aktiebolag.1713.html
10:28:15 [INFO]     [OK] 0b57b727… |   644 KB | year=2025 (2024-2025) | fields=26
10:28:19 [INFO]     [OK] 9d5cf1e2… |   651 KB | year=2025 (2024-2025) | fields=26
10:28:23 [INFO]     [OK] 1cab3145… |   628 KB | year=2025 (2024-2025) | fields=24
10:28:27 [INFO]     [OK] 34fa8389… |   721 KB | year=2025 (2024-2025) | fields=26
10:28:31 [INFO]     [OK] 2fca1931… |   591 KB | year=2025 (2024-2025) | fields=24
10:28:36 [INFO]     [OK] d69af344… |   668 KB | year=2025 (2024-2025) | fields=26
10:28:48 [INFO]   → Found 8 PDFs on https://bolagsverket.se/en/sjalvservice/blanketterochmallar/filial.1723.html
10:28:52 [INFO]     [OK] 5756cca9… |  2137 KB | year=2025 (2024-2025) | fields=26
10:28:57 [INFO]     [OK] 3c4f126e… |   786 KB | year=2025 (2024-2025) | fields=26
10:29:02 [INFO]     [OK] a1b59069… |   660 KB | year=2025 (2024-2025) | fields=26
10:29:05 [INFO]     [OK] 5e40a342… |   644 KB | year=2025 (2024-2025) | fields=26
10:29:09 [INFO]     [OK] 64e7a39b… |   108 KB | year=2025 (2024-2025) | fields=25
10:29:17 [INFO]     [OK] 18f2090d… |   717 KB | year=2025 (2024-2025) | fields=26
10:29:22 [INFO]     [OK] 4d9b635f… |   596 KB | year=2025 (2024-2025) | fields=25
10:29:25 [INFO]   → Found 5 PDFs on https://bolagsverket.se/en/sjalvservice/blanketterochmallar/handelsbolag.1715.html
10:29:51 [INFO]   → Found 2 PDFs on https://bolagsverket.se/en/sjalvservice/blanketterochmallar/kommanditbolag.1717.html
10:30:03 [INFO]   → Found 1 PDFs on https://bolagsverket.se/en/sjalvservice/blanketterochmallar/flerforetagsformer/europeiskekonomiskintressegrupperingeeig.1737.html
10:30:13 [INFO]   → Found 1 PDFs on https://bolagsverket.se/en/sjalvservice/blanketterochmallar/ovrigablanketterochmallar/anknutetombudenligtlagenomvardepappersmarknaden.1753.html
10:30:22 [INFO]   → Found 3 PDFs on https://bolagsverket.se/en/sjalvservice/blanketterochmallar/ovrigablanketterochmallar/forsakringsformedlare.1759.html
10:30:26 [INFO]     [OK] 646b618f… |   255 KB | year=2025 (2024-2025) | fields=21
10:30:30 [INFO]     [OK] 5485e997… |   660 KB | year=2025 (2024-2025) | fields=25
10:30:34 [INFO]     [OK] ea8de991… |   582 KB | year=2025 (2024-2025) | fields=23
10:30:39 [INFO]   → Found 1 PDFs on https://bolagsverket.se/en/sjalvservice/blanketterochmallar/ovrigablanketterochmallar/foretagsinteckning.1757.html
10:30:47 [INFO]   → Found 2 PDFs on https://bolagsverket.se/en/sjalvservice/blanketterochmallar/ovrigablanketterochmallar/patentombud.1761.html
10:30:56 [INFO]     [OK] 1c9bd968… |   267 KB | year=2025 (2024-2025) | fields=44
10:31:18 [INFO]   → Found 23 PDFs on https://bolagsverket.se/sjalvservice/blanketterochmallar/bankochforsakring/bank.1727.html
10:33:00 [INFO]   → Found 15 PDFs on https://bolagsverket.se/sjalvservice/blanketterochmallar/bankochforsakring/forsakringsbolagochtjanstepensionsbolag.1729.html
10:34:11 [INFO]   → Found 5 PDFs on https://bolagsverket.se/sjalvservice/blanketterochmallar/bankochforsakring/forsakringsforeningochtjanstepensionsforening.1731.html
10:34:37 [INFO]   → Found 3 PDFs on https://bolagsverket.se/sjalvservice/blanketterochmallar/flerforetagsformer/enkeltbolag.1735.html
10:34:54 [INFO]   → Found 1 PDFs on https://bolagsverket.se/sjalvservice/blanketterochmallar/flerforetagsformer/europeiskekonomiskintressegrupperingeeig.1737.html
10:35:02 [INFO]   → Found 4 PDFs on https://bolagsverket.se/sjalvservice/blanketterochmallar/flerforeningsformer/naringsdrivandeideellforening.1741.html
10:35:28 [INFO]   → Found 3 PDFs on https://bolagsverket.se/sjalvservice/blanketterochmallar/flerforeningsformer/naringsdrivandetrossamfund.1745.html
10:35:53 [INFO]   → Found 2 PDFs on https://bolagsverket.se/sjalvservice/blanketterochmallar/ovrigablanketterochmallar/anknutetombudenligtlagenomvardepappersmarknaden.1753.html
10:36:06 [INFO]   → Found 4 PDFs on https://bolagsverket.se/sjalvservice/blanketterochmallar/ovrigablanketterochmallar/depositionskonto.1755.html
10:36:09 [INFO]     [OK] eba765db… |   249 KB | year=2021 (2020-2023) | fields=22
10:36:14 [INFO]     [OK] 6003f317… |   545 KB | year=2025 (2024-2025) | fields=20
10:36:19 [INFO]     [OK] c533f761… |   541 KB | year=2025 (2024-2025) | fields=20
10:36:23 [INFO]     [OK] 1ebc0866… |   613 KB | year=2025 (2024-2025) | fields=26
10:36:28 [INFO]   → Found 7 PDFs on https://bolagsverket.se/sjalvservice/blanketterochmallar/ovrigablanketterochmallar/foretagsinteckning.1757.html
10:37:02 [INFO]   → Found 3 PDFs on https://bolagsverket.se/sjalvservice/blanketterochmallar/ovrigablanketterochmallar/forsakringsformedlare.1759.html
10:37:06 [INFO]     [OK] 6becddc2… |   635 KB | year=2025 (2024-2025) | fields=25
10:37:11 [INFO]     [OK] 784f5260… |   235 KB | year=2025 (2024-2025) | fields=21
10:37:16 [INFO]     [OK] 2a2f565c… |   564 KB | year=2025 (2024-2025) | fields=23
10:37:21 [INFO]   → Found 5 PDFs on https://bolagsverket.se/sjalvservice/blanketterochmallar/ovrigablanketterochmallar/patentombud.1761.html
10:37:25 [INFO]     [OK] 0891126b… |   578 KB | year=2025 (2024-2025) | fields=44
10:37:29 [INFO]     [OK] 70ae66f5… |   578 KB | year=2025 (2024-2025) | fields=44
10:38:47 [INFO]   → Found 1 PDFs on https://bolagsverket.se/omoss/nyheter/nyhetsarkiv/nyhetsarkiv2024/nyhetsarkiv2024/foretagsomskaharevisormensaknarsadan.5178.html
10:38:50 [INFO]     [OK] 9b6e937c… |   375 KB | year=2023 (2020-2023) | fields=28
10:38:59 [INFO]   → Found 1 PDFs on https://bolagsverket.se/omoss/nyheter/nyhetsarkiv/nyhetsarkiv2023/nyhetsarkiv2023/utredningensamordnadregisterkontrollviarpositivaochharegetforslagkringvarroll.5151.html
10:39:04 [INFO]     [OK] cb0a8dc4… |   172 KB | year=2023 (2020-2023) | fields=28
10:39:36 [WARNING]   [HTTP error] https://bolagsverket.se/omoss/nyheter/nyhetsarkiv/nyhetsarkiv2023/nyhetsarkiv2023/nuskastoraforetagtalaomvilkabetalningstiderdehar.4981.html: ('Connection aborted.', RemoteDisconnected('Remote end closed connection without response'))
10:57:02 [INFO]   [CAP] Reached 500 page limit for authority. Moving on.
10:57:02 [INFO] 
[Bolagsverket] Done. Pre-NIS2: 27/50  NIS2-prep: 32/50
10:57:02 [INFO] 
============================================================
Authority : Socialstyrelsen
Tier      : 3
Quota left: 2020-2023=50  2024-2025=50
============================================================
11:01:54 [INFO]   → Found 2 PDFs on https://www.socialstyrelsen.se/kunskapsstod-och-regler/omraden/beredskap/
11:01:58 [INFO]     [OK] b95ee86d… |   361 KB | year=2025 (2024-2025) | fields=29
11:02:02 [INFO]     [OK] 39cc3f71… |   117 KB | year=2025 (2024-2025) | fields=17
11:02:17 [INFO]   → Found 1 PDFs on https://www.socialstyrelsen.se/publikationer/personalstatistik-inom-primarvarden--delrapport-3-2025-3-9497/
11:02:20 [INFO]     [OK] b1524ffe… |   385 KB | year=2025 (2024-2025) | fields=20
11:02:24 [INFO]   → Found 2 PDFs on https://www.socialstyrelsen.se/kunskapsstod-och-regler/omraden/organ-vavnad-celler-och-blod/
11:02:27 [INFO]     [OK] f496679c… |   216 KB | year=2026 (post-2026) | fields=16
11:02:32 [INFO]     [OK] 26914c10… |   879 KB | year=2025 (2024-2025) | fields=16
11:03:27 [INFO]   → Found 8 PDFs on https://www.socialstyrelsen.se/kunskapsstod-och-regler/regler-och-riktlinjer/nationell-hogspecialiserad-vard/
11:03:32 [INFO]     [OK] 768dbbd7… |   145 KB | year=2025 (2024-2025) | fields=17
11:03:36 [INFO]     [OK] 33af8fb6… |   408 KB | year=2024 (2024-2025) | fields=17
11:03:41 [INFO]     [OK] 823d0dde… |   286 KB | year=2023 (2020-2023) | fields=23
11:03:45 [INFO]     [OK] 53350ec5… |   448 KB | year=2023 (2020-2023) | fields=18
11:03:49 [INFO]     [OK] 391656c9… |   107 KB | year=2023 (2020-2023) | fields=19
11:04:16 [INFO]   → Found 1 PDFs on https://www.socialstyrelsen.se/kunskapsstod-och-regler/utbildning/kursamnen/
11:04:21 [INFO]   → Found 2 PDFs on https://www.socialstyrelsen.se/kunskapsstod-och-regler/utbildning/sidotjanstgoring-i-primarvarden-for-st-lakare/
11:04:25 [INFO]     [OK] 86a656c5… |   337 KB | year=2025 (2024-2025) | fields=20
11:04:30 [INFO]     [OK] 8e84c672… |   127 KB | year=2025 (2024-2025) | fields=20
11:04:48 [INFO]   → Found 1 PDFs on https://www.socialstyrelsen.se/kunskapsstod-och-regler/kompetensforsorjning-i-varden/nationella-stodet-for-kompetensforsorjning/
11:04:53 [INFO]     [OK] 79c025b1… |   925 KB | year=2024 (2024-2025) | fields=22
11:05:16 [INFO]   → Found 6 PDFs on https://www.socialstyrelsen.se/publikationer/kejsarsnitt--ett-kunskapsstod-infor-beslut-om-planerat-kejsarsnitt-vid-oklara-indikationer-2022-12-8278/
11:05:20 [INFO]     [OK] 3a1a3344… |   816 KB | year=2022 (2020-2023) | fields=19
11:05:24 [INFO]     [OK] 6d7fcc92… |   134 KB | year=2022 (2020-2023) | fields=18
11:05:27 [INFO]     [OK] e3f81948… |   145 KB | year=2022 (2020-2023) | fields=18
11:05:32 [INFO]     [OK] 1f6d91e4… |   312 KB | year=2022 (2020-2023) | fields=19
11:05:36 [INFO]     [OK] c77f9595… |   169 KB | year=2022 (2020-2023) | fields=18
11:05:40 [INFO]     [OK] 7caebdb2… |   347 KB | year=2022 (2020-2023) | fields=18
11:05:49 [INFO]   → Found 1 PDFs on https://www.socialstyrelsen.se/kunskapsstod-och-regler/omraden/allergivard/
11:05:54 [INFO]     [OK] f16fca25… |   887 KB | year=2023 (2020-2023) | fields=25
11:06:08 [INFO]   → Found 1 PDFs on https://www.socialstyrelsen.se/kunskapsstod-och-regler/omraden/e-halsa/
11:06:13 [INFO]     [OK] d3d9e8f0… |   777 KB | year=2025 (2024-2025) | fields=17
11:06:18 [INFO]   → Found 2 PDFs on https://www.socialstyrelsen.se/kunskapsstod-och-regler/omraden/ekonomiskt-bistand/
11:06:36 [INFO]   → Found 1 PDFs on https://www.socialstyrelsen.se/kunskapsstod-och-regler/omraden/faststalla-doden-med-direkta-kriterier/
11:06:39 [INFO]     [OK] 5dd74881… |   679 KB | year=2022 (2020-2023) | fields=34
11:07:02 [INFO]   → Found 1 PDFs on https://www.socialstyrelsen.se/kunskapsstod-och-regler/omraden/infektionssjukdomar/
11:07:07 [INFO]     [OK] d7da62cd… |   104 KB | year=2020 (2020-2023) | fields=43
11:07:12 [INFO]   → Found 2 PDFs on https://www.socialstyrelsen.se/kunskapsstod-och-regler/omraden/nationella-minoriteter/
11:07:15 [INFO]     [OK] 19f904e9… |   134 KB | year=2025 (2024-2025) | fields=20
11:07:19 [INFO]     [OK] aa5bff85… |   205 KB | year=2024 (2024-2025) | fields=22
11:07:43 [INFO]   → Found 6 PDFs on https://www.socialstyrelsen.se/kunskapsstod-och-regler/omraden/tandvard/
11:07:48 [INFO]     [OK] ec2e8a62… |   643 KB | year=2023 (2020-2023) | fields=35
11:07:52 [INFO]   → Found 1 PDFs on https://www.socialstyrelsen.se/kunskapsstod-och-regler/omraden/tillganglighet-i-halso--och-sjukvarden/
11:07:57 [INFO]     [OK] 7b1db51c… |  3408 KB | year=2025 (2024-2025) | fields=17
11:08:02 [INFO]   → Found 1 PDFs on https://www.socialstyrelsen.se/kunskapsstod-och-regler/omraden/vald-och-brott/
11:08:06 [INFO]     [OK] 3fe8b95d… |   287 KB | year=2025 (2024-2025) | fields=20
11:08:10 [INFO]   → Found 9 PDFs on https://www.socialstyrelsen.se/kunskapsstod-och-regler/omraden/vardhygien/
11:09:03 [INFO]   → Found 3 PDFs on https://www.socialstyrelsen.se/kunskapsstod-och-regler/omraden/lagvardevard/
11:09:06 [INFO]     [OK] ee3c9197… |   438 KB | year=2025 (2024-2025) | fields=20
11:09:10 [INFO]     [OK] 245a6541… |   121 KB | year=2025 (2024-2025) | fields=20
11:09:14 [INFO]     [OK] 5548e451… |   638 KB | year=2025 (2024-2025) | fields=21
11:09:27 [INFO]   → Found 13 PDFs on https://www.socialstyrelsen.se/kunskapsstod-och-regler/omraden/barn-och-unga/barnets-rattigheter-och-barnkonventionen/
11:10:56 [INFO]   → Found 1 PDFs on https://www.socialstyrelsen.se/kunskapsstod-och-regler/omraden/beredskap/sa-ska-halso--och-sjukvarden-fungera-vid-kris-och-krig/
11:11:01 [INFO]     [OK] d52b98ef… |  1297 KB | year=2025 (2024-2025) | fields=10
11:11:06 [WARNING]   [HTTP error] https://www.socialstyrelsen.se/kunskapsstod-och-regler/omraden/beredskap/sa-ska-halso--och-sjukvarden-fungera-vid-kris-och-krig/rattsliga-dokument/lagradsremiss/2025/04/halso--och-sjukvardens-beredskap/: 404 Client Error: Not Found for url: https://www.socialstyrelsen.se/kunskapsstod-och-regler/omraden/beredskap/sa-ska-halso--och-sjukvarden-fungera-vid-kris-och-krig/rattsliga-dokument/lagradsremiss/2025/04/halso--och-sjukvardens-beredskap/
11:11:11 [WARNING]   [HTTP error] https://www.socialstyrelsen.se/kunskapsstod-och-regler/omraden/beredskap/sa-ska-halso--och-sjukvarden-fungera-vid-kris-och-krig/regionvarmland/nyhetsarkiv/region-varmland/2025-09-30-resilient-care-25---en-unik-civil-beredskapsovning: 404 Client Error: Not Found for url: https://www.socialstyrelsen.se/kunskapsstod-och-regler/omraden/beredskap/sa-ska-halso--och-sjukvarden-fungera-vid-kris-och-krig/regionvarmland/nyhetsarkiv/region-varmland/2025-09-30-resilient-care-25---en-unik-civil-beredskapsovning
11:11:16 [INFO]   → Found 6 PDFs on https://www.socialstyrelsen.se/kunskapsstod-och-regler/omraden/beredskap/nationell-forstarkningsresurs-for-katastrofmedicinska-insatser-emt2/
11:11:21 [INFO]     [OK] bd93384a… |  1175 KB | year=2024 (2024-2025) | fields=13
11:11:25 [INFO]     [OK] bd93384a… |  1175 KB | year=2024 (2024-2025) | fields=13
11:11:30 [INFO]     [OK] 292d145a… |   325 KB | year=2025 (2024-2025) | fields=19
11:11:33 [INFO]     [OK] 292d145a… |   325 KB | year=2025 (2024-2025) | fields=19
11:11:36 [INFO]     [OK] b50e82be… |   258 KB | year=2025 (2024-2025) | fields=18
11:11:41 [INFO]     [OK] 457b38ab… |   501 KB | year=2025 (2024-2025) | fields=10
11:11:45 [INFO]   → Found 1 PDFs on https://www.socialstyrelsen.se/kunskapsstod-och-regler/omraden/beredskap/forsorjningsberedskap/
11:11:50 [INFO]     [OK] 0f0d048b… |   340 KB | year=2022 (2020-2023) | fields=20
11:11:59 [INFO]   → Found 1 PDFs on https://www.socialstyrelsen.se/kunskapsstod-och-regler/omraden/beredskap/utbildning-och-ovning/
11:12:03 [INFO]     [OK] 9629895f… |   231 KB | year=2024 (2024-2025) | fields=21
11:12:23 [INFO]   → Found 5 PDFs on https://www.socialstyrelsen.se/kunskapsstod-och-regler/omraden/beredskap/farliga-amnen---cbrn/
11:12:28 [INFO]     [OK] 03d9d8d9… |   422 KB | year=2023 (2020-2023) | fields=17
11:12:32 [INFO]     [OK] 77f3a3dc… |   647 KB | year=2024 (2024-2025) | fields=20
11:12:36 [INFO]     [OK] 5b79fdb1… |  4624 KB | year=2024 (2024-2025) | fields=21
11:12:40 [INFO]     [OK] cd80a1b3… |  4139 KB | year=2024 (2024-2025) | fields=33
11:12:44 [INFO]     [OK] d166891a… |   240 KB | year=2024 (2024-2025) | fields=17
11:12:55 [INFO]   → Found 1 PDFs on https://www.socialstyrelsen.se/kunskapsstod-och-regler/omraden/cancer/nationell-cancermission-hubb/
11:12:58 [INFO]     [OK] 64000689… |   382 KB | year=2026 (post-2026) | fields=17
11:13:21 [INFO]   → Found 1 PDFs on https://www.socialstyrelsen.se/kunskapsstod-och-regler/omraden/god-och-nara-vard/for-regioner-och-kommuner-kommunicera-om-god-och-nara-vard/
11:13:24 [INFO]     [OK] 9c9bacd0… |   538 KB | year=2026 (post-2026) | fields=16
11:13:35 [INFO]   → Found 2 PDFs on https://www.socialstyrelsen.se/kunskapsstod-och-regler/omraden/god-och-nara-vard/egenvard/
11:13:39 [INFO]     [OK] 67cfa837… |   890 KB | year=2025 (2024-2025) | fields=17
11:13:48 [INFO]   → Found 1 PDFs on https://www.socialstyrelsen.se/kunskapsstod-och-regler/omraden/god-och-nara-vard/fast-lakarkontakt/
11:13:53 [INFO]     [OK] 6d1136c4… |   252 KB | year=2023 (2020-2023) | fields=18
11:13:59 [INFO]   → Found 4 PDFs on https://www.socialstyrelsen.se/publikationer/kompetens-for-en-fast-lakarkontakt-i-primarvarden--underlagsrapport-for-kunskapsstodjande-kompetensmal-2023-1-8320/
11:14:03 [INFO]     [OK] 30bc44fc… |   723 KB | year=2023 (2020-2023) | fields=20
11:14:07 [INFO]     [OK] 43ca5934… |    97 KB | year=2023 (2020-2023) | fields=20
11:14:12 [INFO]     [OK] 40d274ef… |   138 KB | year=2023 (2020-2023) | fields=20
11:14:16 [INFO]     [OK] 12690b5e… |    78 KB | year=2023 (2020-2023) | fields=20
11:14:32 [INFO]   → Found 4 PDFs on https://www.socialstyrelsen.se/kunskapsstod-och-regler/omraden/god-och-nara-vard/halso--och-sjukvard-i-hemmet/
11:14:36 [INFO]     [OK] bfd160c9… |   446 KB | year=2023 (2020-2023) | fields=18
11:14:41 [INFO]     [OK] 60da7177… |   148 KB | year=2023 (2020-2023) | fields=19
11:14:45 [INFO]     [OK] fe7be9af… |   883 KB | year=2023 (2020-2023) | fields=18
11:14:48 [INFO]     [OK] 0e77649c… |   147 KB | year=2023 (2020-2023) | fields=20
11:14:53 [INFO]   → Found 1 PDFs on https://www.socialstyrelsen.se/kunskapsstod-och-regler/omraden/god-och-nara-vard/nationellt-halsoprogram-for-barn-och-unga/
11:15:04 [INFO]   → Found 3 PDFs on https://www.socialstyrelsen.se/kunskapsstod-och-regler/omraden/god-och-nara-vard/nasta-steg-for-en-god-och-nara-vard/
11:15:08 [INFO]     [OK] 25736cb9… |   204 KB | year=2026 (post-2026) | fields=16
11:15:11 [INFO]     [OK] 5113289b… |   182 KB | year=2026 (post-2026) | fields=16
11:15:14 [INFO]     [OK] 22a360f1… |   746 KB | year=2026 (post-2026) | fields=16
11:15:28 [INFO]   → Found 1 PDFs on https://www.socialstyrelsen.se/publikationer/lakarnas-specialiseringstjanstgoring-inom-primarvarden--en-underlagsrapport--2025-8-9704/
11:15:32 [INFO]     [OK] f60e5d1e… |   539 KB | year=2025 (2024-2025) | fields=20
11:15:38 [INFO]   → Found 1 PDFs on https://www.socialstyrelsen.se/publikationer/halso--och-sjukvard-i-hemmet--kunskapsstod-for-personcentrerad-vard-och-rehabilitering-2023-3-8458/
11:15:43 [INFO]     [OK] 6a7d70c1… |  1582 KB | year=2023 (2020-2023) | fields=21
11:15:47 [INFO]   → Found 1 PDFs on https://www.socialstyrelsen.se/kunskapsstod-och-regler/omraden/organ-vavnad-celler-och-blod/organ/
11:15:52 [INFO]     [OK] 2df3aacb… |  4329 KB | year=2025 (2024-2025) | fields=21
11:15:57 [INFO]   → Found 6 PDFs on https://www.socialstyrelsen.se/kunskapsstod-och-regler/omraden/organ-vavnad-celler-och-blod/vavnad/
11:16:37 [INFO]   → Found 1 PDFs on https://www.socialstyrelsen.se/kunskapsstod-och-regler/omraden/organ-vavnad-celler-och-blod/blodgivning/
11:16:42 [INFO]     [OK] 5adc6cba… |   173 KB | year=2024 (2024-2025) | fields=19
11:16:51 [INFO]   → Found 5 PDFs on https://www.socialstyrelsen.se/kunskapsstod-och-regler/omraden/organ-vavnad-celler-och-blod/information-och-material-om-donation/
11:16:54 [INFO]     [OK] f0d53ff2… |  2443 KB | year=2026 (post-2026) | fields=23
11:16:58 [INFO]     [OK] f0d53ff2… |  2443 KB | year=2026 (post-2026) | fields=23
11:17:02 [INFO]     [OK] c2c0a696… |   162 KB | year=2023 (2020-2023) | fields=30
11:17:10 [INFO]     [OK] 19f50db4… | 38957 KB | year=2022 (2020-2023) | fields=28
11:17:13 [INFO]     [OK] 85b98131… |   108 KB | year=2022 (2020-2023) | fields=50
11:17:22 [INFO]   → Found 1 PDFs on https://www.socialstyrelsen.se/kunskapsstod-och-regler/omraden/psykisk-ohalsa/suicid-och-suicidprevention/
11:17:26 [INFO]     [OK] 766660a4… |   274 KB | year=2025 (2024-2025) | fields=22
11:17:31 [INFO]   → Found 2 PDFs on https://www.socialstyrelsen.se/kunskapsstod-och-regler/omraden/psykisk-ohalsa/personcentrering-vid-psykisk-funktionsnedsattning-och-stora-behov/
11:17:36 [INFO]     [OK] 08bd96ee… |   222 KB | year=2025 (2024-2025) | fields=17
11:17:40 [INFO]     [OK] ea2e0c4c… |   100 KB | year=2025 (2024-2025) | fields=17
11:17:45 [INFO]   → Found 4 PDFs on https://www.socialstyrelsen.se/publikationer/delat-beslutsfattande-vid-psykiatriska-tillstand-och-psykisk-funktionsnedsattning--rekommendation-och-kunskapsstod-till-halso--och-sjukvarden-och-socialtjansten-2025-3-9328/
11:17:49 [INFO]     [OK] fb941b8c… |   223 KB | year=2025 (2024-2025) | fields=20
11:17:54 [INFO]     [OK] 8022f511… |   655 KB | year=2025 (2024-2025) | fields=20
11:17:58 [INFO]     [OK] 9832b8ff… |   360 KB | year=2025 (2024-2025) | fields=20
11:18:01 [INFO]     [OK] b6f829ce… |   128 KB | year=2025 (2024-2025) | fields=19
11:18:10 [INFO]   → Found 1 PDFs on https://www.socialstyrelsen.se/kunskapsstod-och-regler/omraden/psykisk-ohalsa/overenskommelsen-mellan-staten-och-skr/
11:18:15 [INFO]     [OK] 62af5cc7… |   629 KB | year=2021 (2020-2023) | fields=23
11:18:38 [INFO]   → Found 1 PDFs on https://www.socialstyrelsen.se/kunskapsstod-och-regler/regler-och-riktlinjer/nationella-riktlinjer/riktlinjer-och-utvarderingar/missbruk-och-beroende/
11:18:53 [INFO]   → Found 1 PDFs on https://www.socialstyrelsen.se/publikationer/nationell-utvardering-av-vard-och-stod-vid-schizofreni-och-schizofreniliknande-tillstand--2022--huvudrapport-med-forbattringsomraden-2022-8-8072/
11:18:58 [INFO]     [OK] ece697de… |   743 KB | year=2022 (2020-2023) | fields=19
11:19:04 [INFO]   → Found 1 PDFs on https://www.socialstyrelsen.se/publikationer/oversyn-av-kvalitetsregister-inom-psykiatriomradet--slutrapport-2022-4-7849/
11:19:07 [INFO]     [OK] 9afaf23f… |   446 KB | year=2022 (2020-2023) | fields=19
11:19:26 [INFO]   → Found 1 PDFs on https://www.socialstyrelsen.se/publikationer/delrapport-for-socialstyrelsens-arbete-med-flickors-och-kvinnors-halsa--2025-9-9761/
11:19:30 [INFO]     [OK] b5c71a9a… |   316 KB | year=2025 (2024-2025) | fields=20
11:19:40 [INFO]   → Found 1 PDFs on https://www.socialstyrelsen.se/kunskapsstod-och-regler/regler-och-riktlinjer/nationella-riktlinjer/riktlinjer-och-utvarderingar/vulvodyni/
11:19:44 [INFO]     [OK] cee637f8… |   526 KB | year=2023 (2020-2023) | fields=18
11:20:05 [INFO]   → Found 1 PDFs on https://www.socialstyrelsen.se/kunskapsstod-och-regler/omraden/sexuell-och-reproduktiv-halsa-och-rattigheter/vard-vid-konsdysfori/
11:20:14 [INFO]   → Found 1 PDFs on https://www.socialstyrelsen.se/kunskapsstod-och-regler/regler-och-riktlinjer/nationella-kunskapsstod/publicerade-kunskapsstod/barn-och-unga-med-konsdysfori/
11:20:24 [INFO]   → Found 2 PDFs on https://www.socialstyrelsen.se/publikationer/vard-av-barn-och-ungdomar-med-konsdysfori--nationellt-kunskapsstod-med-rekommendationer-till-profession-och-beslutsfattare-2022-12-8302/
11:20:28 [INFO]     [OK] ef904c49… |   891 KB | year=2022 (2020-2023) | fields=21
11:20:33 [INFO]     [OK] ef74fd6c… |  1129 KB | year=2022 (2020-2023) | fields=21
11:20:37 [WARNING]   [HTTP error] https://www.socialstyrelsen.se/kunskapsstod-och-regler/regler-och-riktlinjer/nationella-kunskapsstod/publicerade-kunskapsstod/vuxna-med-konsdysfori/: 404 Client Error: Not Found for url: https://www.socialstyrelsen.se/kunskapsstod-och-regler/regler-och-riktlinjer/nationella-kunskapsstod/publicerade-kunskapsstod/vuxna-med-konsdysfori/
11:20:40 [INFO]   → Found 1 PDFs on https://www.socialstyrelsen.se/kunskapsstod-och-regler/omraden/vald-och-brott/konsstympning/
11:20:54 [INFO]   → Found 2 PDFs on https://www.socialstyrelsen.se/publikationer/nationellt-kunskapsstod-med-rekommendationer--vald-i-nara-relationer--stod-till-beslutsfattare-och-personal-i-halso--och-sjukvarden-och-tandvarden-2025-5-9569/
11:20:59 [INFO]     [OK] 479e4882… |   784 KB | year=2025 (2024-2025) | fields=20
11:21:04 [INFO]     [OK] afce19ef… |   327 KB | year=2025 (2024-2025) | fields=20
11:21:13 [WARNING]   [HTTP error] https://www.socialstyrelsen.se/kunskapsstod-och-regler/omraden/sexuell-och-reproduktiv-halsa-och-rattigheter/~/link/0b46c8a472fb4b378a5bb497bd714b3d.aspx: 404 Client Error: Not Found for url: https://www.socialstyrelsen.se/kunskapsstod-och-regler/omraden/sexuell-och-reproduktiv-halsa-och-rattigheter/~/link/0b46c8a472fb4b378a5bb497bd714b3d.aspx
11:21:37 [INFO]   → Found 1 PDFs on https://www.socialstyrelsen.se/kunskapsstod-och-regler/omraden/aldre/webbinarier/
11:21:40 [INFO]     [OK] ebfcd00b… |   347 KB | year=2025 (2024-2025) | fields=17
11:21:45 [INFO]   → Found 7 PDFs on https://www.socialstyrelsen.se/kunskapsstod-och-regler/omraden/aldre/utbildningar-inom-aldreomradet/
11:21:49 [INFO]     [OK] 35676ff2… |   525 KB | year=2023 (2020-2023) | fields=31
11:21:54 [INFO]     [OK] 6f9eb24e… |   117 KB | year=2022 (2020-2023) | fields=30
11:21:59 [INFO]     [OK] 0e7a23e3… |   198 KB | year=2022 (2020-2023) | fields=29
11:22:03 [INFO]     [OK] 268f17a8… |   217 KB | year=2022 (2020-2023) | fields=29
11:22:07 [INFO]     [OK] 9cb3c8bc… |  1755 KB | year=2022 (2020-2023) | fields=21
11:22:11 [INFO]     [OK] b0dfb69b… |   497 KB | year=2022 (2020-2023) | fields=21
11:22:15 [INFO]     [OK] 00dfd27c… |   131 KB | year=2022 (2020-2023) | fields=31
11:22:25 [INFO]   → Found 1 PDFs on https://www.socialstyrelsen.se/publikationer/vard-och-omsorg-for-aldre--lagesrapport-2026-2026-3-10088/
11:22:30 [INFO]     [OK] 9f80726a… |  2159 KB | year=2026 (post-2026) | fields=21
11:22:35 [INFO]   → Found 1 PDFs on https://www.socialstyrelsen.se/publikationer/personalen-i-aldreomsorgen-2026--lagesbild-med-statistik-2026-3-10119/
11:22:39 [INFO]     [OK] 50262f71… |   475 KB | year=2026 (post-2026) | fields=20
11:22:52 [INFO]   → Found 18 PDFs on https://www.socialstyrelsen.se/kunskapsstod-och-regler/regler-och-riktlinjer/terminologi/
11:22:56 [INFO]     [OK] 3604d027… |   473 KB | year=2024 (2024-2025) | fields=17
11:23:01 [INFO]     [OK] eaf2920e… |   142 KB | year=2025 (2024-2025) | fields=17
11:23:08 [INFO]     [OK] 00f8d3d4… |   229 KB | year=2025 (2024-2025) | fields=17
11:23:11 [INFO]     [OK] ef0c4484… |   162 KB | year=2022 (2020-2023) | fields=16
11:23:16 [INFO]     [OK] b36ab92d… |   248 KB | year=2021 (2020-2023) | fields=12
11:23:20 [INFO]     [OK] b30071fb… |   292 KB | year=2021 (2020-2023) | fields=21
11:23:25 [INFO]     [OK] 4238d797… |   684 KB | year=2021 (2020-2023) | fields=10
11:23:28 [INFO]     [OK] 8b3c8261… |   746 KB | year=2020 (2020-2023) | fields=10
11:23:33 [INFO]     [OK] 94ef9661… |   789 KB | year=2020 (2020-2023) | fields=10
11:23:38 [INFO]     [OK] 4a7ea39f… |   800 KB | year=2020 (2020-2023) | fields=10
11:23:38 [INFO]   [CAP] Reached 10-file limit for this page. Moving to other pages.
11:24:01 [INFO]   → Found 1 PDFs on https://www.socialstyrelsen.se/publikationer/hslf-fs-20261-socialstyrelsens-kungorelse-om-andring-i-allmanna-raden-sosfs-201112-om-grundlaggande-kunskaper-hos-personal--som-arbetar-i-socialtjanstens-omsorg-om-aldre-2026-2-10024/
11:24:05 [INFO]     [OK] 88d5f8b4… |   125 KB | year=2026 (post-2026) | fields=21
11:24:09 [INFO]   → Found 1 PDFs on https://www.socialstyrelsen.se/publikationer/hslf-fs-20262-socialstyrelsens-kungorelse-om-andring-i-allmanna-raden-sosfs-20142-om-kunskaper-hos-personal-som-ger-stod-service-eller-omsorg-enligt-sol-och-lss-till-personer-med-funktionsnedsattning-2026-2-10025/
11:24:13 [INFO]     [OK] bcbdbcc0… |   130 KB | year=2026 (post-2026) | fields=23
11:24:22 [INFO]   → Found 1 PDFs on https://www.socialstyrelsen.se/kunskapsstod-och-regler/regler-och-riktlinjer/foreskrifter-och-allmanna-rad/konsoliderade-foreskrifter/19995-om-allmantjanstgoring-for-lakare/
11:24:37 [INFO]   → Found 1 PDFs on https://www.socialstyrelsen.se/kunskapsstod-och-regler/regler-och-riktlinjer/foreskrifter-och-allmanna-rad/konsoliderade-foreskrifter/20029-om-bostad-med-sarskild-service-for-vuxna-enligt-9--9-lagen-1993387-om-stod-och-service-till-vissa-funktionshindrade-lss/
11:25:13 [INFO]   → Found 1 PDFs on https://www.socialstyrelsen.se/kunskapsstod-och-regler/regler-och-riktlinjer/foreskrifter-och-allmanna-rad/konsoliderade-foreskrifter/20069-om-sakerhet-vid-sjukvardsinrattningar-som-ger-psykiatrisk-tvangsvard-och-rattspsykiatrisk-vard-samt-vid-enheter-for-rattspsykiatrisk-undersokning/
11:25:16 [INFO]     [OK] 1f1a21de… |   266 KB | year=2025 (2024-2025) | fields=20
11:25:35 [INFO]   → Found 1 PDFs on https://www.socialstyrelsen.se/kunskapsstod-och-regler/regler-och-riktlinjer/foreskrifter-och-allmanna-rad/konsoliderade-foreskrifter/200821-om-anmalan-av-patienter-som-av-medicinska-skal-ar-olampliga-att-inneha-skjutvapen/
11:26:11 [INFO]   → Found 15 PDFs on https://www.socialstyrelsen.se/kunskapsstod-och-regler/regler-och-riktlinjer/foreskrifter-och-allmanna-rad/konsoliderade-foreskrifter/200928-om-blodverksamhet/
11:26:16 [INFO]     [OK] 8c48aaac… |   284 KB | year=2025 (2024-2025) | fields=20
11:26:20 [INFO]     [OK] 63fe61aa… |   190 KB | year=2025 (2024-2025) | fields=19
11:26:25 [INFO]     [OK] 0d9c0b03… |   231 KB | year=2023 (2020-2023) | fields=21
11:26:33 [INFO]     [OK] cc338b75… |   165 KB | year=2021 (2020-2023) | fields=18
11:26:33 [INFO]   Both quotas filled — moving to next authority
11:26:33 [INFO] 
[Socialstyrelsen] Done. Pre-NIS2: 50/50  NIS2-prep: 50/50
11:26:33 [INFO] 
============================================================
Authority : Folkhälsomyndigheten
Tier      : 3
Quota left: 2020-2023=50  2024-2025=50
============================================================
11:26:42 [INFO]   → Found 3 PDFs on https://www.folkhalsomyndigheten.se/publikationer-och-material/publikationsarkiv/f/folkhalsan-i-sverige-arsrapport-2025/
11:26:46 [INFO]     [OK] 1e538445… |  1963 KB | year=2025 (2024-2025) | fields=22
11:26:51 [INFO]     [OK] 1e538445… |  1963 KB | year=2025 (2024-2025) | fields=22
11:26:56 [INFO]     [OK] 9130432e… |   902 KB | year=2025 (2024-2025) | fields=22
11:29:32 [INFO]   → Found 2 PDFs on https://www.folkhalsomyndigheten.se/publikationer-och-material/publikationsarkiv/a/att-mata-overvikt-och-obesitas-bland-barn/
11:29:37 [INFO]     [OK] 4aac30b0… |   374 KB | year=2025 (2024-2025) | fields=21
11:29:42 [INFO]     [OK] 4aac30b0… |   374 KB | year=2025 (2024-2025) | fields=21
11:31:20 [INFO]   → Found 4 PDFs on https://www.folkhalsomyndigheten.se/statistik-och-data/lagesrapporter/rs-virus-veckorapporter/sasongsrapporter-och-arsrapporter-for-rs-virus/
11:31:25 [INFO]     [OK] 5a3ef688… |   978 KB | year=2022 (2020-2023) | fields=23
11:31:30 [INFO]     [OK] 65a75d27… |   779 KB | year=2021 (2020-2023) | fields=23
11:31:33 [INFO]     [OK] f2b83093… |   917 KB | year=2020 (2020-2023) | fields=14
11:32:22 [INFO]   → Found 2 PDFs on https://www.folkhalsomyndigheten.se/publikationer-och-material/publikationsarkiv/f/falldefinitioner-vid-anmalan-enligt-smittskyddslagen/
11:32:25 [INFO]     [OK] a1d75447… |   592 KB | year=2025 (2024-2025) | fields=24
11:32:30 [INFO]     [OK] a1d75447… |   592 KB | year=2025 (2024-2025) | fields=24
11:34:36 [INFO]   → Found 2 PDFs on https://www.folkhalsomyndigheten.se/publikationer-och-material/publikationsarkiv/a/avsiktliga-forgiftningar-bland-unga/
11:34:41 [INFO]     [OK] 4ab2fc1a… |   362 KB | year=2026 (post-2026) | fields=21
11:34:46 [INFO]     [OK] 4ab2fc1a… |   362 KB | year=2026 (post-2026) | fields=21
11:34:53 [INFO]   → Found 2 PDFs on https://www.folkhalsomyndigheten.se/publikationer-och-material/publikationsarkiv/v/vaccin-funkar/
11:34:58 [INFO]     [OK] fdb3b83b… |   641 KB | year=2026 (post-2026) | fields=34
11:35:03 [INFO]     [OK] fdb3b83b… |   641 KB | year=2026 (post-2026) | fields=34
11:35:07 [INFO]   → Found 2 PDFs on https://www.folkhalsomyndigheten.se/publikationer-och-material/publikationsarkiv/f/framja-goda-somnvanor-bland-barn-och-unga/
11:35:11 [INFO]     [OK] eac90338… |   651 KB | year=2026 (post-2026) | fields=22
11:35:16 [INFO]     [OK] eac90338… |   651 KB | year=2026 (post-2026) | fields=22
11:35:19 [INFO]   → Found 3 PDFs on https://www.folkhalsomyndigheten.se/publikationer-och-material/publikationsarkiv/f/folkhalsan-i-sverige-2026/
11:35:23 [INFO]     [OK] 26df6ff8… |   885 KB | year=2026 (post-2026) | fields=24
11:35:28 [INFO]     [OK] 45778013… |  1712 KB | year=2026 (post-2026) | fields=23
11:35:32 [INFO]     [OK] 45778013… |  1712 KB | year=2026 (post-2026) | fields=23
11:35:36 [INFO]   → Found 2 PDFs on https://www.folkhalsomyndigheten.se/publikationer-och-material/publikationsarkiv/e/ensamhet-och-funktionsnedsattning-orsaker-och-atgarder/
11:35:40 [INFO]     [OK] b9691127… |   205 KB | year=2026 (post-2026) | fields=20
11:35:44 [INFO]     [OK] b9691127… |   205 KB | year=2026 (post-2026) | fields=20
11:35:47 [INFO]   → Found 2 PDFs on https://www.folkhalsomyndigheten.se/publikationer-och-material/publikationsarkiv/r/rad-om-skarmar-for-ungdomar-13-18-ar-information-till-foraldrar/
11:35:53 [INFO]     [OK] 370450c3… |  1630 KB | year=2026 (post-2026) | fields=25
11:35:57 [INFO]     [OK] 370450c3… |  1630 KB | year=2026 (post-2026) | fields=25
11:36:01 [INFO]   → Found 2 PDFs on https://www.folkhalsomyndigheten.se/publikationer-och-material/publikationsarkiv/f/folkhalsomyndighetens-arsredovisning-2025/
11:36:05 [INFO]     [OK] af19897b… |  2320 KB | year=2025 (2024-2025) | fields=22
11:36:09 [INFO]     [OK] af19897b… |  2320 KB | year=2025 (2024-2025) | fields=22
11:36:13 [INFO]   → Found 2 PDFs on https://www.folkhalsomyndigheten.se/publikationer-och-material/publikationsarkiv/i/implementering-av-webbaserad-traning-sa-har-fyller-du-i-checklistan/
11:36:18 [INFO]     [OK] 1226fbb6… |   239 KB | year=2026 (post-2026) | fields=41
11:36:23 [INFO]     [OK] 1226fbb6… |   239 KB | year=2026 (post-2026) | fields=41
11:36:27 [INFO]   → Found 2 PDFs on https://www.folkhalsomyndigheten.se/publikationer-och-material/publikationsarkiv/f/framja-fysisk-aktivitet-for-personer-med-intellektuell-funktionsnedsattning-checklista/
11:36:31 [INFO]     [OK] d0ce41cc… |   296 KB | year=2026 (post-2026) | fields=41
11:36:36 [INFO]     [OK] d0ce41cc… |   296 KB | year=2026 (post-2026) | fields=41
11:36:40 [INFO]   → Found 2 PDFs on https://www.folkhalsomyndigheten.se/publikationer-och-material/publikationsarkiv/d/det-handlar-om-livet/
11:36:45 [INFO]     [OK] 4373f4c1… |   620 KB | year=2026 (post-2026) | fields=32
11:36:50 [INFO]     [OK] 4373f4c1… |   620 KB | year=2026 (post-2026) | fields=32
11:36:58 [INFO]   → Found 2 PDFs on https://www.folkhalsomyndigheten.se/publikationer-och-material/publikationsarkiv/k/kapacitet-vid-karantanshamnar-och-karantansflygplatser-vagledning-utifran-det-internationella-halsoreglementet/
11:37:02 [INFO]     [OK] 2d71ef2b… |   867 KB | year=2026 (post-2026) | fields=23
11:37:06 [INFO]     [OK] 2d71ef2b… |   867 KB | year=2026 (post-2026) | fields=23
11:37:10 [INFO]   → Found 2 PDFs on https://www.folkhalsomyndigheten.se/publikationer-och-material/publikationsarkiv/a/att-forebygga-risken-for-demenssjukdom/
11:37:15 [INFO]     [OK] 15971f02… |   311 KB | year=2026 (post-2026) | fields=21
11:37:19 [INFO]     [OK] 15971f02… |   311 KB | year=2026 (post-2026) | fields=21
11:37:28 [INFO]   → Found 2 PDFs on https://www.folkhalsomyndigheten.se/publikationer-och-material/publikationsarkiv/h/halsoframjande-arbetsplatser-med-fokus-pa-organisatorisk-och-social-arbetsmiljo/
11:37:33 [INFO]     [OK] f251ebb6… |  1195 KB | year=2026 (post-2026) | fields=24
11:37:37 [INFO]     [OK] f251ebb6… |  1195 KB | year=2026 (post-2026) | fields=24
11:37:40 [INFO]   → Found 2 PDFs on https://www.folkhalsomyndigheten.se/publikationer-och-material/publikationsarkiv/i/information-till-nya-upplagshavare-for-etylalkohol/
11:37:45 [INFO]     [OK] 8d6d708d… |   214 KB | year=2026 (post-2026) | fields=20
11:37:48 [INFO]     [OK] 8d6d708d… |   214 KB | year=2026 (post-2026) | fields=20
11:37:52 [INFO]   → Found 2 PDFs on https://www.folkhalsomyndigheten.se/publikationer-och-material/publikationsarkiv/a/are-you-in-control-of-your-screens-tips-and-advice-on-screen-use-for-13-to-18-year-olds/
11:37:56 [INFO]     [OK] 7cb0b6aa… |   213 KB | year=2026 (post-2026) | fields=72
11:38:00 [INFO]     [OK] 7cb0b6aa… |   213 KB | year=2026 (post-2026) | fields=72
11:38:04 [INFO]   → Found 2 PDFs on https://www.folkhalsomyndigheten.se/publikationer-och-material/publikationsarkiv/h/how-do-you-talk-about-screen-use-at-home-tips-and-advice-for-parents-of-children-aged-13-18/
11:38:08 [INFO]     [OK] c4f35068… |   168 KB | year=2026 (post-2026) | fields=71
11:38:11 [INFO]     [OK] c4f35068… |   168 KB | year=2026 (post-2026) | fields=71
11:38:16 [INFO]   → Found 2 PDFs on https://www.folkhalsomyndigheten.se/publikationer-och-material/publikationsarkiv/h/hur-pratar-ni-om-skarmar-hemma-tips-och-rad-till-dig-som-har-barn-i-aldern-13-18-ar-somaliska/
11:38:21 [INFO]     [OK] b8361ea1… |   174 KB | year=2026 (post-2026) | fields=71
11:38:26 [INFO]     [OK] b8361ea1… |   174 KB | year=2026 (post-2026) | fields=71
11:38:53 [INFO]   → Found 2 PDFs on https://www.folkhalsomyndigheten.se/publikationer-och-material/publikationsarkiv/v/vaccin-funkar-affisch-vi-skapar-skyddet-tillsammans/
11:38:58 [INFO]     [OK] 8dc05467… |   138 KB | year=2021 (2020-2023) | fields=34
11:39:03 [INFO]     [OK] 8dc05467… |   138 KB | year=2021 (2020-2023) | fields=34
11:39:18 [INFO]   → Found 2 PDFs on https://www.folkhalsomyndigheten.se/publikationer-och-material/publikationsarkiv/e/ensamhet-kan-paverka-halsan/
11:39:22 [INFO]     [OK] c708a6f1… |   376 KB | year=2024 (2024-2025) | fields=24
11:39:44 [INFO]     [OK] c708a6f1… |   376 KB | year=2024 (2024-2025) | fields=24
11:39:52 [INFO]   → Found 2 PDFs on https://www.folkhalsomyndigheten.se/publikationer-och-material/publikationsarkiv/r/rad-om-hur-sma-barn-0-5-ar-anvander-skarmar/
11:39:56 [INFO]     [OK] 68796f4d… |  3164 KB | year=2025 (2024-2025) | fields=26
11:40:01 [INFO]     [OK] 68796f4d… |  3164 KB | year=2025 (2024-2025) | fields=26
11:40:26 [INFO]   → Found 2 PDFs on https://www.folkhalsomyndigheten.se/publikationer-och-material/publikationsarkiv/s/samma-behov-andra-forutsattningar/
11:40:30 [INFO]     [OK] da60832c… |  2122 KB | year=2025 (2024-2025) | fields=24
11:40:35 [INFO]     [OK] da60832c… |  2122 KB | year=2025 (2024-2025) | fields=24
11:40:39 [INFO]   → Found 2 PDFs on https://www.folkhalsomyndigheten.se/publikationer-och-material/publikationsarkiv/s/samma-behov-andra-forutsattningar-kortversion/
11:40:44 [INFO]     [OK] 536e20e9… |  1411 KB | year=2025 (2024-2025) | fields=40
11:40:48 [INFO]     [OK] 536e20e9… |  1411 KB | year=2025 (2024-2025) | fields=40
11:41:30 [INFO]   → Found 2 PDFs on https://www.folkhalsomyndigheten.se/publikationer-och-material/publikationsarkiv/h/har-du-makten-over-dina-skarmar/
11:41:35 [INFO]     [OK] 08d44360… |   247 KB | year=2026 (post-2026) | fields=73
11:41:40 [INFO]     [OK] 08d44360… |   247 KB | year=2026 (post-2026) | fields=73
11:41:49 [INFO]   → Found 2 PDFs on https://www.folkhalsomyndigheten.se/publikationer-och-material/publikationsarkiv/h/hur-pratar-ni-om-skarmar-hemma-tips-och-rad-till-dig-som-har-barn-i-aldern-13-18-ar/
11:41:54 [INFO]     [OK] 4f8651f5… |   214 KB | year=2026 (post-2026) | fields=73
11:41:59 [INFO]     [OK] 4f8651f5… |   214 KB | year=2026 (post-2026) | fields=73
11:42:50 [INFO]   → Found 2 PDFs on https://www.folkhalsomyndigheten.se/publikationer-och-material/publikationsarkiv/t/tillsammans-for-god-gemenskap-i-hela-befolkningen/
11:42:54 [INFO]     [OK] 0f65238d… |  2390 KB | year=2025 (2024-2025) | fields=22
11:42:57 [INFO]     [OK] 0f65238d… |  2390 KB | year=2025 (2024-2025) | fields=22
11:43:01 [INFO]   → Found 2 PDFs on https://www.folkhalsomyndigheten.se/publikationer-och-material/publikationsarkiv/e/ensamhet-forekomst-konsekvenser-och-atgarder-en-kartlaggning/
11:43:06 [INFO]     [OK] f4dffd2b… |  1080 KB | year=2024 (2024-2025) | fields=24
11:43:11 [INFO]     [OK] f4dffd2b… |  1080 KB | year=2024 (2024-2025) | fields=24
11:43:37 [INFO]   → Found 2 PDFs on https://www.folkhalsomyndigheten.se/publikationer-och-material/publikationsarkiv/f/folkhalsomyndighetens-arsredovisning-2024/
11:43:42 [INFO]     [OK] b975dcc9… |  1735 KB | year=2024 (2024-2025) | fields=20
11:43:47 [INFO]     [OK] b975dcc9… |  1735 KB | year=2024 (2024-2025) | fields=20
11:43:50 [INFO]   → Found 2 PDFs on https://www.folkhalsomyndigheten.se/publikationer-och-material/publikationsarkiv/aa/arsredovisning-2023/
11:43:54 [INFO]     [OK] 82560232… |  1219 KB | year=2023 (2020-2023) | fields=22
11:43:58 [INFO]     [OK] 82560232… |  1219 KB | year=2023 (2020-2023) | fields=22
11:44:02 [INFO]   → Found 2 PDFs on https://www.folkhalsomyndigheten.se/publikationer-och-material/publikationsarkiv/aa/arsredovisning-2022/
11:44:06 [INFO]     [OK] 3a01b05f… |  1468 KB | year=2022 (2020-2023) | fields=25
11:44:12 [INFO]     [OK] 3a01b05f… |  1468 KB | year=2022 (2020-2023) | fields=25
11:44:16 [INFO]   → Found 2 PDFs on https://www.folkhalsomyndigheten.se/publikationer-och-material/publikationsarkiv/aa/arsredovisning-2021/
11:44:19 [INFO]     [OK] 3da552ba… |  1518 KB | year=2021 (2020-2023) | fields=26
11:44:24 [INFO]     [OK] 3da552ba… |  1518 KB | year=2021 (2020-2023) | fields=26
11:44:28 [INFO]   → Found 2 PDFs on https://www.folkhalsomyndigheten.se/publikationer-och-material/publikationsarkiv/aa/arsredovisning-2020/
11:44:32 [INFO]     [OK] cdfd8674… |  2134 KB | year=2020 (2020-2023) | fields=24
11:44:36 [INFO]     [OK] cdfd8674… |  2134 KB | year=2020 (2020-2023) | fields=24
11:44:40 [INFO]   → Found 2 PDFs on https://www.folkhalsomyndigheten.se/publikationer-och-material/publikationsarkiv/aa/arsredovisning-2019/
11:44:43 [INFO]   → Found 2 PDFs on https://www.folkhalsomyndigheten.se/publikationer-och-material/publikationsarkiv/aa/arsredovisning-2018/
11:44:47 [INFO]   → Found 2 PDFs on https://www.folkhalsomyndigheten.se/publikationer-och-material/publikationsarkiv/aa/arsredovisning-2017/
11:44:51 [INFO]   → Found 2 PDFs on https://www.folkhalsomyndigheten.se/publikationer-och-material/publikationsarkiv/aa/arsredovisning-2016/
11:44:55 [INFO]   → Found 2 PDFs on https://www.folkhalsomyndigheten.se/publikationer-och-material/publikationsarkiv/aa/arsredovisning-2015/
11:45:12 [INFO]   → Found 2 PDFs on https://www.folkhalsomyndigheten.se/publikationer-och-material/publikationsarkiv/l/litteraturoversikt-faktorer-som-framjar-psykiskt-valbefinnande-bland-aldre/
11:45:16 [INFO]     [OK] 661d318a… |   645 KB | year=2025 (2024-2025) | fields=23
11:45:21 [INFO]     [OK] 661d318a… |   645 KB | year=2025 (2024-2025) | fields=23
11:45:25 [INFO]   → Found 2 PDFs on https://www.folkhalsomyndigheten.se/publikationer-och-material/publikationsarkiv/o/ojamlikhet-i-psykisk-halsa-i-sverige--hur-ar-den-psykiska-halsan-fordelad-och-vad-beror-det-pa/
11:46:18 [INFO]   → Found 2 PDFs on https://www.folkhalsomyndigheten.se/publikationer-och-material/publikationsarkiv/h/har-du-makten-over-dina-skarmar-tips-och-rad-om-skarmanvandning-till-dig-som-ar-13-18-ar-arabiska/
11:46:23 [INFO]     [OK] 2ba1aa72… |   309 KB | year=2026 (post-2026) | fields=72
11:46:27 [INFO]     [OK] 2ba1aa72… |   309 KB | year=2026 (post-2026) | fields=72
11:46:30 [INFO]   → Found 2 PDFs on https://www.folkhalsomyndigheten.se/publikationer-och-material/publikationsarkiv/h/har-du-makten-over-dina-skarmar-tips-och-rad-om-skarmanvandning-till-dig-som-ar-13-18-ar-somaliska/
11:46:34 [INFO]     [OK] 02e020f7… |   215 KB | year=2026 (post-2026) | fields=72
11:46:39 [INFO]     [OK] 02e020f7… |   215 KB | year=2026 (post-2026) | fields=72
11:46:43 [INFO]   → Found 2 PDFs on https://www.folkhalsomyndigheten.se/publikationer-och-material/publikationsarkiv/h/hur-pratar-ni-om-skarmar-hemma-affisch/
11:46:48 [INFO]     [OK] c3a0e615… |   201 KB | year=2026 (post-2026) | fields=72
11:46:53 [INFO]     [OK] c3a0e615… |   201 KB | year=2026 (post-2026) | fields=72
11:47:07 [INFO]   → Found 2 PDFs on https://www.folkhalsomyndigheten.se/publikationer-och-material/publikationsarkiv/h/hur-pratar-ni-om-skarmar-hemma-tips-och-rad-till-dig-som-har-barn-i-aldern-13-18-ar-arabiska/
11:47:12 [INFO]     [OK] 5cfd0a2d… |   271 KB | year=2026 (post-2026) | fields=71
11:47:16 [INFO]     [OK] 5cfd0a2d… |   271 KB | year=2026 (post-2026) | fields=71
11:47:40 [INFO]   → Found 2 PDFs on https://www.folkhalsomyndigheten.se/publikationer-och-material/publikationsarkiv/g/god-samordning-inom-lokalt-arbete-med-andts-psykisk-halsa-och-suicidprevention-en-intervjustudie/
11:47:44 [INFO]     [OK] f988ed40… |  1032 KB | year=2025 (2024-2025) | fields=26
11:47:48 [INFO]     [OK] f988ed40… |  1032 KB | year=2025 (2024-2025) | fields=26
11:47:56 [INFO]   → Found 2 PDFs on https://www.folkhalsomyndigheten.se/publikationer-och-material/publikationsarkiv/s/skadligt-substansbruk-kan-oka-risken-for-suicid/
11:48:01 [INFO]     [OK] 730877fb… |   233 KB | year=2025 (2024-2025) | fields=22
11:48:05 [INFO]     [OK] 730877fb… |   233 KB | year=2025 (2024-2025) | fields=22
11:48:28 [INFO]   → Found 2 PDFs on https://www.folkhalsomyndigheten.se/publikationer-och-material/publikationsarkiv/v/vaccination-mot-pneumokocker-en-halsoekonomisk-utvardering/
11:48:32 [INFO]     [OK] 4024178b… |   702 KB | year=2026 (post-2026) | fields=23
11:48:37 [INFO]     [OK] 4024178b… |   702 KB | year=2026 (post-2026) | fields=23
11:48:41 [INFO]   → Found 2 PDFs on https://www.folkhalsomyndigheten.se/publikationer-och-material/publikationsarkiv/s/skydd-for-gravida-och-nyfodda/
11:48:45 [INFO]     [OK] e4802197… |  2362 KB | year=2026 (post-2026) | fields=71
11:48:48 [INFO]     [OK] e4802197… |  2362 KB | year=2026 (post-2026) | fields=71
11:49:05 [INFO]   → Found 2 PDFs on https://www.folkhalsomyndigheten.se/publikationer-och-material/publikationsarkiv/s/skydd-mot-infektioner-genom-vaccination-under-graviditet/
11:49:09 [INFO]     [OK] 90da87b4… |   176 KB | year=2025 (2024-2025) | fields=20
11:49:12 [INFO]     [OK] 90da87b4… |   176 KB | year=2025 (2024-2025) | fields=20
11:49:16 [INFO]   → Found 2 PDFs on https://www.folkhalsomyndigheten.se/publikationer-och-material/publikationsarkiv/s/skydda-ditt-spadbarn-mot-rs-virus-och-kikhosta/
11:49:20 [INFO]     [OK] d9005748… |   222 KB | year=2025 (2024-2025) | fields=20
11:49:24 [INFO]     [OK] d9005748… |   222 KB | year=2025 (2024-2025) | fields=20
11:49:49 [INFO]   → Found 2 PDFs on https://www.folkhalsomyndigheten.se/publikationer-och-material/publikationsarkiv/p/protect-yourself-and-your-baby-from-infections-during-pregnancy/
11:49:53 [INFO]     [OK] fb03a512… |   217 KB | year=2025 (2024-2025) | fields=22
11:49:57 [INFO]     [OK] fb03a512… |   217 KB | year=2025 (2024-2025) | fields=22
11:50:02 [INFO]   → Found 2 PDFs on https://www.folkhalsomyndigheten.se/publikationer-och-material/publikationsarkiv/s/skydd-mot-infektioner-genom-vaccination-under-graviditet-arabiska/
11:50:05 [INFO]     [OK] 5462e4db… |   212 KB | year=2025 (2024-2025) | fields=23
11:50:10 [INFO]     [OK] 5462e4db… |   212 KB | year=2025 (2024-2025) | fields=23
11:50:14 [INFO]   → Found 2 PDFs on https://www.folkhalsomyndigheten.se/publikationer-och-material/publikationsarkiv/s/skydd-mot-infektioner-genom-vaccination-under-graviditet-dari/
11:50:18 [INFO]     [OK] fa9c572d… |   249 KB | year=2025 (2024-2025) | fields=23
11:50:23 [INFO]     [OK] fa9c572d… |   249 KB | year=2025 (2024-2025) | fields=23
11:50:27 [INFO]   → Found 2 PDFs on https://www.folkhalsomyndigheten.se/publikationer-och-material/publikationsarkiv/s/skydd-mot-infektioner-genom-vaccination-under-graviditet-farsi/
11:50:32 [INFO]     [OK] 8635f33e… |   252 KB | year=2025 (2024-2025) | fields=23
11:50:36 [INFO]     [OK] 8635f33e… |   252 KB | year=2025 (2024-2025) | fields=23
11:50:40 [INFO]   → Found 2 PDFs on https://www.folkhalsomyndigheten.se/publikationer-och-material/publikationsarkiv/s/skydd-mot-infektioner-genom-vaccination-under-graviditet-polska/
11:50:44 [INFO]     [OK] e13f2176… |   254 KB | year=2025 (2024-2025) | fields=23
11:50:47 [INFO]     [OK] e13f2176… |   254 KB | year=2025 (2024-2025) | fields=23
11:50:51 [INFO]   → Found 2 PDFs on https://www.folkhalsomyndigheten.se/publikationer-och-material/publikationsarkiv/s/skydd-mot-infektioner-genom-vaccination-under-graviditet-ryska/
11:50:55 [INFO]     [OK] 9e8e2270… |   503 KB | year=2025 (2024-2025) | fields=24
11:51:00 [INFO]     [OK] 9e8e2270… |   503 KB | year=2025 (2024-2025) | fields=24
11:51:03 [INFO]   → Found 2 PDFs on https://www.folkhalsomyndigheten.se/publikationer-och-material/publikationsarkiv/s/skydd-mot-infektioner-genom-vaccination-under-graviditet-somaliska/
11:51:07 [INFO]     [OK] ad3e314f… |   383 KB | year=2025 (2024-2025) | fields=23
11:51:10 [INFO]     [OK] ad3e314f… |   383 KB | year=2025 (2024-2025) | fields=23
11:51:14 [INFO]   → Found 2 PDFs on https://www.folkhalsomyndigheten.se/publikationer-och-material/publikationsarkiv/s/skydd-mot-infektioner-genom-vaccination-under-graviditet-tigrinja/
11:51:18 [INFO]     [OK] afc4f657… |   234 KB | year=2025 (2024-2025) | fields=23
11:51:22 [INFO]     [OK] afc4f657… |   234 KB | year=2025 (2024-2025) | fields=23
11:51:26 [INFO]   → Found 2 PDFs on https://www.folkhalsomyndigheten.se/publikationer-och-material/publikationsarkiv/s/skydd-mot-infektioner-genom-vaccination-under-graviditet-ukrainska/
11:51:31 [INFO]     [OK] 5aaa80b6… |   405 KB | year=2025 (2024-2025) | fields=23
11:51:40 [INFO]   → Found 2 PDFs on https://www.folkhalsomyndigheten.se/publikationer-och-material/publikationsarkiv/r/rekommendation-om-vaccination-mot-kikhosta-for-gravida/
11:51:44 [INFO]     [OK] 3c05e2b6… |   391 KB | year=2022 (2020-2023) | fields=27
11:51:49 [INFO]     [OK] 3c05e2b6… |   391 KB | year=2022 (2020-2023) | fields=27
11:51:58 [INFO]   → Found 2 PDFs on https://www.folkhalsomyndigheten.se/publikationer-och-material/publikationsarkiv/p/protect-your-infant-against-rsv-and-whooping-cough/
11:52:12 [INFO]   → Found 2 PDFs on https://www.folkhalsomyndigheten.se/publikationer-och-material/publikationsarkiv/s/skydda-ditt-spadbarn-mot-rs-virus-och-kikhosta-arabiska/
11:52:26 [INFO]   → Found 2 PDFs on https://www.folkhalsomyndigheten.se/publikationer-och-material/publikationsarkiv/s/skydda-ditt-spadbarn-mot-rs-virus-och-kikhosta-farsi/
11:52:36 [INFO]   → Found 2 PDFs on https://www.folkhalsomyndigheten.se/publikationer-och-material/publikationsarkiv/s/skydda-ditt-spadbarn-mot-rs-virus-och-kikhosta-ryska/
11:52:47 [INFO]   → Found 2 PDFs on https://www.folkhalsomyndigheten.se/publikationer-och-material/publikationsarkiv/s/skydda-ditt-spadbarn-mot-rs-virus-och-kikhosta-somaliska/
11:53:00 [INFO]   → Found 2 PDFs on https://www.folkhalsomyndigheten.se/publikationer-och-material/publikationsarkiv/s/skydda-ditt-spadbarn-mot-rs-virus-och-kikhosta-tigrinja/
11:53:11 [INFO]   → Found 2 PDFs on https://www.folkhalsomyndigheten.se/publikationer-och-material/publikationsarkiv/s/skydda-ditt-spadbarn-mot-rs-virus-och-kikhosta-ukrainska/
11:53:33 [INFO]   → Found 2 PDFs on https://www.folkhalsomyndigheten.se/publikationer-och-material/publikationsarkiv/g/gronskans-kvaliteter-och-barns-halsa/
11:53:55 [INFO]   → Found 2 PDFs on https://www.folkhalsomyndigheten.se/publikationer-och-material/publikationsarkiv/v/varme-och-manniska-i-bebyggd-miljo--kunskapsstod-for-atgarder-som-minskar-halsoskadlig-varme/
11:54:15 [INFO]   → Found 2 PDFs on https://www.folkhalsomyndigheten.se/publikationer-och-material/publikationsarkiv/l/lagom-sol-och-mer-gronska-utemiljoer-i-forskola-och-grundskola-som-framjar-barns-halsa/
11:55:30 [INFO]   → Found 2 PDFs on https://www.folkhalsomyndigheten.se/publikationer-och-material/publikationsarkiv/s/sveriges-folkhalsopolitiska-ramverk/
11:55:57 [INFO]   → Found 2 PDFs on https://www.folkhalsomyndigheten.se/publikationer-och-material/publikationsarkiv/h/hiv-i-sverige-kunskaper-attityder-och-beteenden-hos-allmanheten-19872011/
11:56:11 [INFO]   → Found 2 PDFs on https://www.folkhalsomyndigheten.se/publikationer-och-material/publikationsarkiv/e/epidemiologisk-arsrapport-2007/
11:56:24 [INFO]   → Found 2 PDFs on https://www.folkhalsomyndigheten.se/publikationer-och-material/publikationsarkiv/e/epidemiologisk-arsrapport-2004/
11:56:39 [INFO]   → Found 2 PDFs on https://www.folkhalsomyndigheten.se/publikationer-och-material/publikationsarkiv/e/epidemiologisk-arsrapport-2006/
11:56:52 [INFO]   → Found 2 PDFs on https://www.folkhalsomyndigheten.se/publikationer-och-material/publikationsarkiv/e/epidemiologisk-arsrapport-2005/
11:57:04 [INFO]   → Found 2 PDFs on https://www.folkhalsomyndigheten.se/publikationer-och-material/publikationsarkiv/e/epidemiologisk-arsrapport-2001/
11:57:16 [INFO]   → Found 2 PDFs on https://www.folkhalsomyndigheten.se/publikationer-och-material/publikationsarkiv/e/epidemiologisk-arsrapport-2000/
11:57:58 [INFO]   → Found 2 PDFs on https://www.folkhalsomyndigheten.se/publikationer-och-material/publikationsarkiv/h/halsoframjande-och-forebyggande-arbete-med-hepatit-och-hiv-for-personer-som-injicerar-droger-en-vagledning/
11:58:10 [INFO]   → Found 2 PDFs on https://www.folkhalsomyndigheten.se/publikationer-och-material/publikationsarkiv/f/forekomst-av-covid-19-i-sverige-hos-barn-och-unga-1317-september-2021/
11:58:14 [INFO]     [OK] dc76b720… |   466 KB | year=2021 (2020-2023) | fields=26
11:58:19 [INFO]     [OK] dc76b720… |   466 KB | year=2021 (2020-2023) | fields=26
11:58:23 [INFO]   → Found 2 PDFs on https://www.folkhalsomyndigheten.se/publikationer-och-material/publikationsarkiv/f/forebyggande-insatser-till-barnet-nar-foraldern-har-en-psykisk-sjukdom/
11:58:32 [INFO]   → Found 2 PDFs on https://www.folkhalsomyndigheten.se/publikationer-och-material/publikationsarkiv/f/folkhalsomyndighetens-foreskrifter-hslf-fs-2019-17/
11:58:36 [INFO]   → Found 2 PDFs on https://www.folkhalsomyndigheten.se/publikationer-och-material/publikationsarkiv/f/folkhalsomyndighetens-foreskrifter-hslf-fs-2025-12/
11:58:40 [INFO]   → Found 2 PDFs on https://www.folkhalsomyndigheten.se/publikationer-och-material/publikationsarkiv/f/folkhalsomyndighetens-foreskrifter-hslf-fs-2015-27/
11:58:45 [INFO]   → Found 2 PDFs on https://www.folkhalsomyndigheten.se/publikationer-och-material/publikationsarkiv/f/folkhalsomyndighetens-foreskrifter-hslf-fs-2023-12/
11:58:50 [INFO]     [OK] bac1a12b… |   190 KB | year=2023 (2020-2023) | fields=38
11:58:54 [INFO]     [OK] bac1a12b… |   190 KB | year=2023 (2020-2023) | fields=38
11:58:59 [INFO]   → Found 2 PDFs on https://www.folkhalsomyndigheten.se/publikationer-och-material/publikationsarkiv/f/folkhalsomyndighetens-foreskrifter-hslf-fs-2020-23/
11:59:02 [INFO]     [OK] 197334ed… |    88 KB | year=2020 (2020-2023) | fields=18
11:59:06 [INFO]     [OK] 197334ed… |    88 KB | year=2020 (2020-2023) | fields=18
11:59:11 [INFO]   → Found 2 PDFs on https://www.folkhalsomyndigheten.se/publikationer-och-material/publikationsarkiv/f/folkhalsomyndighetens-foreskrifter-hslf-fs-2020-45/
11:59:15 [INFO]     [OK] 99698a1d… |   128 KB | year=2020 (2020-2023) | fields=19
11:59:20 [INFO]     [OK] 99698a1d… |   128 KB | year=2020 (2020-2023) | fields=19
11:59:24 [INFO]   → Found 2 PDFs on https://www.folkhalsomyndigheten.se/publikationer-och-material/publikationsarkiv/b/betydelsen-av-alkohol-och-narkotika-for-vald-i-nara-relationer--en-kartlaggande-litteraturoversikt/
11:59:29 [INFO]     [OK] 7c6de9f0… |  2049 KB | year=2021 (2020-2023) | fields=27
11:59:33 [INFO]     [OK] 7c6de9f0… |  2049 KB | year=2021 (2020-2023) | fields=27
11:59:37 [INFO]   → Found 2 PDFs on https://www.folkhalsomyndigheten.se/publikationer-och-material/publikationsarkiv/b/barn-i-familjer-med-missbruk-psykisk-ohalsa-eller-vald/
11:59:50 [INFO]   → Found 2 PDFs on https://www.folkhalsomyndigheten.se/publikationer-och-material/publikationsarkiv/h/health-economic-evaluation-of-varicella-vaccination-within-the-swedish-national-vaccination-programme-for-children/
12:00:03 [INFO]   → Found 2 PDFs on https://www.folkhalsomyndigheten.se/publikationer-och-material/publikationsarkiv/v/vaccination-mot-vattkoppor-i-det-allmanna-vaccinationsprogrammet-for-barn-beslutsunderlag/
12:00:17 [INFO]   → Found 2 PDFs on https://www.folkhalsomyndigheten.se/publikationer-och-material/publikationsarkiv/h/halsoekonomiska-utvarderingar-av-forebyggande-insatser-inom-omradena-alkohol-narkotika-dopning-tobak-och-spel-om-pengar-andts--litteraturoversikt-om-kostnadseffektivitet/
12:00:21 [INFO]     [OK] 06415bab… |   852 KB | year=2020 (2020-2023) | fields=69
12:00:25 [INFO]     [OK] 06415bab… |   852 KB | year=2020 (2020-2023) | fields=69
12:00:29 [INFO]   → Found 2 PDFs on https://www.folkhalsomyndigheten.se/publikationer-och-material/publikationsarkiv/h/health-economic-evaluation-of-a-herpes-zoster-vaccination-programme-for-the-elderly-in-sweden/
12:00:43 [INFO]   → Found 2 PDFs on https://www.folkhalsomyndigheten.se/publikationer-och-material/publikationsarkiv/h/helgenomsekvensering-av-svenska-sars-cov-2-som-orsakar-covid-19/
12:00:57 [INFO]   → Found 2 PDFs on https://www.folkhalsomyndigheten.se/publikationer-och-material/publikationsarkiv/h/hur-hanger-olika-skolfaktorer-samman-med-ungdomars-halsa-och-valbefinnande-i-sverige--analyser-pa-data-fran-skolbarns-halsovanor/
12:01:02 [INFO]     [OK] 10beee84… |   891 KB | year=2022 (2020-2023) | fields=25
12:01:06 [INFO]     [OK] 10beee84… |   891 KB | year=2022 (2020-2023) | fields=25
12:01:14 [INFO]   → Found 2 PDFs on https://www.folkhalsomyndigheten.se/publikationer-och-material/publikationsarkiv/h/halsoframjande-och-forebyggande-arbete-med-hepatiter-i-sverige/
12:01:26 [INFO]   → Found 2 PDFs on https://www.folkhalsomyndigheten.se/publikationer-och-material/publikationsarkiv/f/forebyggande-insatser-till-barn-i-familjer-med-missbruk-psykisk-sjukdom-och-vald/
12:01:50 [INFO]   → Found 2 PDFs on https://www.folkhalsomyndigheten.se/publikationer-och-material/publikationsarkiv/f/folkhalsomyndighetens-foreskrifter-hslf-fs-2016-51/
12:02:03 [INFO]   → Found 2 PDFs on https://www.folkhalsomyndigheten.se/publikationer-och-material/publikationsarkiv/f/folkhalsomyndighetens-foreskrifter-hslf-fs-2022-55/
12:02:08 [INFO]     [OK] 487505b4… |   198 KB | year=2022 (2020-2023) | fields=37
12:02:11 [INFO]     [OK] 487505b4… |   198 KB | year=2022 (2020-2023) | fields=37
12:02:21 [INFO]   → Found 2 PDFs on https://www.folkhalsomyndigheten.se/publikationer-och-material/publikationsarkiv/f/folkhalsomyndighetens-foreskrifter-hslf-fs-2015-10/
12:02:37 [INFO]   → Found 2 PDFs on https://www.folkhalsomyndigheten.se/publikationer-och-material/publikationsarkiv/f/folkhalsomyndighetens-foreskrifter-hslf-fs-2015-7/
12:02:49 [INFO]   → Found 2 PDFs on https://www.folkhalsomyndigheten.se/publikationer-och-material/publikationsarkiv/a/alkohol-narkotika-och-vald-i-nara-relationer--det-breda-forebyggande-arbetet-behovs/
12:02:53 [INFO]     [OK] 8882217d… |   249 KB | year=2022 (2020-2023) | fields=47
12:02:57 [INFO]     [OK] 8882217d… |   249 KB | year=2022 (2020-2023) | fields=47
12:03:11 [INFO]   → Found 2 PDFs on https://www.folkhalsomyndigheten.se/publikationer-och-material/publikationsarkiv/e/evaluation-of-an-introduction-of-vaccination-against-varicella-in-the-swedish-national-vaccination-programme-for-children-summary-of-evidence/
12:03:41 [INFO]   → Found 4 PDFs on https://www.folkhalsomyndigheten.se/statistik-och-data/kommenterad-statistik/skolbarns-halsovanor/rapporter-om-skolbarns-halsovanor/
12:04:02 [INFO]   → Found 2 PDFs on https://www.folkhalsomyndigheten.se/anmal-och-rapportera/rapportera-till-det-nationella-vaccinationsregistret/
12:04:05 [INFO]     [OK] 8f9b5581… |   311 KB | year=2026 (post-2026) | fields=62
12:04:46 [INFO]   → Found 2 PDFs on https://www.folkhalsomyndigheten.se/anmal-och-rapportera/ansoka-om-tillstand-for-halsofarliga-varor/
12:04:51 [INFO]     [OK] ce64d090… |   323 KB | year=2023 (2020-2023) | fields=29
12:04:56 [INFO]     [OK] f6c9c8b9… |   205 KB | year=2023 (2020-2023) | fields=32
12:05:13 [INFO]   → Found 2 PDFs on https://www.folkhalsomyndigheten.se/publikationer-och-material/publikationsarkiv/f/fem-faktorer-for-lyckad-samordning-i-forebyggande-arbete-pa-lokal-niva/
12:05:24 [INFO]   → Found 2 PDFs on https://www.folkhalsomyndigheten.se/publikationer-och-material/publikationsarkiv/s/suicidalitet-bland-personer-med-spelproblem/
12:06:12 [INFO]   → Found 4 PDFs on https://www.folkhalsomyndigheten.se/publikationer-och-material/publikationsarkiv/s/smittsparning-och-undanrojande-av-objektburen-smitta/?pub=102161
12:06:16 [INFO]     [OK] 308aebe5… |   170 KB | year=2021 (2020-2023) | fields=22
12:06:20 [INFO]     [OK] d494129b… |   174 KB | year=2021 (2020-2023) | fields=22
12:06:24 [INFO]     [OK] 7ea8f41a… |   152 KB | year=2021 (2020-2023) | fields=22
12:06:27 [INFO]     [OK] d85c6ca0… |   145 KB | year=2023 (2020-2023) | fields=22
12:09:50 [INFO]   → Found 2 PDFs on https://www.folkhalsomyndigheten.se/publikationer-och-material/publikationsarkiv/a/argument-for-satsningar-pa-ett-starkt-halsoframjande-och-forebyggande-arbete/
12:10:02 [INFO]   → Found 2 PDFs on https://www.folkhalsomyndigheten.se/publikationer-och-material/publikationsarkiv/i/introduktion-till-ekonomiska-utvarderingar-av-insatser-i-halso-och-sjukvarden-och-socialtjansten/
12:10:15 [INFO]   → Found 2 PDFs on https://www.folkhalsomyndigheten.se/publikationer-och-material/publikationsarkiv/e/ekonomisk-utvardering-ett-exempel-fran-goteborgs-stad/
12:10:29 [INFO]   → Found 2 PDFs on https://www.folkhalsomyndigheten.se/publikationer-och-material/publikationsarkiv/e/ekonomisk-utvardering-av-insatser-i-halso-och-sjukvarden-och-socialtjansten/
12:10:46 [INFO]   → Found 2 PDFs on https://www.folkhalsomyndigheten.se/publikationer-och-material/publikationsarkiv/m/matmiljons-betydelse-for-var-halsa-kortversion/
12:10:57 [INFO]   → Found 2 PDFs on https://www.folkhalsomyndigheten.se/publikationer-och-material/publikationsarkiv/g/gonorre-inte-en-chans-att-jag-far-det/
12:11:10 [INFO]   → Found 2 PDFs on https://www.folkhalsomyndigheten.se/publikationer-och-material/publikationsarkiv/f/forlita-dig-inte-pa-turen-nar-det-handlar-om-sex/
12:11:21 [INFO]   → Found 2 PDFs on https://www.folkhalsomyndigheten.se/publikationer-och-material/publikationsarkiv/d/det-gick-ju-bra-forra-gangen/
12:11:34 [INFO]   → Found 2 PDFs on https://www.folkhalsomyndigheten.se/publikationer-och-material/publikationsarkiv/r/rokforbud-i-utomhusomraden-i-kollektivtrafiken/
12:11:45 [INFO]   → Found 2 PDFs on https://www.folkhalsomyndigheten.se/publikationer-och-material/publikationsarkiv/r/rokforbud-pa-inhagnade-idrottsplatser/
12:11:57 [INFO]   → Found 2 PDFs on https://www.folkhalsomyndigheten.se/publikationer-och-material/publikationsarkiv/r/rokforbud-pa-lekplatser/
12:12:07 [INFO]   → Found 2 PDFs on https://www.folkhalsomyndigheten.se/publikationer-och-material/publikationsarkiv/r/rokforbud-pa-uteserveringar/
12:12:20 [INFO]   → Found 2 PDFs on https://www.folkhalsomyndigheten.se/publikationer-och-material/publikationsarkiv/r/rokforbud-vid-entreer/
12:12:34 [INFO]   → Found 2 PDFs on https://www.folkhalsomyndigheten.se/publikationer-och-material/publikationsarkiv/v/vagledning-for-vardhygieniska-rutiner-i-sjukvarden-gallande-mpox/
12:12:47 [INFO]   → Found 2 PDFs on https://www.folkhalsomyndigheten.se/publikationer-och-material/publikationsarkiv/d/diskussionsfragor-om-skarm-till-vardnadshavare-som-har-barn-i-hogstadiet/
12:13:01 [INFO]   → Found 2 PDFs on https://www.folkhalsomyndigheten.se/publikationer-och-material/publikationsarkiv/d/diskussionsfragor-om-skarm-till-vardnadshavare-som-har-barn-i-lagstadiet/
12:13:55 [INFO]   → Found 2 PDFs on https://www.folkhalsomyndigheten.se/publikationer-och-material/publikationsarkiv/h/handlingsplan-mot-hiv-aids-och-vissa-andra-sexuellt-overforbara-infektioner/
12:14:09 [INFO]   → Found 2 PDFs on https://www.folkhalsomyndigheten.se/publikationer-och-material/publikationsarkiv/n/nationell-strategi-mot-hivaids-och-vissa-andra-sexuellt-overforbara-infektioner/
12:14:59 [INFO]   → Found 2 PDFs on https://www.folkhalsomyndigheten.se/publikationer-och-material/publikationsarkiv/d/diskussionsfragor-om-skarm-till-vardnadshavare-som-har-barn-i-mellanstadiet/
12:15:19 [INFO]   → Found 2 PDFs on https://www.folkhalsomyndigheten.se/publikationer-och-material/publikationsarkiv/f/folkhalsopolitikens-malomrade-2-kunskaper-kompetenser-och-utbildning/
12:15:33 [INFO]   → Found 2 PDFs on https://www.folkhalsomyndigheten.se/publikationer-och-material/publikationsarkiv/h/halsa-hos-man-som-har-sex-med-man-som-far-preexpositionsprofylax-prep-mot-hiv-faktablad/
12:15:47 [INFO]   → Found 2 PDFs on https://www.folkhalsomyndigheten.se/publikationer-och-material/publikationsarkiv/k/kunskap-om-halsa-livsvillkor-och-levnadsvanor-bland-personer-med-intersexvariation/
12:16:14 [INFO]   → Found 2 PDFs on https://www.folkhalsomyndigheten.se/publikationer-och-material/publikationsarkiv/f/folkhalsopolitikens-malomrade-1-tidiga-livets-villkor/
12:16:26 [INFO]   → Found 2 PDFs on https://www.folkhalsomyndigheten.se/publikationer-och-material/publikationsarkiv/f/folkhalsopolitikens-malomrade-8-en-jamlik-och-halsoframjande-halso-och-sjukvard/
12:16:39 [INFO]   → Found 2 PDFs on https://www.folkhalsomyndigheten.se/publikationer-och-material/publikationsarkiv/f/folkhalsopolitikens-mal-ramverk-och-genomforande/
12:16:53 [INFO]   → Found 2 PDFs on https://www.folkhalsomyndigheten.se/publikationer-och-material/publikationsarkiv/f/folkhalsopolitikens-malomrade-6-levnadsvanor/
12:17:05 [INFO]   → Found 2 PDFs on https://www.folkhalsomyndigheten.se/publikationer-och-material/publikationsarkiv/f/folkhalsopolitikens-malomrade-3-arbete-arbetsforhallanden-och-arbetsmiljo/
12:17:17 [INFO]   → Found 2 PDFs on https://www.folkhalsomyndigheten.se/publikationer-och-material/publikationsarkiv/f/folkhalsopolitikens-malomrade-4-inkomster-och-forsorjningsmojligheter/
12:17:29 [INFO]   → Found 2 PDFs on https://www.folkhalsomyndigheten.se/publikationer-och-material/publikationsarkiv/f/folkhalsopolitikens-malomrade-5-boende-och-narmiljo/
12:17:42 [INFO]   → Found 2 PDFs on https://www.folkhalsomyndigheten.se/publikationer-och-material/publikationsarkiv/f/folkhalsopolitikens-malomrade-7-kontroll-inflytande-och-delaktighet/
12:17:55 [INFO]   → Found 2 PDFs on https://www.folkhalsomyndigheten.se/publikationer-och-material/publikationsarkiv/e/ett-hogre-pris-pa-alkoholdrycker-kan-minska-konsumtion-och-skador/
12:19:16 [INFO]   → Found 2 PDFs on https://www.folkhalsomyndigheten.se/publikationer-och-material/publikationsarkiv/oe/okade-oppettider-i-detaljhandeln-paverkar-alkoholkonsumtionen/
12:19:38 [INFO]   → Found 2 PDFs on https://www.folkhalsomyndigheten.se/publikationer-och-material/publikationsarkiv/v/vagledning-for-kommunernas-tillsyn-over-markning-enligt-lag-om-tobak-och-liknande-produkter-samt-lag-om-tobaksfria-nikotinprodukter/
12:20:00 [INFO]   [CAP] Reached 500 page limit for authority. Moving on.
12:20:00 [INFO] 
[Folkhälsomyndigheten] Done. Pre-NIS2: 39/50  NIS2-prep: 50/50
12:20:00 [INFO] 
============================================================
Authority : Karolinska institutet
Tier      : 3
Quota left: 2020-2023=50  2024-2025=50
============================================================
12:22:41 [INFO]   → Found 1 PDFs on https://ki.se/om-ki/fakta-om-ki/informationsmaterial-om-karolinska-institutet
12:26:53 [INFO]     [OK] 8972b66d… |  5875 KB | year=2026 (post-2026) | fields=32
12:41:11 [WARNING]   [HTTP error] https://utbildning.ki.se/student-pa-ki/alla-kurs-och-programwebbar/forskningsmetod-och-statistik-i-logopedi-och-audiologi: 404 Client Error: Not Found for url: https://utbildning.ki.se/page-not-found?destination=/student-pa-ki/alla-kurs-och-programwebbar/forskningsmetod-och-statistik-i-logopedi-och-audiologi
12:41:33 [WARNING]   [HTTP error] https://nyheter.ki.se/presstjansten/doktorsavhandlingar-en-kalla-till-nyheter: 404 Client Error: Not Found for url: https://nyheter.ki.se/page-not-found?destination=/presstjansten/doktorsavhandlingar-en-kalla-till-nyheter
12:42:12 [INFO]   → Found 1 PDFs on https://kib.ki.se/publicera-analysera/bibliometri-verifiering
12:42:15 [INFO]     [OK] c87204dd… |   335 KB | year=2021 (2020-2023) | fields=53
12:45:38 [WARNING]   [HTTP error] https://utbildning.ki.se/uppdragsutbildning/kursutbud/preparandkurs-for-lakare-infor-kunskapsprov-ht25: 404 Client Error: Not Found for url: https://utbildning.ki.se/page-not-found?destination=/uppdragsutbildning/kursutbud/preparandkurs-for-lakare-infor-kunskapsprov-ht25
12:46:05 [INFO]   → Found 18 PDFs on https://ki.se/dentmed/nytt-kunskapsprov-for-tandlakare-med-utbildning-fran-lander-utanfor-euees
12:46:09 [INFO]     [OK] 783362c6… |   252 KB | year=2026 (post-2026) | fields=75
12:46:14 [INFO]     [OK] f92dbaaf… |   900 KB | year=2020 (2020-2023) | fields=18
12:46:18 [INFO]     [OK] 783362c6… |   252 KB | year=2026 (post-2026) | fields=75
12:46:22 [INFO]     [OK] 09c353ef… |   500 KB | year=2020 (2020-2023) | fields=25
12:46:27 [INFO]     [OK] f131a77a… |   212 KB | year=2026 (post-2026) | fields=25
12:46:32 [INFO]     [OK] 4692dbfe… |   531 KB | year=2025 (2024-2025) | fields=12
12:46:36 [INFO]     [OK] 63bbdbfb… |   129 KB | year=2025 (2024-2025) | fields=56
12:46:40 [INFO]     [OK] 9e3b9175… |   201 KB | year=2020 (2020-2023) | fields=42
12:46:44 [INFO]     [OK] 2b5f689b… |   151 KB | year=2023 (2020-2023) | fields=24
12:46:54 [INFO]     [OK] b1231092… |  7238 KB | year=2025 (2024-2025) | fields=20
12:46:54 [INFO]   [CAP] Reached 10-file limit for this page. Moving to other pages.
13:02:26 [WARNING] Could not fetch https://medarbetare.dev.ki.se/robots.txt: HTTPSConnectionPool(host='medarbetare.dev.ki.se', port=443): Max retries exceeded with url: /robots.txt (Caused by NewConnectionError("HTTPSConnection(host='medarbetare.dev.ki.se', port=443): Failed to establish a new connection: [Errno 61] Connection refused")) — treating as allow-all
13:04:06 [INFO]   [CAP] Reached 500 page limit for authority. Moving on.
13:04:06 [INFO] 
[Karolinska institutet] Done. Pre-NIS2: 5/50  NIS2-prep: 3/50
13:04:06 [INFO] 
============================================================
Authority : Stockholm universitet
Tier      : 3
Quota left: 2020-2023=50  2024-2025=50
============================================================
13:04:43 [INFO]   → Found 30 PDFs on https://www.su.se/om-universitetet/universitetsfakta/arsredovisningar
13:04:48 [INFO]     [OK] 6f91849c… |  3798 KB | year=2025 (2024-2025) | fields=32
13:04:56 [INFO]     [OK] 2079afb8… |  5222 KB | year=2024 (2024-2025) | fields=32
13:05:03 [INFO]     [OK] 1abc4758… |  5298 KB | year=2023 (2020-2023) | fields=32
13:05:09 [INFO]     [OK] 182a3991… | 10056 KB | year=2025 (2024-2025) | fields=33
13:05:13 [INFO]     [OK] 7bfa5835… |   958 KB | year=2025 (2024-2025) | fields=21
13:05:17 [INFO]     [OK] 4f98aa68… |  1325 KB | year=2025 (2024-2025) | fields=22
13:05:22 [INFO]     [OK] bbd3d9ce… |  1922 KB | year=2025 (2024-2025) | fields=35
13:05:26 [INFO]     [OK] 35571a10… |  4377 KB | year=2025 (2024-2025) | fields=39
13:05:31 [INFO]     [OK] f406d4b9… |  4186 KB | year=2025 (2024-2025) | fields=39
13:05:37 [INFO]     [OK] a7475e7d… |   794 KB | year=2025 (2024-2025) | fields=24
13:05:37 [INFO]   [CAP] Reached 10-file limit for this page. Moving to other pages.
13:07:29 [INFO]   → Found 13 PDFs on https://www.su.se/om-universitetet/universitetsfakta/%C3%A5rsredovisningar
13:07:34 [INFO]     [OK] 6560711d… |   942 KB | year=2025 (2024-2025) | fields=16
13:07:38 [INFO]     [OK] bf4252fe… |   357 KB | year=2025 (2024-2025) | fields=17
13:07:43 [INFO]     [OK] 36202ed6… |   591 KB | year=2025 (2024-2025) | fields=14
13:07:47 [INFO]     [OK] 62285c94… |   614 KB | year=2025 (2024-2025) | fields=14
13:07:51 [INFO]     [OK] 701e5ad8… |   527 KB | year=2025 (2024-2025) | fields=14
13:07:54 [INFO]     [OK] 10065eb0… |   269 KB | year=2025 (2024-2025) | fields=14
13:07:58 [INFO]     [OK] ae997a44… |   316 KB | year=2025 (2024-2025) | fields=8
13:08:03 [INFO]     [OK] e86c54b9… |   428 KB | year=2025 (2024-2025) | fields=8
13:08:07 [INFO]     [OK] 104193d7… |   357 KB | year=2025 (2024-2025) | fields=13
13:08:10 [INFO]     [OK] d94dd0ed… |   272 KB | year=2025 (2024-2025) | fields=13
13:08:10 [INFO]   [CAP] Reached 10-file limit for this page. Moving to other pages.
13:09:11 [INFO]   → Found 30 PDFs on http://su.se/om-universitetet/universitetsfakta/arsredovisningar
13:09:15 [INFO]     [OK] 6f91849c… |  3798 KB | year=2025 (2024-2025) | fields=32
13:09:23 [INFO]     [OK] 2079afb8… |  5222 KB | year=2024 (2024-2025) | fields=32
13:09:31 [INFO]     [OK] 1abc4758… |  5298 KB | year=2023 (2020-2023) | fields=32
13:09:38 [INFO]     [OK] 182a3991… | 10056 KB | year=2025 (2024-2025) | fields=33
13:09:43 [INFO]     [OK] 7bfa5835… |   958 KB | year=2025 (2024-2025) | fields=21
13:09:47 [INFO]     [OK] 4f98aa68… |  1325 KB | year=2025 (2024-2025) | fields=22
13:09:52 [INFO]     [OK] bbd3d9ce… |  1922 KB | year=2025 (2024-2025) | fields=35
13:09:56 [INFO]     [OK] 35571a10… |  4377 KB | year=2025 (2024-2025) | fields=39
13:10:01 [INFO]     [OK] f406d4b9… |  4186 KB | year=2025 (2024-2025) | fields=39
13:10:05 [INFO]     [OK] a7475e7d… |   794 KB | year=2025 (2024-2025) | fields=24
13:10:05 [INFO]   [CAP] Reached 10-file limit for this page. Moving to other pages.
13:12:07 [INFO]   → Found 13 PDFs on http://su.se/om-universitetet/universitetsfakta/%C3%A5rsredovisningar
13:12:11 [INFO]     [OK] 6560711d… |   942 KB | year=2025 (2024-2025) | fields=16
13:12:17 [INFO]     [OK] bf4252fe… |   357 KB | year=2025 (2024-2025) | fields=17
13:12:20 [INFO]     [OK] 36202ed6… |   591 KB | year=2025 (2024-2025) | fields=14
13:12:24 [INFO]     [OK] 62285c94… |   614 KB | year=2025 (2024-2025) | fields=14
13:12:28 [INFO]     [OK] 701e5ad8… |   527 KB | year=2025 (2024-2025) | fields=14
13:12:33 [INFO]     [OK] 10065eb0… |   269 KB | year=2025 (2024-2025) | fields=14
13:12:36 [INFO]     [OK] ae997a44… |   316 KB | year=2025 (2024-2025) | fields=8
13:12:40 [INFO]     [OK] e86c54b9… |   428 KB | year=2025 (2024-2025) | fields=8
13:12:45 [INFO]     [OK] 104193d7… |   357 KB | year=2025 (2024-2025) | fields=13
13:12:48 [INFO]     [OK] d94dd0ed… |   272 KB | year=2025 (2024-2025) | fields=13
13:12:48 [INFO]   [CAP] Reached 10-file limit for this page. Moving to other pages.
13:14:49 [INFO]   → Found 2 PDFs on https://www.su.se/enheter/psykologiska-institutionen/om-institutionen/om-oss/stockholms-universitets-psykologiska-klinik
13:14:52 [INFO]     [OK] a7e9ee2d… |   220 KB | year=2025 (2024-2025) | fields=18
13:14:57 [INFO]     [OK] 43a1a3f2… |   256 KB | year=2025 (2024-2025) | fields=21
13:15:19 [INFO]   → Found 1 PDFs on https://www.su.se/enheter/psykologiska-institutionen/forskning/publikationer
13:15:24 [INFO]     [OK] 1289b843… | 10787 KB | year=2025 (2024-2025) | fields=11
13:15:42 [INFO]   → Found 16 PDFs on https://www.su.se/enheter/psykologiska-institutionen/om-institutionen/om-oss/stressforskningsinstitutet
13:15:48 [INFO]     [OK] 1289b843… | 10787 KB | year=2025 (2024-2025) | fields=11
13:15:53 [INFO]     [OK] abb39ddf… |  7055 KB | year=2025 (2024-2025) | fields=18
13:15:57 [INFO]     [OK] 123fb9cf… |   583 KB | year=2025 (2024-2025) | fields=17
13:16:02 [INFO]     [OK] edc95655… |   544 KB | year=2025 (2024-2025) | fields=17
13:16:05 [INFO]     [OK] e78269c0… |  1170 KB | year=2025 (2024-2025) | fields=18
13:16:10 [INFO]     [OK] eb0606b2… |  1104 KB | year=2025 (2024-2025) | fields=17
13:16:15 [INFO]     [OK] 5b66ff7f… |   594 KB | year=2025 (2024-2025) | fields=29
13:16:19 [INFO]     [OK] 1c8deb31… |  4673 KB | year=2025 (2024-2025) | fields=29
13:16:22 [INFO]     [OK] c683d39b… |  1164 KB | year=2025 (2024-2025) | fields=28
13:17:07 [INFO]   → Found 4 PDFs on https://www.su.se/enheter/psykologiska-institutionen/om-institutionen/om-oss/psykologiska-institutionens-historia
13:17:37 [INFO]   → Found 3 PDFs on https://medarbetare.su.se/stod-och-service/arkivering-och-diarieforing
13:17:42 [INFO]     [OK] 0ad2ca74… |   291 KB | year=2026 (post-2026) | fields=48
13:17:46 [INFO]     [OK] 0ad2ca74… |   291 KB | year=2026 (post-2026) | fields=48
13:17:58 [INFO]   → Found 1 PDFs on https://medarbetare.su.se/vart-su/styrning/regelboken/arkivering-och-diarieforing/regler-om-gallring-av-handlingar-av-uppenbart-ringa-betydelse-och-handlingar-som-ar-generiska-for-styr--stod--och-karnverksamheter
13:18:11 [INFO]   → Found 1 PDFs on https://medarbetare.su.se/vart-su/styrning/regelboken/arkivering-och-diarieforing/regler-och-handlaggningsordning-om-ansvar-for-allmanna-handlingar-och-process-for-utlamnanden
13:18:55 [INFO]   → Found 1 PDFs on https://medarbetare.su.se/vart-su/styrning/regelboken/arkivering-och-diarieforing/gallring-av-pappershandlingar-efter-skanning-vid-stockholms-universitet
13:19:40 [INFO]   → Found 1 PDFs on https://medarbetare.su.se/vart-su/styrning/regelboken/ekonomi-upphandling-stiftelser-och-bolag/regler-om-avgifter-for-kopior-av-allmanna-handlingar
13:21:08 [INFO]   → Found 51 PDFs on https://medarbetare.su.se/stod-och-service/blanketter/blanketter-a-o
13:21:50 [INFO]     [OK] 6d592005… |   518 KB | year=2026 (post-2026) | fields=19
13:22:23 [INFO]     [OK] 4a3ca9ff… |   308 KB | year=2026 (post-2026) | fields=29
13:22:27 [INFO]     [OK] 50d5b354… |   329 KB | year=2026 (post-2026) | fields=28
13:24:19 [INFO]     [OK] 27cecf90… |    87 KB | year=2021 (2020-2023) | fields=47
13:24:22 [INFO]     [OK] 6d592005… |   518 KB | year=2026 (post-2026) | fields=19
13:25:12 [INFO]   → Found 1 PDFs on https://medarbetare.su.se/stod-och-service/manualer/medarbetarwebb/dokument-och-filer
13:25:22 [INFO]   → Found 1 PDFs on https://medarbetare.su.se/vart-su/styrning/regelboken/organisation-och-beslutsstruktur/handlaggningsordning-for-styrdokument
13:25:44 [INFO]   → Found 1 PDFs on https://medarbetare.su.se/vart-su/styrning/regelboken/arkivering-och-diarieforing/handlaggningsordning-for-arkiv--och-registraturorganisationen
13:26:02 [WARNING] Could not fetch http://arkiv.it.su.se/robots.txt: HTTPConnectionPool(host='arkiv.it.su.se', port=80): Max retries exceeded with url: /robots.txt (Caused by ConnectTimeoutError(<HTTPConnection(host='arkiv.it.su.se', port=80) at 0x109c28f30>, 'Connection to arkiv.it.su.se timed out. (connect timeout=10)')) — treating as allow-all
13:26:15 [WARNING] Could not fetch https://arkiv.it.su.se/robots.txt: HTTPSConnectionPool(host='arkiv.it.su.se', port=443): Max retries exceeded with url: /robots.txt (Caused by ConnectTimeoutError(<HTTPSConnection(host='arkiv.it.su.se', port=443) at 0x109132ad0>, 'Connection to arkiv.it.su.se timed out. (connect timeout=10)')) — treating as allow-all
13:26:40 [INFO]   → Found 1 PDFs on https://medarbetare.su.se/forskning/forska/arkivering-av-forskningsinformation
13:27:25 [INFO]   → Found 12 PDFs on https://medarbetare.su.se/stod-och-service/blanketter/blanketter-a-o?letter=A
13:27:35 [INFO]     [OK] dea110e1… |   117 KB | year=2022 (2020-2023) | fields=21
13:28:11 [INFO]   → Found 5 PDFs on https://medarbetare.su.se/stod-och-service/blanketter/blanketter-a-o?letter=B
13:28:38 [INFO]   → Found 3 PDFs on https://medarbetare.su.se/stod-och-service/blanketter/blanketter-a-o?letter=C
13:28:56 [INFO]   → Found 6 PDFs on https://medarbetare.su.se/stod-och-service/blanketter/blanketter-a-o?letter=D
13:29:31 [INFO]   → Found 3 PDFs on https://medarbetare.su.se/stod-och-service/blanketter/blanketter-a-o?letter=F
13:29:49 [INFO]   → Found 1 PDFs on https://medarbetare.su.se/stod-och-service/blanketter/blanketter-a-o?letter=G
13:29:58 [INFO]   → Found 3 PDFs on https://medarbetare.su.se/stod-och-service/blanketter/blanketter-a-o?letter=H
13:30:02 [INFO]     [OK] b9f12b4b… |   196 KB | year=2026 (post-2026) | fields=17
13:30:06 [INFO]     [OK] 95d71910… |   151 KB | year=2026 (post-2026) | fields=17
13:30:10 [INFO]     [OK] a265c1fc… |   193 KB | year=2026 (post-2026) | fields=17
13:30:15 [INFO]   → Found 1 PDFs on https://medarbetare.su.se/stod-och-service/blanketter/blanketter-a-o?letter=I
13:30:35 [INFO]   → Found 1 PDFs on https://medarbetare.su.se/stod-och-service/blanketter/blanketter-a-o?letter=L
13:30:44 [INFO]   → Found 10 PDFs on https://medarbetare.su.se/stod-och-service/blanketter/blanketter-a-o?letter=M
13:31:28 [INFO]     [OK] f7558e7f… |   319 KB | year=2026 (post-2026) | fields=20
13:31:32 [INFO]   → Found 2 PDFs on https://medarbetare.su.se/stod-och-service/blanketter/blanketter-a-o?letter=N
13:31:46 [INFO]   → Found 1 PDFs on https://medarbetare.su.se/stod-och-service/blanketter/blanketter-a-o?letter=O
13:32:04 [INFO]   → Found 4 PDFs on https://medarbetare.su.se/stod-och-service/blanketter/blanketter-a-o?letter=R
13:32:17 [INFO]   → Found 3 PDFs on https://medarbetare.su.se/stod-och-service/blanketter/blanketter-a-o?letter=S
13:32:33 [INFO]   → Found 7 PDFs on https://medarbetare.su.se/stod-och-service/blanketter/blanketter-a-o?letter=T
13:32:37 [INFO]     [OK] d9773a1e… |   135 KB | year=2026 (post-2026) | fields=17
13:32:41 [INFO]     [OK] 91ab410a… |   174 KB | year=2026 (post-2026) | fields=17
13:33:01 [INFO]     [OK] f70bcac6… |   140 KB | year=2026 (post-2026) | fields=17
13:33:05 [INFO]   → Found 2 PDFs on https://medarbetare.su.se/stod-och-service/blanketter/blanketter-a-o?letter=U
13:34:11 [INFO]   → Found 108 PDFs on https://medarbetare.su.se/vart-su/styrning/beslut-och-protokoll
13:34:16 [INFO]     [OK] 2ca4f78e… |  1777 KB | year=2026 (post-2026) | fields=26
13:34:20 [INFO]     [OK] daab5e33… |  1599 KB | year=2026 (post-2026) | fields=19
13:34:37 [INFO]     [OK] 1eea4bdd… | 11961 KB | year=2023 (2020-2023) | fields=17
13:34:41 [INFO]     [OK] 53608a03… |  1445 KB | year=2023 (2020-2023) | fields=17
13:34:47 [INFO]     [OK] edd61d1f… |  1368 KB | year=2023 (2020-2023) | fields=18
13:34:50 [INFO]     [OK] 783701dd… |   908 KB | year=2023 (2020-2023) | fields=18
13:34:55 [INFO]     [OK] 337c07d8… |  1392 KB | year=2023 (2020-2023) | fields=18
13:35:01 [INFO]     [OK] 41270227… | 11445 KB | year=2023 (2020-2023) | fields=18
13:35:07 [INFO]     [OK] 42460b04… |  4613 KB | year=2026 (post-2026) | fields=18
13:40:12 [INFO]     [OK] 04319f5d… |   192 KB | year=2026 (post-2026) | fields=17
13:40:12 [INFO]   [CAP] Reached 10-file limit for this page. Moving to other pages.
13:40:54 [INFO]   → Found 1 PDFs on https://www.su.se/utbildning/studera-vid-universitetet/studera-med-funktionsnedsattning/utbildningstolkning
13:41:06 [INFO]   → Found 10 PDFs on https://www.su.se/om-universitetet/jobba-pa-su/hr-strategier-for-forskare
13:41:17 [INFO]     [OK] 344f41b6… |   141 KB | year=2026 (post-2026) | fields=21
13:41:21 [INFO]     [OK] ac9909f8… |   582 KB | year=2026 (post-2026) | fields=26
13:41:26 [INFO]     [OK] ee64a17d… |   413 KB | year=2026 (post-2026) | fields=27
13:41:30 [INFO]     [OK] b1393d3b… |   504 KB | year=2026 (post-2026) | fields=16
13:41:34 [INFO]     [OK] 7e5da1a9… |   209 KB | year=2026 (post-2026) | fields=16
13:41:39 [INFO]     [OK] 8bf2aeea… |   334 KB | year=2026 (post-2026) | fields=16
13:41:43 [INFO]     [OK] 7d7c7172… |   202 KB | year=2026 (post-2026) | fields=16
13:41:48 [INFO]     [OK] 9b899920… |   328 KB | year=2026 (post-2026) | fields=16
13:43:45 [INFO]   → Found 2 PDFs on https://www.su.se/enheter/foretagsekonomiska-institutionen/om-institutionen/om-oss
13:44:59 [INFO]   → Found 1 PDFs on https://www.su.se/enheter/juridiska-institutionen/om-institutionen/om-oss
13:45:04 [INFO]     [OK] b0301112… |   498 KB | year=2023 (2020-2023) | fields=31
13:48:22 [INFO]   → Found 2 PDFs on http://su.se/enheter/psykologiska-institutionen/om-institutionen/om-oss/stockholms-universitets-psykologiska-klinik
13:48:51 [INFO]   → Found 1 PDFs on http://su.se/utbildning/studera-vid-universitetet/studera-med-funktionsnedsattning/utbildningstolkning
13:49:04 [INFO]   → Found 10 PDFs on http://su.se/om-universitetet/jobba-pa-su/hr-strategier-for-forskare
13:49:14 [INFO]     [OK] 344f41b6… |   141 KB | year=2026 (post-2026) | fields=21
13:49:19 [INFO]     [OK] ac9909f8… |   582 KB | year=2026 (post-2026) | fields=26
13:49:24 [INFO]     [OK] ee64a17d… |   413 KB | year=2026 (post-2026) | fields=27
13:49:29 [INFO]     [OK] b1393d3b… |   504 KB | year=2026 (post-2026) | fields=16
13:49:32 [INFO]     [OK] 7e5da1a9… |   209 KB | year=2026 (post-2026) | fields=16
13:49:35 [INFO]     [OK] 8bf2aeea… |   334 KB | year=2026 (post-2026) | fields=16
13:49:39 [INFO]     [OK] 7d7c7172… |   202 KB | year=2026 (post-2026) | fields=16
13:49:42 [INFO]     [OK] 9b899920… |   328 KB | year=2026 (post-2026) | fields=16
13:52:55 [INFO]   → Found 1 PDFs on https://www.su.se/utbildning/examen/examensregler
13:53:09 [INFO]   → Found 612 PDFs on https://www.su.se/utbildning/examen/examensregler/lokala-examensbeskrivningar-vid-stockholms-universitet
13:54:52 [INFO]     [OK] c2390d89… |   162 KB | year=2026 (post-2026) | fields=62
13:56:28 [INFO]     [OK] 488d2079… |   152 KB | year=2026 (post-2026) | fields=21
13:57:16 [INFO]     [OK] 92830ca3… |   174 KB | year=2026 (post-2026) | fields=21
13:59:01 [INFO]     [OK] b9292bfb… |   160 KB | year=2026 (post-2026) | fields=21
14:04:38 [INFO]     [OK] 5a6db8d4… |    66 KB | year=2020 (2020-2023) | fields=43
14:04:55 [INFO]     [OK] 83ee1209… |   187 KB | year=2026 (post-2026) | fields=21
14:06:25 [INFO]     [OK] 7498ff7c… |    39 KB | year=2026 (post-2026) | fields=43
14:06:41 [INFO]     [OK] e925bd9d… |    40 KB | year=2026 (post-2026) | fields=43
14:07:13 [INFO]     [OK] 5147710a… |   203 KB | year=2026 (post-2026) | fields=62
14:07:18 [INFO]     [OK] bdecb17d… |    52 KB | year=2026 (post-2026) | fields=19
14:07:18 [INFO]   [CAP] Reached 10-file limit for this page. Moving to other pages.
14:09:15 [INFO]   → Found 1 PDFs on https://www.su.se/enheter/institutionen-for-socialt-arbete/om-institutionen/om-oss
14:09:19 [INFO]     [OK] 10d551d0… |  1937 KB | year=2023 (2020-2023) | fields=7
14:09:56 [INFO]   → Found 2 PDFs on https://medarbetare.su.se/forskning/forska/publicering
14:10:00 [INFO]     [OK] 3eb40f1a… |    65 KB | year=2023 (2020-2023) | fields=16
14:10:09 [INFO]   → Found 6 PDFs on https://medarbetare.su.se/stod-och-service/verktyg-och-system/forskning/diva/registrera-dina-publikationer-i-diva
14:13:39 [WARNING]   [HTTP error] https://www.su.se/historiska-institutionen/om-institutionen/om-oss/historiska-boktips-1.698894: 404 Client Error:  for url: https://www.su.se/historiska-institutionen/om-institutionen/om-oss/historiska-boktips-1.698894
14:15:40 [INFO]   → Found 2 PDFs on https://www.su.se/enheter/foretagsekonomiska-institutionen/om-institutionen/om-oss/sbs-i-media
14:15:50 [INFO]   [CAP] Reached 500 page limit for authority. Moving on.
14:15:50 [INFO] 
[Stockholm universitet] Done. Pre-NIS2: 14/50  NIS2-prep: 50/50
14:15:50 [INFO] 
============================================================
Authority : Lunds universitet
Tier      : 3
Quota left: 2020-2023=50  2024-2025=50
============================================================
14:16:17 [INFO]   → Found 1 PDFs on https://www.lu.se/student/stipendier-dig-som-ar-student
14:16:20 [INFO]     [OK] 2c8a96ad… |   363 KB | year=2025 (2024-2025) | fields=31
14:16:28 [WARNING]   [HTTP error] https://www.lu.se/studera/livet-som-student/studentliv/sport-motion-och-idrottarkiv: 403 Client Error: Forbidden for url: https://www.lu.se/studera/livet-som-student/studentliv/sport-motion-och-idrottarkiv
14:16:43 [INFO]   → Found 6 PDFs on http://medarbetarwebben.lu.se/organisation-och-styrning/regler-och-beslut/regelverket/regler-student
14:16:47 [INFO]     [OK] 4f8b20c4… |    73 KB | year=2024 (2024-2025) | fields=19
14:16:52 [INFO]     [OK] bbe3f95a… |   271 KB | year=2021 (2020-2023) | fields=23
14:16:56 [INFO]     [OK] 217b73e0… |    24 KB | year=2020 (2020-2023) | fields=17
14:17:01 [INFO]     [OK] 05324a6a… |   401 KB | year=2025 (2024-2025) | fields=19
14:17:05 [INFO]     [OK] 2eb4bfc9… |   330 KB | year=2020 (2020-2023) | fields=55
14:17:09 [INFO]     [OK] 8c87219c… |    29 KB | year=2020 (2020-2023) | fields=17
14:17:13 [INFO]   → Found 8 PDFs on http://medarbetarwebben.lu.se/organisation-och-styrning/regler-och-beslut/regelverket/regler-juridik-och-dokumenthantering
14:17:17 [INFO]     [OK] 5cd04d64… |   444 KB | year=2020 (2020-2023) | fields=43
14:17:22 [INFO]     [OK] 38974c31… |   166 KB | year=2021 (2020-2023) | fields=16
14:17:26 [INFO]     [OK] b8c83b8f… |    76 KB | year=2020 (2020-2023) | fields=43
14:17:30 [INFO]     [OK] 160ddce7… |    48 KB | year=2020 (2020-2023) | fields=42
14:17:35 [INFO]     [OK] 6a6b9c14… |   161 KB | year=2020 (2020-2023) | fields=19
14:17:39 [INFO]     [OK] b0acc55a… |    47 KB | year=2020 (2020-2023) | fields=43
14:17:44 [INFO]     [OK] d55db3ea… |    31 KB | year=2020 (2020-2023) | fields=43
14:17:48 [INFO]     [OK] e09e546a… |    50 KB | year=2020 (2020-2023) | fields=21
14:17:53 [INFO]   → Found 37 PDFs on http://medarbetarwebben.lu.se/organisation-och-styrning/regler-och-beslut/regelverket/regler-utbildning-grund-avancerad-och-forskarniva
14:17:57 [INFO]     [OK] a7811db1… |   263 KB | year=2026 (post-2026) | fields=20
14:18:02 [INFO]     [OK] f7f56e30… |   499 KB | year=2025 (2024-2025) | fields=18
14:18:06 [INFO]     [OK] 0ac02c40… |    96 KB | year=2025 (2024-2025) | fields=19
14:18:12 [INFO]     [OK] 616ecb03… |   218 KB | year=2024 (2024-2025) | fields=18
14:18:17 [INFO]     [OK] 72eb1055… |   157 KB | year=2023 (2020-2023) | fields=16
14:18:22 [INFO]     [OK] 96c4a4ec… |   306 KB | year=2023 (2020-2023) | fields=19
14:18:27 [INFO]     [OK] afac7855… |    63 KB | year=2021 (2020-2023) | fields=18
14:18:32 [INFO]     [OK] 674ad36e… |    39 KB | year=2020 (2020-2023) | fields=43
14:18:37 [INFO]     [OK] 5117b6bf… |   320 KB | year=2020 (2020-2023) | fields=19
14:18:41 [INFO]     [OK] 763a6118… |    36 KB | year=2020 (2020-2023) | fields=42
14:18:41 [INFO]   [CAP] Reached 10-file limit for this page. Moving to other pages.
14:18:49 [INFO]   → Found 1 PDFs on http://medarbetarwebben.lu.se/organisation-och-styrning/regler-och-beslut/regelverket
14:18:53 [INFO]     [OK] 3d573d2f… |   167 KB | year=2024 (2024-2025) | fields=18
14:18:58 [INFO]   → Found 30 PDFs on http://medarbetarwebben.lu.se/organisation-och-styrning/regler-och-beslut/regelverket/regler-arbetsmiljo-miljo-och-sakerhet
14:19:03 [INFO]     [OK] f7bdf2d2… |    38 KB | year=2020 (2020-2023) | fields=16
14:19:07 [INFO]     [OK] efc64967… |   247 KB | year=2026 (post-2026) | fields=18
14:19:12 [INFO]     [OK] 4b9606e5… |   201 KB | year=2021 (2020-2023) | fields=23
14:19:17 [INFO]     [OK] 8eb09baa… |   308 KB | year=2022 (2020-2023) | fields=44
14:19:21 [INFO]     [OK] 4e8c6025… |    47 KB | year=2020 (2020-2023) | fields=21
14:19:24 [INFO]     [OK] f70f4ea6… |  1581 KB | year=2024 (2024-2025) | fields=49
14:19:28 [INFO]     [OK] 57b43e20… |   209 KB | year=2020 (2020-2023) | fields=19
14:19:33 [INFO]     [OK] 25843223… |   476 KB | year=2025 (2024-2025) | fields=17
14:19:41 [INFO]     [OK] 2a514fca… |   324 KB | year=2025 (2024-2025) | fields=17
14:19:46 [INFO]     [OK] 9d61ae87… |   316 KB | year=2025 (2024-2025) | fields=17
14:19:46 [INFO]   [CAP] Reached 10-file limit for this page. Moving to other pages.
14:19:50 [INFO]   → Found 8 PDFs on http://medarbetarwebben.lu.se/organisation-och-styrning/regler-och-beslut/regelverket/regler-ekonomi
14:19:54 [INFO]     [OK] eaa57db6… |   284 KB | year=2025 (2024-2025) | fields=17
14:19:59 [INFO]     [OK] ec3f1bc2… |   227 KB | year=2025 (2024-2025) | fields=18
14:20:03 [INFO]     [OK] 34368b1b… |   194 KB | year=2024 (2024-2025) | fields=17
14:20:08 [INFO]     [OK] c0876f1a… |   277 KB | year=2024 (2024-2025) | fields=20
14:20:13 [INFO]     [OK] 74ed2c83… |   281 KB | year=2024 (2024-2025) | fields=20
14:20:18 [INFO]     [OK] 439fdd2b… |   230 KB | year=2025 (2024-2025) | fields=20
14:20:22 [INFO]     [OK] ea82ffcb… |   286 KB | year=2025 (2024-2025) | fields=30
14:20:27 [INFO]     [OK] 93c487cb… |   312 KB | year=2022 (2020-2023) | fields=20
14:20:32 [INFO]   → Found 16 PDFs on http://medarbetarwebben.lu.se/organisation-och-styrning/regler-och-beslut/regelverket/regler-forskning
14:20:37 [INFO]     [OK] 2cc3b4e1… |   679 KB | year=2025 (2024-2025) | fields=18
14:20:42 [INFO]     [OK] 40a8df08… |   345 KB | year=2025 (2024-2025) | fields=24
14:20:47 [INFO]     [OK] 92a908be… |   343 KB | year=2025 (2024-2025) | fields=25
14:20:51 [INFO]     [OK] bfab651d… |   312 KB | year=2025 (2024-2025) | fields=20
14:20:55 [INFO]     [OK] f9394144… |   295 KB | year=2024 (2024-2025) | fields=30
14:20:59 [INFO]     [OK] 5a517a42… |   193 KB | year=2025 (2024-2025) | fields=33
14:21:05 [INFO]     [OK] f55718ff… |   221 KB | year=2023 (2020-2023) | fields=19
14:21:08 [INFO]     [OK] f0e26244… |   235 KB | year=2021 (2020-2023) | fields=50
14:21:12 [INFO]     [OK] 1da85778… |   186 KB | year=2020 (2020-2023) | fields=50
14:21:16 [INFO]     [OK] d5a97fec… |   263 KB | year=2025 (2024-2025) | fields=60
14:21:16 [INFO]   [CAP] Reached 10-file limit for this page. Moving to other pages.
14:21:20 [INFO]   → Found 9 PDFs on http://medarbetarwebben.lu.se/organisation-och-styrning/regler-och-beslut/regelverket/regler-kommunikation-och-it
14:21:24 [INFO]     [OK] f31f20f2… |   388 KB | year=2020 (2020-2023) | fields=23
14:21:28 [INFO]     [OK] 98f6e887… |   386 KB | year=2023 (2020-2023) | fields=26
14:21:33 [INFO]     [OK] 2a3bd432… |    83 KB | year=2020 (2020-2023) | fields=41
14:21:37 [INFO]     [OK] aff8ddcb… |    66 KB | year=2020 (2020-2023) | fields=43
14:21:40 [INFO]     [OK] 32a9ff30… |    76 KB | year=2020 (2020-2023) | fields=42
14:21:46 [INFO]     [OK] 4950d38a… |  1469 KB | year=2021 (2020-2023) | fields=18
14:21:50 [INFO]     [OK] 0a126ac2… |    31 KB | year=2020 (2020-2023) | fields=42
14:21:55 [INFO]     [OK] 90f8cfb3… |   424 KB | year=2020 (2020-2023) | fields=12
14:21:59 [INFO]     [OK] 8de5bd13… |    59 KB | year=2020 (2020-2023) | fields=21
14:22:03 [INFO]   → Found 13 PDFs on http://medarbetarwebben.lu.se/organisation-och-styrning/regler-och-beslut/regelverket/regler-lokaler
14:22:06 [INFO]     [OK] 6770051f… |   231 KB | year=2023 (2020-2023) | fields=25
14:22:11 [INFO]     [OK] 71371fbd… |   120 KB | year=2021 (2020-2023) | fields=21
14:22:17 [INFO]     [OK] 234a0db9… |   212 KB | year=2023 (2020-2023) | fields=25
14:22:21 [INFO]     [OK] cd6c3066… |   185 KB | year=2021 (2020-2023) | fields=16
14:22:25 [INFO]     [OK] a36e8bc2… |   204 KB | year=2021 (2020-2023) | fields=15
14:22:29 [INFO]     [OK] cfbe418d… |   125 KB | year=2020 (2020-2023) | fields=50
14:22:33 [INFO]     [OK] 23f3a550… |    49 KB | year=2020 (2020-2023) | fields=43
14:22:38 [INFO]     [OK] aece9b42… |   198 KB | year=2020 (2020-2023) | fields=23
14:22:43 [INFO]     [OK] 8c477d14… |    30 KB | year=2020 (2020-2023) | fields=42
14:22:46 [INFO]     [OK] e2dc5ee6… |   257 KB | year=2020 (2020-2023) | fields=22
14:22:46 [INFO]   [CAP] Reached 10-file limit for this page. Moving to other pages.
14:22:50 [INFO]   → Found 22 PDFs on http://medarbetarwebben.lu.se/organisation-och-styrning/regler-och-beslut/regelverket/regler-organisation-och-beslutsstruktur
14:22:54 [INFO]     [OK] dc21579e… |   750 KB | year=2026 (post-2026) | fields=18
14:22:58 [INFO]     [OK] c8ef754f… |   730 KB | year=2025 (2024-2025) | fields=17
14:23:03 [INFO]     [OK] c577dc6c… |   394 KB | year=2026 (post-2026) | fields=19
14:23:07 [INFO]     [OK] 9f79df69… |   368 KB | year=2025 (2024-2025) | fields=17
14:23:11 [INFO]     [OK] 09a0aaf8… |   375 KB | year=2025 (2024-2025) | fields=18
14:23:16 [INFO]     [OK] 4dc4b086… |   171 KB | year=2024 (2024-2025) | fields=18
14:23:21 [INFO]     [OK] bed71ecf… |    70 KB | year=2023 (2020-2023) | fields=16
14:23:25 [INFO]     [OK] 94a3f708… |    28 KB | year=2020 (2020-2023) | fields=23
14:23:29 [INFO]     [OK] 5900d6f8… |   184 KB | year=2020 (2020-2023) | fields=19
14:23:33 [INFO]     [OK] 4965ba4e… |   112 KB | year=2020 (2020-2023) | fields=21
14:23:33 [INFO]   [CAP] Reached 10-file limit for this page. Moving to other pages.
14:23:37 [INFO]   → Found 31 PDFs on http://medarbetarwebben.lu.se/organisation-och-styrning/regler-och-beslut/regelverket/regler-personal
14:23:42 [INFO]     [OK] 34aed246… |   287 KB | year=2026 (post-2026) | fields=60
14:23:46 [INFO]     [OK] bfd0c887… |   280 KB | year=2026 (post-2026) | fields=60
14:23:51 [INFO]     [OK] 06a97431… |   424 KB | year=2026 (post-2026) | fields=19
14:23:56 [INFO]     [OK] ae4e0ab0… |   237 KB | year=2025 (2024-2025) | fields=18
14:24:01 [INFO]     [OK] 3c088178… |   205 KB | year=2025 (2024-2025) | fields=17
14:24:05 [INFO]     [OK] 90318d38… |    60 KB | year=2025 (2024-2025) | fields=21
14:24:09 [INFO]     [OK] b6a69fec… |   213 KB | year=2025 (2024-2025) | fields=19
14:24:13 [INFO]     [OK] bbaee1aa… |   178 KB | year=2024 (2024-2025) | fields=22
14:24:17 [INFO]     [OK] 03cce484… |   127 KB | year=2025 (2024-2025) | fields=16
14:24:21 [INFO]     [OK] a2bd7749… |   165 KB | year=2024 (2024-2025) | fields=24
14:24:21 [INFO]   [CAP] Reached 10-file limit for this page. Moving to other pages.
14:24:25 [INFO]   → Found 15 PDFs on http://medarbetarwebben.lu.se/organisation-och-styrning/regler-och-beslut/rektorsbeslut
14:24:29 [INFO]     [OK] 9870dc3a… |   223 KB | year=2026 (post-2026) | fields=21
14:24:33 [INFO]     [OK] b78676dd… |   231 KB | year=2026 (post-2026) | fields=21
14:24:37 [INFO]     [OK] 786cd34e… |   224 KB | year=2026 (post-2026) | fields=21
14:24:40 [INFO]     [OK] 63f8b588… |   217 KB | year=2026 (post-2026) | fields=21
14:24:44 [INFO]     [OK] f214d513… |   226 KB | year=2026 (post-2026) | fields=21
14:24:48 [INFO]     [OK] 33f8c6d0… |   234 KB | year=2026 (post-2026) | fields=21
14:24:51 [INFO]     [OK] 6aefeb7b… |   231 KB | year=2026 (post-2026) | fields=21
14:24:55 [INFO]     [OK] e2d1536c… |   221 KB | year=2026 (post-2026) | fields=21
14:25:00 [INFO]     [OK] 72880912… |   240 KB | year=2026 (post-2026) | fields=21
14:25:03 [INFO]     [OK] 21716562… |   240 KB | year=2026 (post-2026) | fields=21
14:25:03 [INFO]   [CAP] Reached 10-file limit for this page. Moving to other pages.
14:25:09 [INFO]   → Found 2 PDFs on http://www.medarbetarwebben.lu.se/stod-och-verktyg/juridik-dokument-och-arendehantering/arendehantering/handlaggning-av-rektorsbeslut
14:25:14 [INFO]     [OK] 2b31a861… |   180 KB | year=2025 (2024-2025) | fields=22
14:25:19 [INFO]   → Found 5 PDFs on http://medarbetarwebben.lu.se/administrativa-system/personalblanketter-och-mallar
14:25:27 [INFO]     [OK] cd638b25… |   209 KB | year=2024 (2024-2025) | fields=26
14:25:47 [INFO]   → Found 4 PDFs on http://medarbetarwebben.lu.se/dokument-och-arendehantering/dokumenthantering/arkivering/arkivering-av-forskningshandlingar
14:25:52 [INFO]     [OK] 12a4d35c… |   335 KB | year=2025 (2024-2025) | fields=69
14:26:13 [INFO]   → Found 1 PDFs on http://medarbetarwebben.lu.se/dokument-och-arendehantering/dokumenthantering/arkivering/elektronisk-arkivering
14:26:17 [INFO]     [OK] 8798c37f… |   229 KB | year=2024 (2024-2025) | fields=26
14:26:42 [INFO]   → Found 2 PDFs on http://medarbetarwebben.lu.se/stod-och-verktyg/dokument-och-arendehantering/arendehantering/handlaggning-av-rektorsbeslut
14:26:45 [INFO]     [OK] 2b31a861… |   180 KB | year=2025 (2024-2025) | fields=22
14:26:54 [INFO]   → Found 10 PDFs on http://medarbetarwebben.lu.se/stod-och-verktyg/personuppgifter-och-dataskydd/overgripande-information/lagar-och-regler
14:27:37 [INFO]   → Found 1 PDFs on https://www.medarbetarwebben.lu.se/stod-och-verktyg/dokument-och-arendehantering/e-underskrifter
14:27:41 [WARNING]     [HTTP error] https://www.medarbetarwebben.lu.se/sites/medarbetarwebben.lu.se/files/2025-06/riktlinjer-om-fordelning-av-beslutsbefogenheter-och-ratt-att-teckna-avtal-vid-LU.pdf: 404 Client Error: Not Found for url: https://www.medarbetarwebben.lu.se/sites/medarbetarwebben.lu.se/files/2025-06/riktlinjer-om-fordelning-av-beslutsbefogenheter-och-ratt-att-teckna-avtal-vid-LU.pdf
14:27:50 [INFO]   → Found 59 PDFs on http://hr-webben.lu.se/hr-blanketter-mallar-och-manualer
14:27:54 [INFO]     [OK] e07ba9c1… |   223 KB | year=2025 (2024-2025) | fields=18
14:27:59 [INFO]     [OK] 7a275dbe… |   183 KB | year=2026 (post-2026) | fields=37
14:28:04 [INFO]     [OK] e177fe3d… |   137 KB | year=2026 (post-2026) | fields=24
14:28:09 [INFO]     [OK] 6fedfd69… |   150 KB | year=2026 (post-2026) | fields=24
14:28:14 [INFO]     [OK] da006626… |   186 KB | year=2026 (post-2026) | fields=10
14:28:19 [INFO]     [OK] e4dcee6a… |   166 KB | year=2025 (2024-2025) | fields=22
14:28:23 [INFO]     [OK] c6b8d9a8… |   287 KB | year=2026 (post-2026) | fields=30
14:28:28 [INFO]     [OK] 3a65a63e… |   251 KB | year=2025 (2024-2025) | fields=24
14:28:34 [INFO]     [OK] cb26281c… |   242 KB | year=2026 (post-2026) | fields=24
14:28:39 [INFO]     [OK] 14e3984d… |   253 KB | year=2025 (2024-2025) | fields=18
14:28:39 [INFO]   [CAP] Reached 10-file limit for this page. Moving to other pages.
14:28:58 [INFO]   → Found 1 PDFs on http://medarbetarwebben.lu.se/stod-och-verktyg/kommunikation-och-grafisk-profil/webbpublicering-och-webbtillganglighet/webbtillganglighet/skapa-tillgangligt-innehall/sa-skapar-du-tillgangliga-dokument/kontrollera-tillgangligheten-i-word-spara-som-pdf-och-gor-en-kontroll-i-acrobat
14:29:02 [INFO]     [OK] 164e983d… |   173 KB | year=2025 (2024-2025) | fields=73
14:29:13 [INFO]   → Found 3 PDFs on http://medarbetarwebben.lu.se/stod-och-verktyg/inkop-faktura-ekonomi/ekonomifragor/arsredovisningar-och-delarsrapporter
14:29:18 [INFO]     [OK] f0e05de1… | 10573 KB | year=2026 (post-2026) | fields=43
14:29:29 [INFO]     [OK] 3aca4bad… |  8519 KB | year=2025 (2024-2025) | fields=46
14:29:36 [INFO]     [OK] f0e05de1… | 10573 KB | year=2026 (post-2026) | fields=43
14:29:40 [INFO]   → Found 1 PDFs on http://medarbetarwebben.lu.se/stod-och-verktyg/dokument-och-arendehantering/dokumenthantering
14:29:44 [INFO]     [OK] 728632f9… |   206 KB | year=2026 (post-2026) | fields=20
14:30:07 [INFO]   → Found 2 PDFs on http://medarbetarwebben.lu.se/stod-och-verktyg/dokument-och-arendehantering/arendehantering
14:30:12 [INFO]     [OK] bf93a340… |   291 KB | year=2024 (2024-2025) | fields=16
14:30:16 [INFO]     [OK] 08e4c3ee… |   203 KB | year=2025 (2024-2025) | fields=21
14:30:59 [INFO]   → Found 8 PDFs on https://www.medarbetarwebben.lu.se/organisation-och-styrning/regler-och-beslut/regelverket/regler-juridik-och-dokumenthantering
14:31:32 [INFO]   → Found 1 PDFs on https://www.medarbetarwebben.lu.se/organisation-och-styrning/regler-och-beslut/regelverket
14:31:35 [INFO]     [OK] 3d573d2f… |   167 KB | year=2024 (2024-2025) | fields=18
14:31:35 [INFO]   Both quotas filled — moving to next authority
14:31:35 [INFO] 
[Lunds universitet] Done. Pre-NIS2: 50/50  NIS2-prep: 50/50
14:31:35 [INFO] 
✅ Collection complete.
14:31:35 [INFO]    Collection log : /Users/kajsalinderoth/Desktop/PDF Project/PDFMETA/03_Data/collection_log.csv
14:31:35 [INFO]    Metadata fields: /Users/kajsalinderoth/Desktop/PDF Project/PDFMETA/03_Data/metadata_fields.csv
14:31:35 [INFO]    Error log      : /Users/kajsalinderoth/Desktop/PDF Project/PDFMETA/03_Data/crawl_errors.log
13:24:32 [INFO] ============================================================
13:24:32 [INFO] FOI Targeted Scraper
13:24:32 [INFO] Target: 5 PDFs | Years: 2020–2025
13:24:32 [INFO] Quota per period: 50 | Dry-run: True
13:24:32 [INFO] ============================================================
13:24:32 [INFO] Resume: 2700 URLs already collected
13:24:32 [INFO] Period counts for FOI: {'2020-2023': 3, '2024-2025': 0, 'post-2026': 0}

13:24:32 [INFO] [Step 1] Scraping up to 15 report IDs from FOI search…
13:24:34 [INFO]   [Playwright] Loading page 0: https://www.foi.se/rapporter.html?yearFrom=2020&yearTo=2025&sort=PublishDate&direction=Desc&page=0
13:24:37 [INFO]   [Playwright] Accepted cookie banner
13:26:37 [WARNING]   [Playwright] Could not find report cards on page 0
13:26:39 [INFO]   [Playwright] Loading page 1: https://www.foi.se/rapporter.html?yearFrom=2020&yearTo=2025&sort=PublishDate&direction=Desc&page=1
13:28:41 [WARNING]   [Playwright] Could not find report cards on page 1
13:28:43 [INFO]   [Playwright] Loading page 2: https://www.foi.se/rapporter.html?yearFrom=2020&yearTo=2025&sort=PublishDate&direction=Desc&page=2
13:31:17 [INFO] ============================================================
13:31:17 [INFO] FOI Targeted Scraper
13:31:17 [INFO] Target: 5 PDFs | Years: 2020–2025
13:31:17 [INFO] Quota per period: 50 | Dry-run: True
13:31:17 [INFO] ============================================================
13:31:17 [INFO] Resume: 2700 URLs already collected
13:31:17 [INFO] Period counts for FOI: {'2020-2023': 3, '2024-2025': 0, 'post-2026': 0}

13:31:17 [INFO] [Step 1] Scraping up to 15 report IDs from FOI search…
13:31:17 [INFO]   [Playwright] Loading page 0: https://www.foi.se/rapporter.html?yearFrom=2020&yearTo=2025&sort=PublishDate&direction=Desc&page=0
13:31:20 [INFO]   [Playwright] Accepted cookie banner
13:31:24 [INFO]   [Playwright] Page 0: +10 IDs (total: 10)
13:31:27 [INFO]   [Playwright] Loading page 1: https://www.foi.se/rapporter.html?yearFrom=2020&yearTo=2025&sort=PublishDate&direction=Desc&page=1
13:31:31 [INFO]   [Playwright] Page 1: +5 IDs (total: 15)
13:31:33 [INFO]   [Playwright] Collected 15 report IDs across 2 pages
13:31:33 [INFO] [Step 1] Done. Found 15 report IDs.

13:31:33 [INFO] [Step 2] Downloading PDFs…
13:31:33 [INFO]   [1/15] FOI-R--5851--SE
13:31:33 [INFO]   [DRY-RUN] Would download: https://www.foi.se/rest-api/report/FOI-R--5851--SE
13:31:33 [INFO]   [2/15] FOI-R--5855--SE
13:31:33 [INFO]   [DRY-RUN] Would download: https://www.foi.se/rest-api/report/FOI-R--5855--SE
13:31:33 [INFO]   [3/15] FOI-R--5860--SE
13:31:33 [INFO]   [DRY-RUN] Would download: https://www.foi.se/rest-api/report/FOI-R--5860--SE
13:31:33 [INFO]   [4/15] FOI-R--5717--SE
13:31:33 [INFO]   [DRY-RUN] Would download: https://www.foi.se/rest-api/report/FOI-R--5717--SE
13:31:33 [INFO]   [5/15] FOI-R--5856--SE
13:31:33 [INFO]   [DRY-RUN] Would download: https://www.foi.se/rest-api/report/FOI-R--5856--SE
13:31:33 [INFO]   [6/15] FOI-R--5889--SE
13:31:33 [INFO]   [DRY-RUN] Would download: https://www.foi.se/rest-api/report/FOI-R--5889--SE
13:31:33 [INFO]   [7/15] FOI Memo 9158
13:31:33 [INFO]   [DRY-RUN] Would download: https://www.foi.se/rest-api/report/FOI Memo 9158
13:31:33 [INFO]   [8/15] FOI-R--5838--SE
13:31:33 [INFO]   [DRY-RUN] Would download: https://www.foi.se/rest-api/report/FOI-R--5838--SE
13:31:33 [INFO]   [9/15] FOI Memo 9145
13:31:33 [INFO]   [DRY-RUN] Would download: https://www.foi.se/rest-api/report/FOI Memo 9145
13:31:33 [INFO]   [10/15] FOI-R--5843--SE
13:31:33 [INFO]   [DRY-RUN] Would download: https://www.foi.se/rest-api/report/FOI-R--5843--SE
13:31:33 [INFO]   [11/15] FOI Memo 9114
13:31:33 [INFO]   [DRY-RUN] Would download: https://www.foi.se/rest-api/report/FOI Memo 9114
13:31:33 [INFO]   [12/15] FOI-R--5828--SE
13:31:33 [INFO]   [DRY-RUN] Would download: https://www.foi.se/rest-api/report/FOI-R--5828--SE
13:31:33 [INFO]   [13/15] FOI-R--5800--SE
13:31:33 [INFO]   [DRY-RUN] Would download: https://www.foi.se/rest-api/report/FOI-R--5800--SE
13:31:33 [INFO]   [14/15] FOI Memo 9142
13:31:33 [INFO]   [DRY-RUN] Would download: https://www.foi.se/rest-api/report/FOI Memo 9142
13:31:33 [INFO]   [15/15] FOI Memo 8980
13:31:33 [INFO]   [DRY-RUN] Would download: https://www.foi.se/rest-api/report/FOI Memo 8980
13:31:33 [INFO] 
============================================================
13:31:33 [INFO] FOI Scraper — Complete
13:31:33 [INFO]   Downloaded : 0
13:31:33 [INFO]   Skipped    : 15
13:31:33 [INFO]   Period counts: {'2020-2023': 3, '2024-2025': 0, 'post-2026': 0}
13:31:33 [INFO] ============================================================
13:32:35 [INFO] ============================================================
13:32:35 [INFO] FOI Targeted Scraper
13:32:35 [INFO] Target: 100 PDFs | Years: 2020–2025
13:32:35 [INFO] Quota per period: 50 | Dry-run: False
13:32:35 [INFO] ============================================================
13:32:35 [INFO] Resume: 2700 URLs already collected
13:32:35 [INFO] Period counts for FOI: {'2020-2023': 3, '2024-2025': 0, 'post-2026': 0}

13:32:35 [INFO] [Step 1] Scraping up to 300 report IDs from FOI search…
13:32:35 [INFO]   [Playwright] Loading page 0: https://www.foi.se/rapporter.html?yearFrom=2020&yearTo=2025&sort=PublishDate&direction=Desc&page=0
13:32:37 [INFO]   [Playwright] Accepted cookie banner
13:32:42 [INFO]   [Playwright] Page 0: +10 IDs (total: 10)
13:32:44 [INFO]   [Playwright] Loading page 1: https://www.foi.se/rapporter.html?yearFrom=2020&yearTo=2025&sort=PublishDate&direction=Desc&page=1
13:32:48 [INFO]   [Playwright] Page 1: +10 IDs (total: 20)
13:32:51 [INFO]   [Playwright] Loading page 2: https://www.foi.se/rapporter.html?yearFrom=2020&yearTo=2025&sort=PublishDate&direction=Desc&page=2
13:32:55 [INFO]   [Playwright] Page 2: +10 IDs (total: 30)
13:32:58 [INFO]   [Playwright] Loading page 3: https://www.foi.se/rapporter.html?yearFrom=2020&yearTo=2025&sort=PublishDate&direction=Desc&page=3
13:33:02 [INFO]   [Playwright] Page 3: +10 IDs (total: 40)
13:33:04 [INFO]   [Playwright] Loading page 4: https://www.foi.se/rapporter.html?yearFrom=2020&yearTo=2025&sort=PublishDate&direction=Desc&page=4
13:33:09 [INFO]   [Playwright] Page 4: +10 IDs (total: 50)
13:33:11 [INFO]   [Playwright] Loading page 5: https://www.foi.se/rapporter.html?yearFrom=2020&yearTo=2025&sort=PublishDate&direction=Desc&page=5
13:33:16 [INFO]   [Playwright] Page 5: +10 IDs (total: 60)
13:33:17 [INFO]   [Playwright] Loading page 6: https://www.foi.se/rapporter.html?yearFrom=2020&yearTo=2025&sort=PublishDate&direction=Desc&page=6
13:33:22 [INFO]   [Playwright] Page 6: +10 IDs (total: 70)
13:33:25 [INFO]   [Playwright] Loading page 7: https://www.foi.se/rapporter.html?yearFrom=2020&yearTo=2025&sort=PublishDate&direction=Desc&page=7
13:33:29 [INFO]   [Playwright] Page 7: +10 IDs (total: 80)
13:33:31 [INFO]   [Playwright] Loading page 8: https://www.foi.se/rapporter.html?yearFrom=2020&yearTo=2025&sort=PublishDate&direction=Desc&page=8
13:33:35 [INFO]   [Playwright] Page 8: +10 IDs (total: 90)
13:33:37 [INFO]   [Playwright] Loading page 9: https://www.foi.se/rapporter.html?yearFrom=2020&yearTo=2025&sort=PublishDate&direction=Desc&page=9
13:33:42 [INFO]   [Playwright] Page 9: +10 IDs (total: 100)
13:33:44 [INFO]   [Playwright] Loading page 10: https://www.foi.se/rapporter.html?yearFrom=2020&yearTo=2025&sort=PublishDate&direction=Desc&page=10
13:33:48 [INFO]   [Playwright] Page 10: +10 IDs (total: 110)
13:33:50 [INFO]   [Playwright] Loading page 11: https://www.foi.se/rapporter.html?yearFrom=2020&yearTo=2025&sort=PublishDate&direction=Desc&page=11
13:33:55 [INFO]   [Playwright] Page 11: +10 IDs (total: 120)
13:33:56 [INFO]   [Playwright] Loading page 12: https://www.foi.se/rapporter.html?yearFrom=2020&yearTo=2025&sort=PublishDate&direction=Desc&page=12
13:34:01 [INFO]   [Playwright] Page 12: +10 IDs (total: 130)
13:34:03 [INFO]   [Playwright] Loading page 13: https://www.foi.se/rapporter.html?yearFrom=2020&yearTo=2025&sort=PublishDate&direction=Desc&page=13
13:34:08 [INFO]   [Playwright] Page 13: +10 IDs (total: 140)
13:34:10 [INFO]   [Playwright] Loading page 14: https://www.foi.se/rapporter.html?yearFrom=2020&yearTo=2025&sort=PublishDate&direction=Desc&page=14
13:34:14 [INFO]   [Playwright] Page 14: +10 IDs (total: 150)
13:34:17 [INFO]   [Playwright] Loading page 15: https://www.foi.se/rapporter.html?yearFrom=2020&yearTo=2025&sort=PublishDate&direction=Desc&page=15
13:34:21 [INFO]   [Playwright] Page 15: +10 IDs (total: 160)
13:34:24 [INFO]   [Playwright] Loading page 16: https://www.foi.se/rapporter.html?yearFrom=2020&yearTo=2025&sort=PublishDate&direction=Desc&page=16
13:34:28 [INFO]   [Playwright] Page 16: +10 IDs (total: 170)
13:34:30 [INFO]   [Playwright] Loading page 17: https://www.foi.se/rapporter.html?yearFrom=2020&yearTo=2025&sort=PublishDate&direction=Desc&page=17
13:34:35 [INFO]   [Playwright] Page 17: +10 IDs (total: 180)
13:34:37 [INFO]   [Playwright] Loading page 18: https://www.foi.se/rapporter.html?yearFrom=2020&yearTo=2025&sort=PublishDate&direction=Desc&page=18
13:34:41 [INFO]   [Playwright] Page 18: +10 IDs (total: 190)
13:34:43 [INFO]   [Playwright] Loading page 19: https://www.foi.se/rapporter.html?yearFrom=2020&yearTo=2025&sort=PublishDate&direction=Desc&page=19
13:34:47 [INFO]   [Playwright] Page 19: +10 IDs (total: 200)
13:34:49 [INFO]   [Playwright] Loading page 20: https://www.foi.se/rapporter.html?yearFrom=2020&yearTo=2025&sort=PublishDate&direction=Desc&page=20
13:34:53 [INFO]   [Playwright] Page 20: +10 IDs (total: 210)
13:34:56 [INFO]   [Playwright] Loading page 21: https://www.foi.se/rapporter.html?yearFrom=2020&yearTo=2025&sort=PublishDate&direction=Desc&page=21
13:35:00 [INFO]   [Playwright] Page 21: +10 IDs (total: 220)
13:35:02 [INFO]   [Playwright] Loading page 22: https://www.foi.se/rapporter.html?yearFrom=2020&yearTo=2025&sort=PublishDate&direction=Desc&page=22
13:35:06 [INFO]   [Playwright] Page 22: +10 IDs (total: 230)
13:35:08 [INFO]   [Playwright] Loading page 23: https://www.foi.se/rapporter.html?yearFrom=2020&yearTo=2025&sort=PublishDate&direction=Desc&page=23
13:35:12 [INFO]   [Playwright] Page 23: +10 IDs (total: 240)
13:35:14 [INFO]   [Playwright] Loading page 24: https://www.foi.se/rapporter.html?yearFrom=2020&yearTo=2025&sort=PublishDate&direction=Desc&page=24
13:35:18 [INFO]   [Playwright] Page 24: +10 IDs (total: 250)
13:35:20 [INFO]   [Playwright] Loading page 25: https://www.foi.se/rapporter.html?yearFrom=2020&yearTo=2025&sort=PublishDate&direction=Desc&page=25
13:35:24 [INFO]   [Playwright] Page 25: +10 IDs (total: 260)
13:35:27 [INFO]   [Playwright] Loading page 26: https://www.foi.se/rapporter.html?yearFrom=2020&yearTo=2025&sort=PublishDate&direction=Desc&page=26
13:35:31 [INFO]   [Playwright] Page 26: +10 IDs (total: 270)
13:35:34 [INFO]   [Playwright] Loading page 27: https://www.foi.se/rapporter.html?yearFrom=2020&yearTo=2025&sort=PublishDate&direction=Desc&page=27
13:35:38 [INFO]   [Playwright] Page 27: +10 IDs (total: 280)
13:35:40 [INFO]   [Playwright] Loading page 28: https://www.foi.se/rapporter.html?yearFrom=2020&yearTo=2025&sort=PublishDate&direction=Desc&page=28
13:35:44 [INFO]   [Playwright] Page 28: +10 IDs (total: 290)
13:35:46 [INFO]   [Playwright] Loading page 29: https://www.foi.se/rapporter.html?yearFrom=2020&yearTo=2025&sort=PublishDate&direction=Desc&page=29
13:35:51 [INFO]   [Playwright] Page 29: +10 IDs (total: 300)
13:35:53 [INFO]   [Playwright] Collected 300 report IDs across 30 pages
13:35:53 [INFO] [Step 1] Done. Found 300 report IDs.

13:35:53 [INFO] [Step 2] Downloading PDFs…
13:35:53 [INFO]   [1/300] FOI-R--5851--SE
13:35:57 [WARNING]   [HTTP error] https://www.foi.se/rest-api/report/FOI-R--5851--SE: 500 Server Error:  for url: https://www.foi.se/rest-api/report/FOI-R--5851--SE
13:35:57 [INFO]   [2/300] FOI-R--5855--SE
13:36:00 [WARNING]   [HTTP error] https://www.foi.se/rest-api/report/FOI-R--5855--SE: 500 Server Error:  for url: https://www.foi.se/rest-api/report/FOI-R--5855--SE
13:36:00 [INFO]   [3/300] FOI-R--5860--SE
13:36:04 [WARNING]   [HTTP error] https://www.foi.se/rest-api/report/FOI-R--5860--SE: 500 Server Error:  for url: https://www.foi.se/rest-api/report/FOI-R--5860--SE
13:36:04 [INFO]   [4/300] FOI-R--5717--SE
13:36:09 [INFO]   [OK] b9e196b0… |  2677 KB | year=2025 (2024-2025) | fields=24 | FOI-R--5717--SE
13:36:09 [INFO]   [5/300] FOI-R--5856--SE
13:36:11 [WARNING]   [HTTP error] https://www.foi.se/rest-api/report/FOI-R--5856--SE: 500 Server Error:  for url: https://www.foi.se/rest-api/report/FOI-R--5856--SE
13:36:11 [INFO]   [6/300] FOI-R--5889--SE
13:38:35 [INFO] ============================================================
13:38:35 [INFO] FOI Targeted Scraper
13:38:35 [INFO] Target: 100 PDFs | Years: 2020–2025
13:38:35 [INFO] Quota per period: 50 | Dry-run: False
13:38:35 [INFO] ============================================================
13:38:35 [INFO] Resume: 2701 URLs already collected
13:38:35 [INFO] Period counts for FOI: {'2020-2023': 3, '2024-2025': 1, 'post-2026': 0}

13:38:35 [INFO] [Step 1] Scraping up to 300 report IDs from FOI search…
13:38:36 [INFO]   [Playwright] Loading page 0: https://www.foi.se/rapporter.html?yearFrom=2020&yearTo=2025&sort=PublishDate&direction=Desc&page=0
13:38:38 [INFO]   [Playwright] Accepted cookie banner
13:38:42 [INFO]   [Playwright] Page 0: +10 IDs (total: 10)
13:38:44 [INFO]   [Playwright] Loading page 1: https://www.foi.se/rapporter.html?yearFrom=2020&yearTo=2025&sort=PublishDate&direction=Desc&page=1
13:38:49 [INFO]   [Playwright] Page 1: +10 IDs (total: 20)
13:38:51 [INFO]   [Playwright] Loading page 2: https://www.foi.se/rapporter.html?yearFrom=2020&yearTo=2025&sort=PublishDate&direction=Desc&page=2
13:38:56 [INFO]   [Playwright] Page 2: +10 IDs (total: 30)
13:38:58 [INFO]   [Playwright] Loading page 3: https://www.foi.se/rapporter.html?yearFrom=2020&yearTo=2025&sort=PublishDate&direction=Desc&page=3
13:39:02 [INFO]   [Playwright] Page 3: +10 IDs (total: 40)
13:39:05 [INFO]   [Playwright] Loading page 4: https://www.foi.se/rapporter.html?yearFrom=2020&yearTo=2025&sort=PublishDate&direction=Desc&page=4
13:39:09 [INFO]   [Playwright] Page 4: +10 IDs (total: 50)
13:39:12 [INFO]   [Playwright] Loading page 5: https://www.foi.se/rapporter.html?yearFrom=2020&yearTo=2025&sort=PublishDate&direction=Desc&page=5
13:39:16 [INFO]   [Playwright] Page 5: +10 IDs (total: 60)
13:39:18 [INFO]   [Playwright] Loading page 6: https://www.foi.se/rapporter.html?yearFrom=2020&yearTo=2025&sort=PublishDate&direction=Desc&page=6
13:39:22 [INFO]   [Playwright] Page 6: +10 IDs (total: 70)
13:39:24 [INFO]   [Playwright] Loading page 7: https://www.foi.se/rapporter.html?yearFrom=2020&yearTo=2025&sort=PublishDate&direction=Desc&page=7
13:39:29 [INFO]   [Playwright] Page 7: +10 IDs (total: 80)
13:39:32 [INFO]   [Playwright] Loading page 8: https://www.foi.se/rapporter.html?yearFrom=2020&yearTo=2025&sort=PublishDate&direction=Desc&page=8
13:39:36 [INFO]   [Playwright] Page 8: +10 IDs (total: 90)
13:39:38 [INFO]   [Playwright] Loading page 9: https://www.foi.se/rapporter.html?yearFrom=2020&yearTo=2025&sort=PublishDate&direction=Desc&page=9
13:39:42 [INFO]   [Playwright] Page 9: +10 IDs (total: 100)
13:39:44 [INFO]   [Playwright] Loading page 10: https://www.foi.se/rapporter.html?yearFrom=2020&yearTo=2025&sort=PublishDate&direction=Desc&page=10
13:39:49 [INFO]   [Playwright] Page 10: +10 IDs (total: 110)
13:39:51 [INFO]   [Playwright] Loading page 11: https://www.foi.se/rapporter.html?yearFrom=2020&yearTo=2025&sort=PublishDate&direction=Desc&page=11
13:39:56 [INFO]   [Playwright] Page 11: +10 IDs (total: 120)
13:39:59 [INFO]   [Playwright] Loading page 12: https://www.foi.se/rapporter.html?yearFrom=2020&yearTo=2025&sort=PublishDate&direction=Desc&page=12
13:40:03 [INFO]   [Playwright] Page 12: +10 IDs (total: 130)
13:40:05 [INFO]   [Playwright] Loading page 13: https://www.foi.se/rapporter.html?yearFrom=2020&yearTo=2025&sort=PublishDate&direction=Desc&page=13
13:40:10 [INFO]   [Playwright] Page 13: +10 IDs (total: 140)
13:40:11 [INFO]   [Playwright] Loading page 14: https://www.foi.se/rapporter.html?yearFrom=2020&yearTo=2025&sort=PublishDate&direction=Desc&page=14
13:40:16 [INFO]   [Playwright] Page 14: +10 IDs (total: 150)
13:40:18 [INFO]   [Playwright] Loading page 15: https://www.foi.se/rapporter.html?yearFrom=2020&yearTo=2025&sort=PublishDate&direction=Desc&page=15
13:40:22 [INFO]   [Playwright] Page 15: +10 IDs (total: 160)
13:40:25 [INFO]   [Playwright] Loading page 16: https://www.foi.se/rapporter.html?yearFrom=2020&yearTo=2025&sort=PublishDate&direction=Desc&page=16
13:40:29 [INFO]   [Playwright] Page 16: +10 IDs (total: 170)
13:40:30 [INFO]   [Playwright] Loading page 17: https://www.foi.se/rapporter.html?yearFrom=2020&yearTo=2025&sort=PublishDate&direction=Desc&page=17
13:40:35 [INFO]   [Playwright] Page 17: +10 IDs (total: 180)
13:40:37 [INFO]   [Playwright] Loading page 18: https://www.foi.se/rapporter.html?yearFrom=2020&yearTo=2025&sort=PublishDate&direction=Desc&page=18
13:40:41 [INFO]   [Playwright] Page 18: +10 IDs (total: 190)
13:40:43 [INFO]   [Playwright] Loading page 19: https://www.foi.se/rapporter.html?yearFrom=2020&yearTo=2025&sort=PublishDate&direction=Desc&page=19
13:40:47 [INFO]   [Playwright] Page 19: +10 IDs (total: 200)
13:40:49 [INFO]   [Playwright] Loading page 20: https://www.foi.se/rapporter.html?yearFrom=2020&yearTo=2025&sort=PublishDate&direction=Desc&page=20
13:40:53 [INFO]   [Playwright] Page 20: +10 IDs (total: 210)
13:40:56 [INFO]   [Playwright] Loading page 21: https://www.foi.se/rapporter.html?yearFrom=2020&yearTo=2025&sort=PublishDate&direction=Desc&page=21
13:41:00 [INFO]   [Playwright] Page 21: +10 IDs (total: 220)
13:41:02 [INFO]   [Playwright] Loading page 22: https://www.foi.se/rapporter.html?yearFrom=2020&yearTo=2025&sort=PublishDate&direction=Desc&page=22
13:41:06 [INFO]   [Playwright] Page 22: +10 IDs (total: 230)
13:41:09 [INFO]   [Playwright] Loading page 23: https://www.foi.se/rapporter.html?yearFrom=2020&yearTo=2025&sort=PublishDate&direction=Desc&page=23
13:41:39 [ERROR]   [Playwright] Timeout loading page 23 — stopping
13:41:39 [INFO]   [Playwright] Collected 230 report IDs across 23 pages
13:41:39 [INFO] [Step 1] Done. Found 230 report IDs.

13:41:39 [INFO] [Step 2] Downloading PDFs…
13:41:39 [INFO]   [1/230] FOI-R--5851--SE
13:41:43 [WARNING]   [HTTP error] https://www.foi.se/rest-api/report/FOI-R--5851--SE: 500 Server Error:  for url: https://www.foi.se/rest-api/report/FOI-R--5851--SE
13:41:43 [INFO]   [2/230] FOI-R--5855--SE
13:41:47 [WARNING]   [HTTP error] https://www.foi.se/rest-api/report/FOI-R--5855--SE: 500 Server Error:  for url: https://www.foi.se/rest-api/report/FOI-R--5855--SE
13:41:47 [INFO]   [3/230] FOI-R--5860--SE
13:41:50 [WARNING]   [HTTP error] https://www.foi.se/rest-api/report/FOI-R--5860--SE: 500 Server Error:  for url: https://www.foi.se/rest-api/report/FOI-R--5860--SE
13:41:50 [INFO]   [4/230] FOI-R--5717--SE
13:41:50 [INFO]   [5/230] FOI-R--5856--SE
13:41:54 [WARNING]   [HTTP error] https://www.foi.se/rest-api/report/FOI-R--5856--SE: 500 Server Error:  for url: https://www.foi.se/rest-api/report/FOI-R--5856--SE
13:41:54 [INFO]   [6/230] FOI-R--5889--SE
13:41:59 [INFO]   [OK] 56743338… |  2561 KB | year=2025 (2024-2025) | fields=23 | FOI-R--5889--SE
13:41:59 [INFO]   [7/230] FOI Memo 9158
13:42:02 [INFO]   [OK] 4b5589c7… |  1612 KB | year=2025 (2024-2025) | fields=37 | FOI Memo 9158
13:42:02 [INFO]   [8/230] FOI-R--5838--SE
13:42:05 [INFO]   [OK] 9a6bd81f… |   999 KB | year=2025 (2024-2025) | fields=27 | FOI-R--5838--SE
13:42:05 [INFO]   [9/230] FOI Memo 9145
13:42:07 [INFO]   [OK] 57631630… |   444 KB | year=2025 (2024-2025) | fields=18 | FOI Memo 9145
13:42:07 [INFO]   [10/230] FOI-R--5843--SE
13:42:09 [WARNING]   [HTTP error] https://www.foi.se/rest-api/report/FOI-R--5843--SE: 500 Server Error:  for url: https://www.foi.se/rest-api/report/FOI-R--5843--SE
13:42:09 [INFO]   [11/230] FOI Memo 9114
13:42:12 [INFO]   [OK] ac2f5d84… |   189 KB | year=2025 (2024-2025) | fields=24 | FOI Memo 9114
13:42:12 [INFO]   [12/230] FOI-R--5828--SE
13:42:14 [WARNING]   [HTTP error] https://www.foi.se/rest-api/report/FOI-R--5828--SE: 500 Server Error:  for url: https://www.foi.se/rest-api/report/FOI-R--5828--SE
13:42:14 [INFO]   [13/230] FOI-R--5800--SE
13:42:18 [INFO]   [OK] d1fbc33a… |  3341 KB | year=2025 (2024-2025) | fields=27 | FOI-R--5800--SE
13:42:18 [INFO]   [14/230] FOI Memo 9142
13:42:22 [INFO]   [OK] 02320a3c… |   839 KB | year=2025 (2024-2025) | fields=24 | FOI Memo 9142
13:42:22 [INFO]   [15/230] FOI Memo 8980
13:42:24 [INFO]   [OK] ff0bb53d… |   829 KB | year=2025 (2024-2025) | fields=14 | FOI Memo 8980
13:42:24 [INFO]   [16/230] FOI-R--5839--SE
13:42:28 [INFO]   [OK] ee5d3dc2… |  1025 KB | year=2023 (2020-2023) | fields=25 | FOI-R--5839--SE
13:42:28 [INFO]   [17/230] FOI-R--5864--SE
13:42:31 [INFO]   [OK] 7dac964e… |   731 KB | year=2025 (2024-2025) | fields=24 | FOI-R--5864--SE
13:42:31 [INFO]   [18/230] FOI Memo 9125
13:42:34 [INFO]   [OK] b59e5479… |   747 KB | year=2025 (2024-2025) | fields=10 | FOI Memo 9125
13:42:34 [INFO]   [19/230] FOI-R--5826--SE
13:42:38 [INFO]   [OK] 0542d8d4… |  4016 KB | year=2025 (2024-2025) | fields=24 | FOI-R--5826--SE
13:42:38 [INFO]   [20/230] FOI Memo 9126
13:42:42 [INFO]   [OK] eb913959… |   525 KB | year=2025 (2024-2025) | fields=37 | FOI Memo 9126
13:42:42 [INFO]   [21/230] FOI-R--5735--SE
13:42:45 [WARNING]   [HTTP error] https://www.foi.se/rest-api/report/FOI-R--5735--SE: 500 Server Error:  for url: https://www.foi.se/rest-api/report/FOI-R--5735--SE
13:42:45 [INFO]   [22/230] FOI Memo 9132
13:42:47 [INFO]   [OK] f13198a5… |   397 KB | year=2025 (2024-2025) | fields=18 | FOI Memo 9132
13:42:47 [INFO]   [23/230] FOI-R--5773--SE
13:42:50 [WARNING]   [HTTP error] https://www.foi.se/rest-api/report/FOI-R--5773--SE: 500 Server Error:  for url: https://www.foi.se/rest-api/report/FOI-R--5773--SE
13:42:50 [INFO]   [24/230] FOI Memo 9133
13:42:54 [INFO]   [OK] bada1643… |   211 KB | year=2025 (2024-2025) | fields=18 | FOI Memo 9133
13:42:54 [INFO]   [25/230] FOI Memo 9120
13:42:56 [INFO]   [OK] aeeef1cb… |   278 KB | year=2025 (2024-2025) | fields=20 | FOI Memo 9120
13:42:56 [INFO]   [26/230] FOI-R--5767--SE
13:42:59 [INFO]   [OK] e2a3864d… |   837 KB | year=2025 (2024-2025) | fields=28 | FOI-R--5767--SE
13:42:59 [INFO]   [27/230] FOI Memo 9117
13:43:02 [INFO]   [OK] 2d910657… |   658 KB | year=2025 (2024-2025) | fields=18 | FOI Memo 9117
13:43:02 [INFO]   [28/230] FOI Memo 9119
13:43:05 [INFO]   [OK] 9d769e71… |  1119 KB | year=2025 (2024-2025) | fields=18 | FOI Memo 9119
13:43:05 [INFO]   [29/230] FOI-R--5824--SE
13:43:08 [WARNING]   [HTTP error] https://www.foi.se/rest-api/report/FOI-R--5824--SE: 500 Server Error:  for url: https://www.foi.se/rest-api/report/FOI-R--5824--SE
13:43:08 [INFO]   [30/230] FOI-R--5755--SE
13:43:12 [WARNING]   [HTTP error] https://www.foi.se/rest-api/report/FOI-R--5755--SE: 500 Server Error:  for url: https://www.foi.se/rest-api/report/FOI-R--5755--SE
13:43:12 [INFO]   [31/230] FOI Memo 9105
13:43:15 [INFO]   [OK] 495a135b… |   305 KB | year=2025 (2024-2025) | fields=22 | FOI Memo 9105
13:43:15 [INFO]   [32/230] FOI-R--5793--SE
13:43:18 [WARNING]   [HTTP error] https://www.foi.se/rest-api/report/FOI-R--5793--SE: 500 Server Error:  for url: https://www.foi.se/rest-api/report/FOI-R--5793--SE
13:43:18 [INFO]   [33/230] FOI-R--5797--SE
13:43:21 [INFO]   [OK] d8f5548a… |   811 KB | year=2025 (2024-2025) | fields=24 | FOI-R--5797--SE
13:43:21 [INFO]   [34/230] FOI Memo 9029
13:43:24 [INFO]   [OK] b4cf8cab… |   366 KB | year=2025 (2024-2025) | fields=37 | FOI Memo 9029
13:43:24 [INFO]   [35/230] FOI Memo 9036
13:43:27 [INFO]   [OK] af8e91a4… |   823 KB | year=2025 (2024-2025) | fields=39 | FOI Memo 9036
13:43:27 [INFO]   [36/230] FOI Memo 9045
13:43:30 [INFO]   [OK] af7c743d… |   796 KB | year=2025 (2024-2025) | fields=31 | FOI Memo 9045
13:43:30 [INFO]   [37/230] FOI-R--5847--SE
13:43:32 [WARNING]   [HTTP error] https://www.foi.se/rest-api/report/FOI-R--5847--SE: 500 Server Error:  for url: https://www.foi.se/rest-api/report/FOI-R--5847--SE
13:43:32 [INFO]   [38/230] FOI Memo 9056
13:43:37 [INFO]   [OK] f7a03219… |  2685 KB | year=2025 (2024-2025) | fields=30 | FOI Memo 9056
13:43:37 [INFO]   [39/230] FOI-R--5833--SE
13:43:40 [INFO]   [OK] c022c26e… |  1300 KB | year=2025 (2024-2025) | fields=28 | FOI-R--5833--SE
13:43:40 [INFO]   [40/230] FOI Memo 9014
13:43:44 [INFO]   [OK] 9f7982f4… |  1124 KB | year=2025 (2024-2025) | fields=38 | FOI Memo 9014
13:43:44 [INFO]   [41/230] FOI Memo 9020
13:43:47 [INFO]   [OK] 83b43c80… |   514 KB | year=2025 (2024-2025) | fields=37 | FOI Memo 9020
13:43:47 [INFO]   [42/230] FOI Memo 9057
13:43:50 [INFO]   [OK] a3fc7907… |   704 KB | year=2025 (2024-2025) | fields=18 | FOI Memo 9057
13:43:50 [INFO]   [43/230] FOI-R--5752--SE
13:43:53 [WARNING]   [HTTP error] https://www.foi.se/rest-api/report/FOI-R--5752--SE: 500 Server Error:  for url: https://www.foi.se/rest-api/report/FOI-R--5752--SE
13:43:53 [INFO]   [44/230] FOI-R--5846--SE
13:43:56 [WARNING]   [HTTP error] https://www.foi.se/rest-api/report/FOI-R--5846--SE: 500 Server Error:  for url: https://www.foi.se/rest-api/report/FOI-R--5846--SE
13:43:56 [INFO]   [45/230] FOI Memo 9046
13:43:59 [INFO]   [OK] 9c477502… |   514 KB | year=2025 (2024-2025) | fields=18 | FOI Memo 9046
13:43:59 [INFO]   [46/230] FOI Memo 9027
13:44:02 [INFO]   [OK] 079f2a53… |   140 KB | year=2025 (2024-2025) | fields=38 | FOI Memo 9027
13:44:02 [INFO]   [47/230] FOI-R--5782--SE
13:44:05 [WARNING]   [HTTP error] https://www.foi.se/rest-api/report/FOI-R--5782--SE: 500 Server Error:  for url: https://www.foi.se/rest-api/report/FOI-R--5782--SE
13:44:05 [INFO]   [48/230] FOI-R--5807--SE
13:44:09 [INFO]   [OK] d18cbc13… |  1941 KB | year=2025 (2024-2025) | fields=28 | FOI-R--5807--SE
13:44:09 [INFO]   [49/230] FOI Memo 9028
13:44:14 [INFO]   [OK] 5e399fd8… |  1529 KB | year=2025 (2024-2025) | fields=41 | FOI Memo 9028
13:44:14 [INFO]   [50/230] FOI Memo 9013
13:44:17 [INFO]   [OK] 859d5330… |   451 KB | year=2025 (2024-2025) | fields=31 | FOI Memo 9013
13:44:17 [INFO]   [51/230] FOI Memo 9041
13:44:20 [INFO]   [OK] 4c31cab4… |   353 KB | year=2025 (2024-2025) | fields=20 | FOI Memo 9041
13:44:20 [INFO]   [52/230] FOI Memo 9007
13:44:24 [INFO]   [OK] 083686e5… |   251 KB | year=2025 (2024-2025) | fields=16 | FOI Memo 9007
13:44:24 [INFO]   [53/230] FOI-R--5763--SE
13:44:24 [INFO]   [54/230] FOI-R--5819--SE
13:44:27 [WARNING]   [HTTP error] https://www.foi.se/rest-api/report/FOI-R--5819--SE: 500 Server Error:  for url: https://www.foi.se/rest-api/report/FOI-R--5819--SE
13:44:27 [INFO]   [55/230] FOI-R--5808--SE
13:44:30 [INFO]   [OK] 531e82fd… |  1079 KB | year=2025 (2024-2025) | fields=24 | FOI-R--5808--SE
13:44:30 [INFO]   [56/230] FOI-R--5816--SE
13:44:34 [INFO]   [OK] 3e98c441… |  1139 KB | year=2022 (2020-2023) | fields=29 | FOI-R--5816--SE
13:44:34 [INFO]   [57/230] FOI Memo 9009
13:44:38 [INFO]   [OK] dfb94fbf… |    99 KB | year=2025 (2024-2025) | fields=22 | FOI Memo 9009
13:44:38 [INFO]   [58/230] FOI-R--5744--SE
13:44:42 [INFO]   [OK] 5f01b5ce… |  4911 KB | year=2025 (2024-2025) | fields=27 | FOI-R--5744--SE
13:44:42 [INFO]   [59/230] FOI Memo 8995
13:44:45 [INFO]   [OK] 79fffcd0… |   766 KB | year=2025 (2024-2025) | fields=38 | FOI Memo 8995
13:44:45 [INFO]   [60/230] FOI Memo 9004
13:44:48 [INFO]   [OK] 4887b268… |   550 KB | year=2025 (2024-2025) | fields=18 | FOI Memo 9004
13:44:48 [INFO]   [61/230] FOI Memo 9000
13:44:52 [INFO]   [OK] 21508ba6… |  1126 KB | year=2025 (2024-2025) | fields=30 | FOI Memo 9000
13:44:52 [INFO]   [62/230] FOI Memo 8996
13:44:56 [INFO]   [OK] 78bf84a7… |  5823 KB | year=2025 (2024-2025) | fields=31 | FOI Memo 8996
13:44:56 [INFO]   [63/230] FOI-R--5794--SE
13:44:59 [INFO]   [OK] 60ff40f4… |  1480 KB | year=2025 (2024-2025) | fields=24 | FOI-R--5794--SE
13:44:59 [INFO]   [64/230] FOI-R--5822--SE
13:45:03 [WARNING]   [HTTP error] https://www.foi.se/rest-api/report/FOI-R--5822--SE: 500 Server Error:  for url: https://www.foi.se/rest-api/report/FOI-R--5822--SE
13:45:03 [INFO]   [65/230] FOI-R--5805--SE
13:45:05 [WARNING]   [HTTP error] https://www.foi.se/rest-api/report/FOI-R--5805--SE: 500 Server Error:  for url: https://www.foi.se/rest-api/report/FOI-R--5805--SE
13:45:05 [INFO]   [66/230] FOI Memo 8987
13:45:09 [INFO]   [OK] 51b908ab… |   599 KB | year=2025 (2024-2025) | fields=18 | FOI Memo 8987
13:45:09 [INFO]   [67/230] FOI Memo 8988
13:45:12 [INFO]   [OK] 21153e83… |   764 KB | year=2025 (2024-2025) | fields=18 | FOI Memo 8988
13:45:12 [INFO]   [68/230] FOI-R--5780--SE
13:45:16 [INFO]   [OK] f010ccc5… |  2716 KB | year=2025 (2024-2025) | fields=43 | FOI-R--5780--SE
13:45:16 [INFO]   [69/230] FOI Memo 8977
13:45:19 [INFO]   [OK] d91b97aa… |   185 KB | year=2025 (2024-2025) | fields=38 | FOI Memo 8977
13:45:19 [INFO]   [70/230] FOI Memo 8975
13:45:23 [INFO]   [OK] b2b563f3… |   363 KB | year=2025 (2024-2025) | fields=16 | FOI Memo 8975
13:45:23 [INFO]   [71/230] FOI Memo 8981
13:45:26 [INFO]   [OK] ede2b9c9… |  3644 KB | year=2025 (2024-2025) | fields=30 | FOI Memo 8981
13:45:26 [INFO]   [72/230] FOI-R--5778--SE
13:45:26 [INFO]   [73/230] FOI Memo 8964
13:45:30 [INFO]   [74/230] FOI Memo 8972
13:45:34 [INFO]   [75/230] FOI-R--5799--SE
13:45:34 [INFO]   [76/230] FOI Memo 8960
13:45:39 [INFO]   [77/230] FOI-R--5719--SE
13:45:39 [INFO]   [78/230] FOI-R--5737--SE
13:45:39 [INFO]   [79/230] FOI-R--5795--SE
13:45:39 [INFO]   [80/230] FOI-R--5774--SE
13:45:39 [INFO]   [81/230] FOI Memo 8948
13:45:42 [INFO]   [82/230] FOI Memo 8955
13:45:45 [INFO]   [83/230] FOI-R--5785--SE
13:45:45 [INFO]   [84/230] FOI Memo 8949
13:45:48 [INFO]   [85/230] FOI Memo 8936
13:45:51 [INFO]   [86/230] FOI-R--5788--SE
13:45:51 [INFO]   [87/230] FOI-R--5789--SE
13:45:51 [INFO]   [88/230] FOI Memo 8930
13:45:55 [INFO]   [89/230] FOI Memo 8937
13:45:58 [INFO]   [90/230] FOI Memo 8946
13:46:02 [INFO]   [91/230] FOI-R--5740--SE
13:46:02 [INFO]   [92/230] FOI-R--5777--SE
13:46:02 [INFO]   [93/230] FOI-R--5759--SE
13:46:02 [INFO]   [94/230] FOI Memo 8934
13:46:05 [INFO]   [95/230] FOI-R--5748--SE
13:46:05 [INFO]   [96/230] FOI-R--5760--SE
13:46:05 [INFO]   [97/230] FOI-R--5742--SE
13:46:09 [WARNING]   [HTTP error] https://www.foi.se/rest-api/report/FOI-R--5742--SE: 500 Server Error:  for url: https://www.foi.se/rest-api/report/FOI-R--5742--SE
13:46:09 [INFO]   [98/230] FOI-R--5723--SE
13:46:09 [INFO]   [99/230] FOI-R--5716--SE
13:46:09 [INFO]   [100/230] FOI Memo 8923
13:46:12 [INFO]   [101/230] FOI-R--5739--SE
13:46:14 [INFO]   [OK] f836e9ad… |  1168 KB | year=2021 (2020-2023) | fields=28 | FOI-R--5739--SE
13:46:14 [INFO]   [102/230] FOI-R--5766--SE
13:46:17 [WARNING]   [HTTP error] https://www.foi.se/rest-api/report/FOI-R--5766--SE: 500 Server Error:  for url: https://www.foi.se/rest-api/report/FOI-R--5766--SE
13:46:17 [INFO]   [103/230] FOI Memo 8910
13:46:21 [INFO]   [104/230] FOI-R--5772--SE
13:46:21 [INFO]   [105/230] FOI-R--5754--SE
13:46:21 [INFO]   [106/230] FOI-R--5764--SE
13:46:21 [INFO]   [107/230] FOI-R--5738--SE
13:46:21 [INFO]   [108/230] FOI-R--5771--SE
13:46:21 [INFO]   [109/230] FOI-R--5697--SE
13:46:28 [INFO]   [OK] ac809fce… | 16418 KB | year=2022 (2020-2023) | fields=30 | FOI-R--5697--SE
13:46:28 [INFO]   [110/230] FOI-R--5781--SE
13:46:28 [INFO]   [111/230] FOI Memo 8914
13:46:31 [INFO]   [112/230] FOI-R--5666--SE
13:46:31 [INFO]   [113/230] FOI Memo 8915
13:46:34 [INFO]   [114/230] FOI-R--5765--SE
13:46:38 [INFO]   [OK] 0c678423… |  2262 KB | year=2022 (2020-2023) | fields=24 | FOI-R--5765--SE
13:46:38 [INFO]   [115/230] FOI-R--5757--SE
13:46:38 [INFO]   [116/230] FOI-R--5741--SE
13:46:38 [INFO]   [117/230] FOI-R--5762--SE
13:46:38 [INFO]   [118/230] FOI-R--5668--SE
13:46:38 [INFO]   [119/230] FOI Memo 8898
13:46:41 [INFO]   [120/230] FOI Memo 8905
13:46:44 [INFO]   [121/230] FOI Memo 8903
13:46:48 [INFO]   [122/230] FOI-R--5745--SE
13:46:48 [INFO]   [123/230] FOI-R--5768--SE
13:46:48 [INFO]   [124/230] FOI-R--5758--SE
13:46:51 [INFO]   [OK] bfbbf314… |  1344 KB | year=2023 (2020-2023) | fields=21 | FOI-R--5758--SE
13:46:51 [INFO]   [125/230] FOI-R--5761--SE
13:46:54 [INFO]   [OK] 30b66818… |  1481 KB | year=2022 (2020-2023) | fields=24 | FOI-R--5761--SE
13:46:54 [INFO]   [126/230] FOI Memo 8897
13:46:57 [INFO]   [127/230] FOI-R--5747--SE
13:46:57 [INFO]   [128/230] FOI-R--5733--SE
13:47:01 [WARNING]   [HTTP error] https://www.foi.se/rest-api/report/FOI-R--5733--SE: 500 Server Error:  for url: https://www.foi.se/rest-api/report/FOI-R--5733--SE
13:47:01 [INFO]   [129/230] FOI-R--5721--SE
13:47:01 [INFO]   [130/230] FOI-R--5726--SE
13:47:01 [INFO]   [131/230] FOI-R--5680--SE
13:47:01 [INFO]   [132/230] FOI Memo 8882
13:47:04 [INFO]   [133/230] FOI-R--5743--SE
13:47:04 [INFO]   [134/230] FOI Memo 8878
13:47:06 [INFO]   [135/230] FOI-R--5663--SE
13:47:06 [INFO]   [136/230] FOI Memo 8884
13:47:09 [INFO]   [137/230] FOI Memo 8866
13:47:13 [INFO]   [138/230] FOI Memo 8860
13:47:16 [INFO]   [139/230] FOI-R--5753--SE
13:47:16 [INFO]   [140/230] FOI Memo 8835
13:47:20 [INFO]   [141/230] FOI Memo 8840
13:47:23 [INFO]   [142/230] FOI-R--5672--SE
13:47:23 [INFO]   [143/230] FOI-R--5729--SE
13:47:23 [INFO]   [144/230] FOI-R--5736--SE
13:47:23 [INFO]   [145/230] FOI-R--5751--SE
13:47:23 [INFO]   [146/230] FOI-R--5731--SE
13:47:23 [INFO]   [147/230] FOI Memo 8856
13:47:25 [INFO]   [148/230] FOI-R--5746--SE
13:47:25 [INFO]   [149/230] FOI-R--5708--SE
13:47:27 [WARNING]   [HTTP error] https://www.foi.se/rest-api/report/FOI-R--5708--SE: 500 Server Error:  for url: https://www.foi.se/rest-api/report/FOI-R--5708--SE
13:47:27 [INFO]   [150/230] FOI Memo 8857
13:47:31 [INFO]   [151/230] FOI-R--5749--SE
13:47:31 [INFO]   [152/230] FOI-R--5616--SE
13:47:31 [INFO]   [153/230] FOI-R--5684--SE
13:47:31 [INFO]   [154/230] FOI-R--5694--SE
13:47:31 [INFO]   [155/230] FOI Memo 8829
13:47:34 [INFO]   [156/230] FOI Memo 8824
13:47:38 [INFO]   [157/230] FOI Memo 8827
13:47:43 [INFO]   [158/230] FOI Memo 8833
13:47:47 [INFO]   [159/230] FOI Memo 8836
13:47:51 [INFO]   [160/230] FOI Memo 8834
13:47:54 [INFO]   [161/230] FOI-R--5675--SE
13:47:56 [WARNING]   [HTTP error] https://www.foi.se/rest-api/report/FOI-R--5675--SE: 500 Server Error:  for url: https://www.foi.se/rest-api/report/FOI-R--5675--SE
13:47:56 [INFO]   [162/230] FOI-R--5669--SE
13:47:56 [INFO]   [163/230] FOI-R--5728--SE
13:47:56 [INFO]   [164/230] FOI Memo 8826
13:48:00 [INFO]   [165/230] FOI-R--5671--SE
13:48:00 [INFO]   [166/230] FOI-R--5734--SE
13:48:00 [INFO]   [167/230] FOI Memo 8818
13:48:03 [INFO]   [168/230] FOI-R--5695--SE
13:48:03 [INFO]   [169/230] FOI Memo 8803
13:48:07 [INFO]   [170/230] FOI-R--5730--SE
13:48:07 [INFO]   [171/230] FOI-R--5727--SE
13:48:07 [INFO]   [172/230] FOI-R--5662--SE
13:48:10 [INFO]   [OK] c8290bb6… |  5240 KB | year=2021 (2020-2023) | fields=27 | FOI-R--5662--SE
13:48:10 [INFO]   [173/230] FOI-R--5688--SE
13:48:10 [INFO]   [174/230] FOI-R--5696--SE
13:48:10 [INFO]   [175/230] FOI Memo 8804
13:48:13 [INFO]   [176/230] FOI Memo 8807
13:48:17 [INFO]   [177/230] FOI-R--5711--SE
13:48:17 [INFO]   [178/230] FOI Memo 8802
13:48:20 [INFO]   [179/230] FOI-R--5673--SE
13:48:20 [INFO]   [180/230] FOI Memo 8793
13:48:24 [INFO]   [181/230] FOI Memo 8794
13:48:26 [INFO]   [182/230] FOI Memo 8795
13:48:29 [INFO]   [183/230] FOI Memo 8796
13:48:32 [INFO]   [184/230] FOI Memo 8797
13:48:35 [INFO]   [185/230] FOI-R--5693--SE
13:48:35 [INFO]   [186/230] FOI-R--5699--SE
13:48:38 [WARNING]   [HTTP error] https://www.foi.se/rest-api/report/FOI-R--5699--SE: 500 Server Error:  for url: https://www.foi.se/rest-api/report/FOI-R--5699--SE
13:48:38 [INFO]   [187/230] FOI Memo 8801
13:48:42 [INFO]   [188/230] FOI Memo 8787
13:48:46 [INFO]   [189/230] FOI Memo 8791
13:48:49 [INFO]   [190/230] FOI Memo 8785
13:48:52 [INFO]   [191/230] FOI Memo 8789
13:48:55 [INFO]   [192/230] FOI-R--5713--SE
13:48:55 [INFO]   [193/230] FOI-R--5701--SE
13:48:55 [INFO]   [194/230] FOI Memo 8786
13:48:58 [INFO]   [195/230] FOI-R--5690--SE
13:48:58 [INFO]   [196/230] FOI-R--5625--SE
13:48:58 [INFO]   [197/230] FOI-R--5705--SE
13:48:58 [INFO]   [198/230] FOI-R--5706--SE
13:48:58 [INFO]   [199/230] FOI-R--5575--SE
13:48:58 [INFO]   [200/230] FOI Memo 8780
13:49:02 [INFO]   [201/230] FOI Memo 8776
13:49:05 [INFO]   [202/230] FOI Memo 8779
13:49:08 [INFO]   [203/230] FOI Memo 8760
13:49:11 [INFO]   [204/230] FOI-R--5682--SE
13:49:11 [INFO]   [205/230] FOI-R--5722--SE
13:49:15 [WARNING]   [HTTP error] https://www.foi.se/rest-api/report/FOI-R--5722--SE: 500 Server Error:  for url: https://www.foi.se/rest-api/report/FOI-R--5722--SE
13:49:15 [INFO]   [206/230] FOI-R--5712--SE
13:49:15 [INFO]   [207/230] FOI-R--5698--SE
13:49:15 [INFO]   [208/230] FOI Memo 8746
13:49:18 [INFO]   [209/230] FOI-R--5689--SE
13:49:18 [INFO]   [210/230] FOI Memo 8757
13:49:22 [INFO]   [211/230] FOI-R--5710--SE
13:49:22 [INFO]   [212/230] FOI-R--5681--SE
13:49:22 [INFO]   [213/230] FOI-R--5718--SE
13:49:22 [INFO]   [214/230] FOI-R--5667--SE
13:49:22 [INFO]   [215/230] FOI Memo 8675
13:49:25 [INFO]   [216/230] FOI Memo 8743
13:49:28 [INFO]   [217/230] FOI Memo 8724
13:49:32 [INFO]   [218/230] FOI-R--5670--SE
13:49:32 [INFO]   [219/230] FOI-R--5600--SE
13:49:32 [INFO]   [220/230] FOI-R--5657--SE
13:49:32 [INFO]   [221/230] FOI-R--5656--SE
13:49:32 [INFO]   [222/230] FOI-R--5707--SE
13:49:32 [INFO]   [223/230] FOI Memo 8689
13:49:35 [INFO]   [224/230] FOI Memo 8660
13:49:38 [INFO]   [225/230] FOI-R--5692--SE
13:49:38 [INFO]   [226/230] FOI Memo 8735
13:49:41 [INFO]   [227/230] FOI-R--5676--SE
13:49:41 [INFO]   [228/230] FOI-R--5664--SE
13:49:41 [INFO]   [229/230] FOI-R--5691--SE
13:49:41 [INFO]   [230/230] FOI-R--5660--SE
13:49:41 [INFO] 
============================================================
13:49:41 [INFO] FOI Scraper — Complete
13:49:41 [INFO]   Downloaded : 57
13:49:41 [INFO]   Skipped    : 173
13:49:41 [INFO]   Period counts: {'2020-2023': 11, '2024-2025': 50, 'post-2026': 0}
13:49:41 [INFO] ============================================================
13:50:09 [INFO] ============================================================
13:50:09 [INFO] FOI Targeted Scraper
13:50:09 [INFO] Target: 100 PDFs | Years: 2020–2023
13:50:09 [INFO] Quota per period: 50 | Dry-run: False
13:50:09 [INFO] ============================================================
13:50:09 [INFO] Resume: 2758 URLs already collected
13:50:09 [INFO] Period counts for FOI: {'2020-2023': 11, '2024-2025': 50, 'post-2026': 0}

13:50:09 [INFO] [Step 1] Scraping up to 300 report IDs from FOI search…
13:50:09 [INFO]   [Playwright] Loading page 0: https://www.foi.se/rapporter.html?yearFrom=2020&yearTo=2023&sort=PublishDate&direction=Desc&page=0
13:50:11 [INFO]   [Playwright] Accepted cookie banner
13:50:15 [INFO]   [Playwright] Page 0: +10 IDs (total: 10)
13:50:18 [INFO]   [Playwright] Loading page 1: https://www.foi.se/rapporter.html?yearFrom=2020&yearTo=2023&sort=PublishDate&direction=Desc&page=1
13:50:22 [INFO]   [Playwright] Page 1: +10 IDs (total: 20)
13:50:25 [INFO]   [Playwright] Loading page 2: https://www.foi.se/rapporter.html?yearFrom=2020&yearTo=2023&sort=PublishDate&direction=Desc&page=2
13:50:29 [INFO]   [Playwright] Page 2: +10 IDs (total: 30)
13:50:31 [INFO]   [Playwright] Loading page 3: https://www.foi.se/rapporter.html?yearFrom=2020&yearTo=2023&sort=PublishDate&direction=Desc&page=3
13:50:36 [INFO]   [Playwright] Page 3: +10 IDs (total: 40)
13:50:38 [INFO]   [Playwright] Loading page 4: https://www.foi.se/rapporter.html?yearFrom=2020&yearTo=2023&sort=PublishDate&direction=Desc&page=4
13:50:42 [INFO]   [Playwright] Page 4: +10 IDs (total: 50)
13:50:44 [INFO]   [Playwright] Loading page 5: https://www.foi.se/rapporter.html?yearFrom=2020&yearTo=2023&sort=PublishDate&direction=Desc&page=5
13:50:48 [INFO]   [Playwright] Page 5: +10 IDs (total: 60)
13:50:51 [INFO]   [Playwright] Loading page 6: https://www.foi.se/rapporter.html?yearFrom=2020&yearTo=2023&sort=PublishDate&direction=Desc&page=6
13:50:55 [INFO]   [Playwright] Page 6: +10 IDs (total: 70)
13:50:58 [INFO]   [Playwright] Loading page 7: https://www.foi.se/rapporter.html?yearFrom=2020&yearTo=2023&sort=PublishDate&direction=Desc&page=7
13:51:03 [INFO]   [Playwright] Page 7: +10 IDs (total: 80)
13:51:04 [INFO]   [Playwright] Loading page 8: https://www.foi.se/rapporter.html?yearFrom=2020&yearTo=2023&sort=PublishDate&direction=Desc&page=8
13:51:08 [INFO]   [Playwright] Page 8: +10 IDs (total: 90)
13:51:11 [INFO]   [Playwright] Loading page 9: https://www.foi.se/rapporter.html?yearFrom=2020&yearTo=2023&sort=PublishDate&direction=Desc&page=9
13:51:15 [INFO]   [Playwright] Page 9: +10 IDs (total: 100)
13:51:17 [INFO]   [Playwright] Loading page 10: https://www.foi.se/rapporter.html?yearFrom=2020&yearTo=2023&sort=PublishDate&direction=Desc&page=10
13:51:21 [INFO]   [Playwright] Page 10: +10 IDs (total: 110)
13:51:24 [INFO]   [Playwright] Loading page 11: https://www.foi.se/rapporter.html?yearFrom=2020&yearTo=2023&sort=PublishDate&direction=Desc&page=11
13:51:28 [INFO]   [Playwright] Page 11: +10 IDs (total: 120)
13:51:30 [INFO]   [Playwright] Loading page 12: https://www.foi.se/rapporter.html?yearFrom=2020&yearTo=2023&sort=PublishDate&direction=Desc&page=12
13:51:35 [INFO]   [Playwright] Page 12: +10 IDs (total: 130)
13:51:37 [INFO]   [Playwright] Loading page 13: https://www.foi.se/rapporter.html?yearFrom=2020&yearTo=2023&sort=PublishDate&direction=Desc&page=13
13:51:41 [INFO]   [Playwright] Page 13: +10 IDs (total: 140)
13:51:43 [INFO]   [Playwright] Loading page 14: https://www.foi.se/rapporter.html?yearFrom=2020&yearTo=2023&sort=PublishDate&direction=Desc&page=14
13:51:47 [INFO]   [Playwright] Page 14: +10 IDs (total: 150)
13:51:50 [INFO]   [Playwright] Loading page 15: https://www.foi.se/rapporter.html?yearFrom=2020&yearTo=2023&sort=PublishDate&direction=Desc&page=15
13:51:54 [INFO]   [Playwright] Page 15: +10 IDs (total: 160)
13:51:56 [INFO]   [Playwright] Loading page 16: https://www.foi.se/rapporter.html?yearFrom=2020&yearTo=2023&sort=PublishDate&direction=Desc&page=16
13:52:01 [INFO]   [Playwright] Page 16: +10 IDs (total: 170)
13:52:03 [INFO]   [Playwright] Loading page 17: https://www.foi.se/rapporter.html?yearFrom=2020&yearTo=2023&sort=PublishDate&direction=Desc&page=17
13:52:07 [INFO]   [Playwright] Page 17: +10 IDs (total: 180)
13:52:10 [INFO]   [Playwright] Loading page 18: https://www.foi.se/rapporter.html?yearFrom=2020&yearTo=2023&sort=PublishDate&direction=Desc&page=18
13:52:15 [INFO]   [Playwright] Page 18: +10 IDs (total: 190)
13:52:17 [INFO]   [Playwright] Loading page 19: https://www.foi.se/rapporter.html?yearFrom=2020&yearTo=2023&sort=PublishDate&direction=Desc&page=19
13:52:21 [INFO]   [Playwright] Page 19: +10 IDs (total: 200)
13:52:24 [INFO]   [Playwright] Loading page 20: https://www.foi.se/rapporter.html?yearFrom=2020&yearTo=2023&sort=PublishDate&direction=Desc&page=20
13:52:28 [INFO]   [Playwright] Page 20: +10 IDs (total: 210)
13:52:31 [INFO]   [Playwright] Loading page 21: https://www.foi.se/rapporter.html?yearFrom=2020&yearTo=2023&sort=PublishDate&direction=Desc&page=21
13:52:35 [INFO]   [Playwright] Page 21: +10 IDs (total: 220)
13:52:38 [INFO]   [Playwright] Loading page 22: https://www.foi.se/rapporter.html?yearFrom=2020&yearTo=2023&sort=PublishDate&direction=Desc&page=22
13:52:42 [INFO]   [Playwright] Page 22: +10 IDs (total: 230)
13:52:44 [INFO]   [Playwright] Loading page 23: https://www.foi.se/rapporter.html?yearFrom=2020&yearTo=2023&sort=PublishDate&direction=Desc&page=23
13:52:49 [INFO]   [Playwright] Page 23: +10 IDs (total: 240)
13:52:51 [INFO]   [Playwright] Loading page 24: https://www.foi.se/rapporter.html?yearFrom=2020&yearTo=2023&sort=PublishDate&direction=Desc&page=24
13:52:55 [INFO]   [Playwright] Page 24: +10 IDs (total: 250)
13:52:58 [INFO]   [Playwright] Loading page 25: https://www.foi.se/rapporter.html?yearFrom=2020&yearTo=2023&sort=PublishDate&direction=Desc&page=25
13:53:02 [INFO]   [Playwright] Page 25: +10 IDs (total: 260)
13:53:05 [INFO]   [Playwright] Loading page 26: https://www.foi.se/rapporter.html?yearFrom=2020&yearTo=2023&sort=PublishDate&direction=Desc&page=26
13:53:09 [INFO]   [Playwright] Page 26: +10 IDs (total: 270)
13:53:12 [INFO]   [Playwright] Loading page 27: https://www.foi.se/rapporter.html?yearFrom=2020&yearTo=2023&sort=PublishDate&direction=Desc&page=27
13:53:16 [INFO]   [Playwright] Page 27: +10 IDs (total: 280)
13:53:18 [INFO]   [Playwright] Loading page 28: https://www.foi.se/rapporter.html?yearFrom=2020&yearTo=2023&sort=PublishDate&direction=Desc&page=28
13:53:23 [INFO]   [Playwright] Page 28: +10 IDs (total: 290)
13:53:24 [INFO]   [Playwright] Loading page 29: https://www.foi.se/rapporter.html?yearFrom=2020&yearTo=2023&sort=PublishDate&direction=Desc&page=29
13:53:29 [INFO]   [Playwright] Page 29: +10 IDs (total: 300)
13:53:31 [INFO]   [Playwright] Collected 300 report IDs across 30 pages
13:53:31 [INFO] [Step 1] Done. Found 300 report IDs.

13:53:31 [INFO] [Step 2] Downloading PDFs…
13:53:31 [INFO]   [1/300] FOI-R--5509--SE
13:53:34 [INFO]   [OK] e79a1910… |  2394 KB | year=2023 (2020-2023) | fields=28 | FOI-R--5509--SE
13:53:34 [INFO]   [2/300] FOI-R--5497--SE
13:53:37 [INFO]   [OK] 84e43543… |  1090 KB | year=2023 (2020-2023) | fields=28 | FOI-R--5497--SE
13:53:37 [INFO]   [3/300] FOI Memo 8407
13:53:39 [INFO]   [OK] c8d7c779… |  1205 KB | year=2023 (2020-2023) | fields=37 | FOI Memo 8407
13:53:39 [INFO]   [4/300] FOI-R--5559--SE
13:53:42 [WARNING]   [HTTP error] https://www.foi.se/rest-api/report/FOI-R--5559--SE: 500 Server Error:  for url: https://www.foi.se/rest-api/report/FOI-R--5559--SE
13:53:42 [INFO]   [5/300] FOI-R--5561--SE
13:53:45 [WARNING]   [HTTP error] https://www.foi.se/rest-api/report/FOI-R--5561--SE: 500 Server Error:  for url: https://www.foi.se/rest-api/report/FOI-R--5561--SE
13:53:45 [INFO]   [6/300] FOI-R--5513--SE
13:53:45 [INFO]   [7/300] FOI-R--5506--SE
13:53:48 [WARNING]   [HTTP error] https://www.foi.se/rest-api/report/FOI-R--5506--SE: 500 Server Error:  for url: https://www.foi.se/rest-api/report/FOI-R--5506--SE
13:53:48 [INFO]   [8/300] FOI-R--5525--SE
13:53:53 [INFO]   [OK] 314be968… |  3390 KB | year=2023 (2020-2023) | fields=38 | FOI-R--5525--SE
13:53:53 [INFO]   [9/300] FOI-R--5518--SE
13:53:56 [WARNING]   [HTTP error] https://www.foi.se/rest-api/report/FOI-R--5518--SE: 500 Server Error:  for url: https://www.foi.se/rest-api/report/FOI-R--5518--SE
13:53:56 [INFO]   [10/300] FOI-R--5572--SE
13:53:56 [INFO]   [11/300] FOI Memo 8366
13:53:59 [INFO]   [OK] 0761d78d… |   418 KB | year=2023 (2020-2023) | fields=37 | FOI Memo 8366
13:53:59 [INFO]   [12/300] FOI-R--5493--SE
13:54:03 [WARNING]   [HTTP error] https://www.foi.se/rest-api/report/FOI-R--5493--SE: 500 Server Error:  for url: https://www.foi.se/rest-api/report/FOI-R--5493--SE
13:54:03 [INFO]   [13/300] FOI-R--5550--SE
13:54:08 [INFO]   [OK] 399fdf34… |  1349 KB | year=2023 (2020-2023) | fields=38 | FOI-R--5550--SE
13:54:08 [INFO]   [14/300] FOI-R--5496--SE
13:54:11 [WARNING]   [HTTP error] https://www.foi.se/rest-api/report/FOI-R--5496--SE: 500 Server Error:  for url: https://www.foi.se/rest-api/report/FOI-R--5496--SE
13:54:11 [INFO]   [15/300] FOI-R--5501--SE
13:54:15 [INFO]   [OK] 01f9159e… |  3745 KB | year=2023 (2020-2023) | fields=38 | FOI-R--5501--SE
13:54:15 [INFO]   [16/300] FOI-R--5540--SE
13:54:19 [INFO]   [OK] f1ec924b… |  1109 KB | year=2023 (2020-2023) | fields=38 | FOI-R--5540--SE
13:54:19 [INFO]   [17/300] FOI Memo 8336
13:54:41 [WARNING]   [HTTP error] https://www.foi.se/rest-api/report/FOI%20Memo%208336: ('Connection aborted.', ConnectionResetError(54, 'Connection reset by peer'))
13:54:41 [INFO]   [18/300] FOI-R--5517--SE
13:54:45 [WARNING]   [HTTP error] https://www.foi.se/rest-api/report/FOI-R--5517--SE: 500 Server Error:  for url: https://www.foi.se/rest-api/report/FOI-R--5517--SE
13:54:45 [INFO]   [19/300] FOI-R--5523--SE
13:54:48 [WARNING]   [HTTP error] https://www.foi.se/rest-api/report/FOI-R--5523--SE: 500 Server Error:  for url: https://www.foi.se/rest-api/report/FOI-R--5523--SE
13:54:48 [INFO]   [20/300] FOI-R--5454--SE
13:54:52 [WARNING]   [HTTP error] https://www.foi.se/rest-api/report/FOI-R--5454--SE: 500 Server Error:  for url: https://www.foi.se/rest-api/report/FOI-R--5454--SE
13:54:52 [INFO]   [21/300] FOI-R--5516--SE
13:54:57 [INFO]   [OK] 77eb40a0… | 13188 KB | year=2023 (2020-2023) | fields=38 | FOI-R--5516--SE
13:54:57 [INFO]   [22/300] FOI-R--5487--SE
13:55:02 [INFO]   [OK] 158e72c4… |  3714 KB | year=2023 (2020-2023) | fields=38 | FOI-R--5487--SE
13:55:02 [INFO]   [23/300] FOI Memo 8291
13:55:06 [INFO]   [OK] 494bcadc… |   426 KB | year=2023 (2020-2023) | fields=37 | FOI Memo 8291
13:55:06 [INFO]   [24/300] FOI Memo 8332
13:55:09 [INFO]   [OK] 2818609b… |  1273 KB | year=2023 (2020-2023) | fields=21 | FOI Memo 8332
13:55:09 [INFO]   [25/300] FOI-R--5498--SE
13:55:13 [INFO]   [OK] 7a09520e… |  1660 KB | year=2023 (2020-2023) | fields=38 | FOI-R--5498--SE
13:55:13 [INFO]   [26/300] FOI-R--5507--SE
13:55:17 [INFO]   [OK] 0da3b49c… |  3956 KB | year=2022 (2020-2023) | fields=38 | FOI-R--5507--SE
13:55:17 [INFO]   [27/300] FOI-R--5372--SE
13:55:19 [WARNING]   [HTTP error] https://www.foi.se/rest-api/report/FOI-R--5372--SE: 500 Server Error:  for url: https://www.foi.se/rest-api/report/FOI-R--5372--SE
13:55:19 [INFO]   [28/300] FOI Memo 8312
13:55:23 [INFO]   [OK] 3c78dc21… |   583 KB | year=2023 (2020-2023) | fields=24 | FOI Memo 8312
13:55:23 [INFO]   [29/300] FOI-R--5508--SE
13:55:26 [WARNING]   [HTTP error] https://www.foi.se/rest-api/report/FOI-R--5508--SE: 500 Server Error:  for url: https://www.foi.se/rest-api/report/FOI-R--5508--SE
13:55:26 [INFO]   [30/300] FOI Memo 8285
13:55:30 [INFO]   [OK] d93861c7… |  2154 KB | year=2023 (2020-2023) | fields=24 | FOI Memo 8285
13:55:30 [INFO]   [31/300] FOI-R--4896--SE
13:55:33 [WARNING]   [HTTP error] https://www.foi.se/rest-api/report/FOI-R--4896--SE: 500 Server Error:  for url: https://www.foi.se/rest-api/report/FOI-R--4896--SE
13:55:33 [INFO]   [32/300] FOI Memo 8304
13:55:37 [INFO]   [OK] 800ddffb… |   381 KB | year=2023 (2020-2023) | fields=76 | FOI Memo 8304
13:55:37 [INFO]   [33/300] FOI-R--5538--SE
13:55:40 [INFO]   [OK] ba7b8d93… |  3488 KB | year=2022 (2020-2023) | fields=38 | FOI-R--5538--SE
13:55:40 [INFO]   [34/300] FOI-R--5304--SE
13:55:42 [WARNING]   [HTTP error] https://www.foi.se/rest-api/report/FOI-R--5304--SE: 500 Server Error:  for url: https://www.foi.se/rest-api/report/FOI-R--5304--SE
13:55:42 [INFO]   [35/300] FOI Memo 8296
13:55:45 [INFO]   [OK] 2c969014… |   915 KB | year=2023 (2020-2023) | fields=24 | FOI Memo 8296
13:55:45 [INFO]   [36/300] FOI-R--5520--SE
13:55:47 [WARNING]   [HTTP error] https://www.foi.se/rest-api/report/FOI-R--5520--SE: 500 Server Error:  for url: https://www.foi.se/rest-api/report/FOI-R--5520--SE
13:55:47 [INFO]   [37/300] FOI Memo 8284
13:55:51 [INFO]   [OK] 69863ad1… |   487 KB | year=2023 (2020-2023) | fields=37 | FOI Memo 8284
13:55:51 [INFO]   [38/300] FOI Memo 8289
13:55:54 [INFO]   [OK] b215edc5… |   724 KB | year=2023 (2020-2023) | fields=37 | FOI Memo 8289
13:55:54 [INFO]   [39/300] FOI-R--5418--SE
13:55:57 [WARNING]   [HTTP error] https://www.foi.se/rest-api/report/FOI-R--5418--SE: 500 Server Error:  for url: https://www.foi.se/rest-api/report/FOI-R--5418--SE
13:55:57 [INFO]   [40/300] FOI-R--5492--SE
13:56:01 [WARNING]   [HTTP error] https://www.foi.se/rest-api/report/FOI-R--5492--SE: 500 Server Error:  for url: https://www.foi.se/rest-api/report/FOI-R--5492--SE
13:56:01 [INFO]   [41/300] FOI Memo 8279
13:56:05 [INFO]   [OK] 9cb8b722… |   375 KB | year=2023 (2020-2023) | fields=37 | FOI Memo 8279
13:56:05 [INFO]   [42/300] FOI Memo 8271
13:56:08 [INFO]   [OK] 997fdb98… |   255 KB | year=2023 (2020-2023) | fields=76 | FOI Memo 8271
13:56:08 [INFO]   [43/300] FOI Memo 8269
13:56:12 [INFO]   [OK] b15d447b… |  1580 KB | year=2023 (2020-2023) | fields=24 | FOI Memo 8269
13:56:12 [INFO]   [44/300] FOI-R--5485--SE
13:56:14 [WARNING]   [HTTP error] https://www.foi.se/rest-api/report/FOI-R--5485--SE: 500 Server Error:  for url: https://www.foi.se/rest-api/report/FOI-R--5485--SE
13:56:14 [INFO]   [45/300] FOI-R--5486--SE
13:56:19 [INFO]   [OK] b832a3f9… |  4499 KB | year=2023 (2020-2023) | fields=38 | FOI-R--5486--SE
13:56:19 [INFO]   [46/300] FOI-R--5489--SE
13:56:23 [WARNING]   [HTTP error] https://www.foi.se/rest-api/report/FOI-R--5489--SE: 500 Server Error:  for url: https://www.foi.se/rest-api/report/FOI-R--5489--SE
13:56:23 [INFO]   [47/300] FOI Memo 8248
13:56:27 [INFO]   [OK] 7aa1d39f… |   205 KB | year=2023 (2020-2023) | fields=76 | FOI Memo 8248
13:56:27 [INFO]   [48/300] FOI Memo 8249
13:56:32 [INFO]   [OK] 1c2253dc… |   743 KB | year=2023 (2020-2023) | fields=37 | FOI Memo 8249
13:56:32 [INFO]   [49/300] FOI-R--5494--SE
13:56:35 [WARNING]   [HTTP error] https://www.foi.se/rest-api/report/FOI-R--5494--SE: 500 Server Error:  for url: https://www.foi.se/rest-api/report/FOI-R--5494--SE
13:56:35 [INFO]   [50/300] FOI Memo 8243
13:56:40 [INFO]   [OK] f080e640… |   437 KB | year=2023 (2020-2023) | fields=36 | FOI Memo 8243
13:56:40 [INFO]   [51/300] FOI-R--5481--SE
13:56:43 [INFO]   [OK] d056dcd7… |  2302 KB | year=2022 (2020-2023) | fields=37 | FOI-R--5481--SE
13:56:43 [INFO]   [52/300] FOI Memo 8236
13:56:45 [INFO]   [OK] 7a03c4eb… |   192 KB | year=2023 (2020-2023) | fields=76 | FOI Memo 8236
13:56:45 [INFO]   [53/300] FOI Memo 8239
13:56:50 [INFO]   [OK] bd61ddad… |  1005 KB | year=2023 (2020-2023) | fields=62 | FOI Memo 8239
13:56:50 [INFO]   [54/300] FOI Memo 8233
13:56:52 [INFO]   [OK] 35e2f64a… |   672 KB | year=2023 (2020-2023) | fields=37 | FOI Memo 8233
13:56:52 [INFO]   [55/300] FOI Memo 8231
13:56:55 [INFO]   [OK] 3d2e2fb2… |   367 KB | year=2023 (2020-2023) | fields=38 | FOI Memo 8231
13:56:55 [INFO]   [56/300] FOI-R--5483--SE
13:56:59 [INFO]   [OK] 151fcfd0… |  1816 KB | year=2023 (2020-2023) | fields=38 | FOI-R--5483--SE
13:56:59 [INFO]   [57/300] FOI-R--5472--SE
13:57:03 [INFO]   [OK] 73d6e8ad… |  1263 KB | year=2023 (2020-2023) | fields=38 | FOI-R--5472--SE
13:57:03 [INFO]   [58/300] FOI Memo 8217
13:57:06 [INFO]   [OK] 2ce1b60e… |  1052 KB | year=2023 (2020-2023) | fields=21 | FOI Memo 8217
13:57:06 [INFO]   [59/300] FOI-R--5482--SE
13:57:09 [WARNING]   [HTTP error] https://www.foi.se/rest-api/report/FOI-R--5482--SE: 500 Server Error:  for url: https://www.foi.se/rest-api/report/FOI-R--5482--SE
13:57:09 [INFO]   [60/300] FOI Memo 8204
13:57:13 [INFO]   [OK] d3946632… |   355 KB | year=2023 (2020-2023) | fields=37 | FOI Memo 8204
13:57:13 [INFO]   [61/300] FOI-R--5478--SE
13:57:17 [INFO]   [OK] f6975f50… |  2603 KB | year=2023 (2020-2023) | fields=28 | FOI-R--5478--SE
13:57:17 [INFO]   [62/300] FOI Memo 8203
13:57:20 [INFO]   [OK] 8097eb3c… |  2783 KB | year=2023 (2020-2023) | fields=38 | FOI Memo 8203
13:57:20 [INFO] Both period quotas full — stopping.
13:57:20 [INFO] 
============================================================
13:57:20 [INFO] FOI Scraper — Complete
13:57:20 [INFO]   Downloaded : 39
13:57:20 [INFO]   Skipped    : 23
13:57:20 [INFO]   Period counts: {'2020-2023': 50, '2024-2025': 50, 'post-2026': 0}
13:57:20 [INFO] ============================================================
13:59:43 [INFO] ============================================================
13:59:43 [INFO] FOI Targeted Scraper
13:59:43 [INFO] Target: 50 PDFs | Years: 2026–2026
13:59:43 [INFO] Quota per period: 50 | Dry-run: False
13:59:43 [INFO] ============================================================
13:59:43 [INFO] Resume: 2797 URLs already collected
13:59:43 [INFO] Period counts for FOI: {'2020-2023': 50, '2024-2025': 50, 'post-2026': 0}

13:59:43 [INFO] [Step 1] Scraping up to 150 report IDs from FOI search…
13:59:43 [INFO]   [Playwright] Loading page 0: https://www.foi.se/rapporter.html?yearFrom=2026&yearTo=2026&sort=PublishDate&direction=Desc&page=0
13:59:45 [INFO]   [Playwright] Accepted cookie banner
13:59:49 [INFO]   [Playwright] Page 0: +10 IDs (total: 10)
13:59:51 [INFO]   [Playwright] Loading page 1: https://www.foi.se/rapporter.html?yearFrom=2026&yearTo=2026&sort=PublishDate&direction=Desc&page=1
14:00:21 [ERROR]   [Playwright] Timeout loading page 1 — stopping
14:00:21 [INFO]   [Playwright] Collected 10 report IDs across 1 pages
14:00:21 [INFO] [Step 1] Done. Found 10 report IDs.

14:00:21 [INFO] [Step 2] Downloading PDFs…
14:00:21 [INFO] Both period quotas full — stopping.
14:00:21 [INFO] 
============================================================
14:00:21 [INFO] FOI Scraper — Complete
14:00:21 [INFO]   Downloaded : 0
14:00:21 [INFO]   Skipped    : 0
14:00:21 [INFO]   Period counts: {'2020-2023': 50, '2024-2025': 50, 'post-2026': 0}
14:00:21 [INFO] ============================================================
14:05:34 [INFO] ============================================================
14:05:34 [INFO] FOI Targeted Scraper
14:05:34 [INFO] Target: 50 PDFs | Years: 2026–2026
14:05:34 [INFO] Quota per period: 50 | Dry-run: False
14:05:34 [INFO] ============================================================
14:05:34 [INFO] Resume: 2797 URLs already collected
14:05:34 [INFO] Period counts for FOI: {'2020-2023': 50, '2024-2025': 50, 'post-2026': 0}

14:05:34 [INFO] [Step 1] Scraping up to 150 report IDs from FOI search…
14:05:35 [INFO]   [Playwright] Loading page 0: https://www.foi.se/rapporter.html?yearFrom=2026&yearTo=2026&sort=PublishDate&direction=Desc&page=0
14:05:37 [INFO]   [Playwright] Accepted cookie banner
14:05:41 [INFO]   [Playwright] Page 0: +10 IDs (total: 10)
14:05:43 [INFO]   [Playwright] Loading page 1: https://www.foi.se/rapporter.html?yearFrom=2026&yearTo=2026&sort=PublishDate&direction=Desc&page=1
14:05:47 [INFO]   [Playwright] Page 1: +10 IDs (total: 20)
14:05:49 [INFO]   [Playwright] Loading page 2: https://www.foi.se/rapporter.html?yearFrom=2026&yearTo=2026&sort=PublishDate&direction=Desc&page=2
14:05:54 [INFO]   [Playwright] Page 2: +10 IDs (total: 30)
14:05:55 [INFO]   [Playwright] Loading page 3: https://www.foi.se/rapporter.html?yearFrom=2026&yearTo=2026&sort=PublishDate&direction=Desc&page=3
14:06:00 [INFO]   [Playwright] Page 3: +10 IDs (total: 40)
14:06:02 [INFO]   [Playwright] Loading page 4: https://www.foi.se/rapporter.html?yearFrom=2026&yearTo=2026&sort=PublishDate&direction=Desc&page=4
14:06:06 [INFO]   [Playwright] Page 4: +10 IDs (total: 50)
14:06:09 [INFO]   [Playwright] Loading page 5: https://www.foi.se/rapporter.html?yearFrom=2026&yearTo=2026&sort=PublishDate&direction=Desc&page=5
14:06:13 [INFO]   [Playwright] Page 5: +10 IDs (total: 60)
14:06:15 [INFO]   [Playwright] Loading page 6: https://www.foi.se/rapporter.html?yearFrom=2026&yearTo=2026&sort=PublishDate&direction=Desc&page=6
14:06:19 [INFO]   [Playwright] Page 6: +10 IDs (total: 70)
14:06:21 [INFO]   [Playwright] Loading page 7: https://www.foi.se/rapporter.html?yearFrom=2026&yearTo=2026&sort=PublishDate&direction=Desc&page=7
14:06:26 [INFO]   [Playwright] Page 7: +10 IDs (total: 80)
14:06:28 [INFO]   [Playwright] Loading page 8: https://www.foi.se/rapporter.html?yearFrom=2026&yearTo=2026&sort=PublishDate&direction=Desc&page=8
14:06:32 [INFO]   [Playwright] Page 8: +10 IDs (total: 90)
14:06:34 [INFO]   [Playwright] Loading page 9: https://www.foi.se/rapporter.html?yearFrom=2026&yearTo=2026&sort=PublishDate&direction=Desc&page=9
14:06:39 [INFO]   [Playwright] Page 9: +10 IDs (total: 100)
14:06:41 [INFO]   [Playwright] Loading page 10: https://www.foi.se/rapporter.html?yearFrom=2026&yearTo=2026&sort=PublishDate&direction=Desc&page=10
14:06:45 [INFO]   [Playwright] Page 10: +10 IDs (total: 110)
14:06:47 [INFO]   [Playwright] Loading page 11: https://www.foi.se/rapporter.html?yearFrom=2026&yearTo=2026&sort=PublishDate&direction=Desc&page=11
14:06:51 [INFO]   [Playwright] Page 11: +2 IDs (total: 112)
14:06:53 [INFO]   [Playwright] Loading page 12: https://www.foi.se/rapporter.html?yearFrom=2026&yearTo=2026&sort=PublishDate&direction=Desc&page=12
14:07:14 [WARNING]   [Playwright] No report links on page 12
14:07:16 [INFO]   [Playwright] Loading page 13: https://www.foi.se/rapporter.html?yearFrom=2026&yearTo=2026&sort=PublishDate&direction=Desc&page=13
12:57:41 [INFO] Fetching links from https://ki.se/om-ki/organisation/styrning-och-resultat/ki-som-remissinstans...
12:57:41 [INFO] Found 63 candidate reports.
12:57:41 [INFO]   Downloading: Yttrande över betänkandet Verktyg för skydd av EU-... (2026)
12:57:44 [INFO]   Downloading: Yttrande över förslag till föreskrifter om ändring... (2026)
12:57:49 [INFO]   Downloading: Yttrande över Europeiska kommissionens förslag på ... (2026)
12:57:53 [INFO]   Downloading: Yttrande avseende Europeiska kommissionens förslag... (2026)
12:57:56 [INFO]   Downloading: Yttrande över Naturvårdsverkets förslag till genom... (2026)
12:58:00 [INFO]   Downloading: Yttrande över förslag till Life science-strategi f... (2026)
12:58:04 [INFO]   Downloading: Yttrande över Livsmedelsverkets förslag på uppdate... (2026)
12:58:07 [INFO]   Downloading: Yttrande över betänkandet Anpassningar till AI-för... (2026)
12:58:10 [INFO]   Downloading: Yttrande över Europeiska kommissionens förslag til... (2026)
12:58:14 [INFO]   Downloading: Yttrande över förslag om avskaffande av krav på ma... (2026)
12:58:17 [INFO]   Downloading: Yttrande över Europeiska kommissionens förslag til... (2026)
12:58:22 [INFO]   Downloading: Yttrande över registerkontroll inför antagning til... (2025)
12:58:24 [INFO]   Downloading: Yttrande över Stärkt patientsäkerhet genom rätt ko... (2025)
12:58:28 [INFO]   Downloading: Yttrande över förslag till ändring av Tandvårds- o... (2025)
12:58:30 [INFO]   Downloading: Yttrande över Socialdepartementets remiss av betän... (2025)
12:58:34 [INFO]   Downloading: Yttrande över UHR:s rapport Redovisning av regerin... (2025)
12:58:38 [INFO]   Downloading: Yttrande över omarbetat direktiv om luftkvalitet o... (2025)
12:58:41 [INFO]   Downloading: Yttrande över promemoria Verksamhet med strålning:... (2025)
12:58:45 [INFO]   Downloading: Yttrande över betänkandet Sveriges internationella... (2025)
12:58:48 [INFO]   Downloading: Yttrande över Näringslivspolicy inklusive etableri... (2025)
12:58:51 [INFO]   Downloading: Yttrande över Socialstyrelsens remiss avseende sak... (2025)
12:58:55 [INFO]   Downloading: Yttrande över Stärkt pandemiberedskap... (2025)
12:58:58 [INFO]   Downloading: Yttrande över promemorian Utökade registerkontroll... (2025)
12:59:02 [INFO]   Downloading: Yttrande över ändring i Socialstyrelsens föreskrif... (2025)
12:59:06 [INFO]   Downloading: Yttrande över nationellt mobilförbud... (2025)
12:59:09 [INFO]   Downloading: Yttrande över betänkandet En förändrad abortlag – ... (2025)
12:59:13 [INFO]   Downloading: Yttrande över betänkande av utredningen om en över... (2025)
12:59:18 [INFO]   Downloading: Yttrande över kompletterande remiss från Socialsty... (2025)
12:59:22 [INFO]   Downloading: Yttrande gällande föreslagna ändringar i föreskrif... (2025)
12:59:25 [INFO]   Downloading: Yttrande över Det nödvändiga ska vara tillåtet – e... (2025)
12:59:28 [INFO]   Downloading: Yttrande avseende promemoria - Nya regler för vint... (2025)
12:59:32 [INFO]   Downloading: Yttrande över departementspromemorian Skatteincita... (2025)
12:59:36 [INFO]   Downloading: Yttrande över departementspromemorian Bättre migra... (2025)
12:59:40 [INFO]   Downloading: Yttrande avseende rapporten Nationell stödfunktion... (2025)
12:59:43 [INFO]   Downloading: Yttrande över Socialdepartementets remiss av Bättr... (2025)
12:59:47 [INFO]   Downloading: Yttrande över betänkandet Ämneskunskaper och lärar... (2025)
12:59:50 [INFO]   Downloading: Yttrande över En ny lag om forskningsetiska krav p... (2025)
12:59:54 [INFO]   Downloading: Yttrande över Jordbruksverkets skrivelser angående... (2025)
12:59:57 [INFO]   Downloading: Yttrande över Socialstyrelsens remiss avseende sak... (2025)
13:00:01 [INFO]   Downloading: Yttrande över Socialstyrelsens remiss avseende sak... (2025)
13:00:05 [INFO]   Downloading: Yttrande över betänkande Tiotandvård - ett för... (2025)
13:00:09 [INFO]   Downloading: Yttrande över remiss - Förbud mot äktenskap mellan... (2025)
13:00:12 [INFO]   Downloading: Yttrande över Kommuners och regioners grundläggand... (2025)
13:00:15 [INFO]   Downloading: Yttrande över förslag till ändring i Transportstyr... (2025)
13:00:19 [INFO]   Downloading: Yttrande över betänkandet Livsviktigt lärande – fl... (2025)
13:00:23 [INFO]   Downloading: Yttrande avseende delrapporten Det europeiska häls... (2025)
13:00:27 [INFO]   Downloading: Yttrande över Finansdepartementets remiss av betän... (2024)
13:00:31 [INFO]   Downloading: Remissvar över Nationella vårdkompetensrådets förs... (2024)
13:00:35 [INFO]   Downloading: Yttrande över remiss angående förslag till gene... (2024)
13:00:39 [INFO]   Downloading: Yttrande över Socialstyrelsens remiss avseende sa... (2024)
13:00:44 [INFO] Done! Collected 50 reports from KI.
13:33:22 [INFO] Fetching links from https://www.msi.se/dokumentkategori/remissyttranden/...
13:33:22 [INFO] Fetching links from https://www.msi.se/dokumentkategori/remissyttranden/page/2/...
13:33:22 [INFO] Fetching links from https://www.msi.se/dokumentkategori/remissyttranden/page/3/...
13:33:22 [INFO] Fetching links from https://www.msi.se/dokumentkategori/remissyttranden/page/4/...
13:33:23 [INFO] Fetching links from https://www.msi.se/dokumentkategori/remissyttranden/page/5/...
13:33:23 [INFO] Found 100 reports.
13:33:23 [INFO]   Downloading: Polisens och Tullverkets användning av AI för biom...
13:33:26 [INFO]   Downloading: Skärpningar i lagen om särskild kontroll av vissa ...
13:33:28 [INFO]   Downloading: Särskilda provokativa åtgärder (SOU 2025:109)...
13:33:30 [INFO]   Downloading: Anpassningar till AI-förordningen (SOU 2025:101)...
13:33:32 [INFO]   Downloading: Offentlighet och säkerhet i kammaren (2025/26:URF2...
13:33:35 [INFO]   Downloading: Nya möjligheter att bekämpa onlinerekrytering (Ds ...
13:33:38 [INFO]   Downloading: Handläggningen av en arresteringsorder i fråga om ...
13:33:40 [INFO]   Downloading: Ökat informationsutbyte mellan myndigheter – några...
13:33:43 [INFO]   Downloading: Förslag till Polismyndighetens föreskrifter om rap...
13:33:46 [INFO]   Downloading: Utkast till lagrådsremiss Sänkt straffbarhetsålder...
13:33:47 [INFO]   Downloading: Utkast till lagrådsremiss Signalspaning i försvars...
13:33:49 [INFO]   Downloading: En ny organisation av ekobrottsbekämpningen (SOU 2...
13:33:52 [INFO]   Downloading: Samlade förmågor för ökad cybersäkerhet (SOU 2025:...
13:33:54 [INFO]   Downloading: Folkbokföringsverksamhet, biometri och brottsbekäm...
13:33:57 [INFO]   Downloading: Polisiär beredskap i fred, kris och krig (SOU 2025...
13:34:00 [INFO]   Downloading: Stärkt lagstiftning mot hedersrelaterat våld och f...
13:34:02 [INFO]   Downloading: Säkerhetsskyddslagen – ytterligare kompletteringar...
13:34:04 [INFO]   Downloading: En reformerad underrättelseverksamhet (SOU 2025:78...
13:34:05 [INFO]   Downloading: Säkerhetspolisens behandling av personuppgifter (S...
13:34:08 [INFO]   Downloading: Polisens användning av AI för ansiktsigenkänning i...
13:34:11 [INFO]   Downloading: Modernt dataskydd vid CSN (SOU 2024:95)...
13:34:13 [INFO]   Downloading: Straffbarhetsåldern (SOU 2025:11)...
13:34:14 [INFO]   Downloading: Utökade möjligheter till registerkontroller för Fö...
13:34:16 [INFO]   Downloading: Effektivare verktyg för att bekämpa brott av unga ...
13:34:19 [INFO]   Downloading: Effektivare gränsöverskridande inhämtning av elekt...
13:34:21 [INFO]   Downloading: Vissa åtgärder för stärkt återvändandeverksamhet o...
13:34:22 [INFO]   Downloading: Kustbevakningens hemställan om lag- och förordning...
13:34:25 [INFO]   Downloading: Säkerhetsprövningar – nya regler (SOU 2024:88)...
13:34:28 [INFO]   Downloading: Nya bestämmelser för att möjliggöra domstolarnas r...
13:34:29 [INFO]   Downloading: Polismyndighetens hemställan om ändring av bestämm...
13:34:31 [INFO]   Downloading: Handlingsoffentlighet och handlingar som inhämtas ...
13:34:32 [INFO]   Downloading: Utkast till lagrådsremiss Datalagring och tillgång...
13:34:35 [INFO]   Downloading: Kompletterande bestämmelser till EU:s mediefrihets...
13:34:38 [INFO]   Downloading: Utökade registerkontroller vid anställning i kommu...
13:34:41 [INFO]   Downloading: Straffansvar för den som bedriver finansiell verks...
13:34:42 [INFO]   Downloading: Motståndskraft i samhällsviktiga tjänster (SOU 202...
13:34:44 [INFO]   Downloading: Ökat informationsutbyte mellan myndigheter – Behov...
13:34:46 [INFO]   Downloading: Utökade möjligheter till registerkontroller för Kr...
13:34:47 [INFO]   Downloading: Förslag till reglering som tydliggör myndighetsled...
13:34:49 [INFO]   Downloading: Promemorian Förbättrade möjligheter för polisen at...
13:34:51 [INFO]   Downloading: Kamerabevakning i offentlig verksamhet – lättnader...
13:34:54 [INFO]   Downloading: Domstolsverkets förslag till föreskrifter om regis...
13:34:57 [INFO]   Downloading: Nya regler för cybersäkerhet (SOU 2024:18)...
13:34:58 [INFO]   Downloading: Hemlig dataavläsning – utvärdering och permanent l...
13:35:01 [INFO]   Downloading: Ökat informationsflöde till brottsbekämpningen – E...
13:35:04 [INFO]   Downloading: Anpassning av svensk rätt till den reviderade VIS-...
13:35:05 [INFO]   Downloading: En samordnad registerkontroll för upphandlande myn...
13:35:07 [INFO]   Downloading: Utökade möjligheter att använda preventiva tvångsm...
13:35:09 [INFO]   Downloading: Datalagring och åtkomst till elektronisk informati...
13:35:10 [INFO]   Downloading: Biometri – för en effektivare brottsbekämpning (SO...
13:35:12 [INFO]   Downloading: Ändringar i regelverket om överlämnande enligt en ...
13:35:15 [INFO]   Downloading: Utökade möjligheter för Säkerhetspolisen att medge...
13:35:18 [INFO]   Downloading: Bättre möjligheter att verkställa frihetsberövande...
13:35:20 [INFO]   Downloading: Utökade möjligheter att använda preventiva tvångsm...
13:35:22 [INFO]   Downloading: Säkerhetspolisens hemställan om skärpta krav på un...
13:35:25 [INFO]   Downloading: Anpassningar av svensk rätt till EU:s förordningar...
13:35:28 [INFO]   Downloading: Utökade möjligheter att använda hemliga tvångsmede...
13:35:30 [INFO]   Downloading: Domstolsverkets promemoria Särskilda forumregler f...
13:35:32 [INFO]   Downloading: Säkerhetspolisens hemställan om möjlighet att besl...
13:35:34 [INFO]   Downloading: Straff för deltagande i en terroristorganisation (...
13:35:37 [INFO]   Downloading: Rätt mottagare – Granskning och integritet (SOU 20...
13:35:40 [INFO]   Downloading: Ett utökat skydd mot diskriminering (SOU 2021:94)...
13:35:42 [INFO]   Downloading: Säkerhetsprövning av totalförsvarspliktiga (SOU 20...
13:35:44 [INFO]   Downloading: Åtgärder i gränsnära områden (SOU 2021:92)...
13:35:47 [INFO]   Downloading: Ny förverkandelagstiftning (SOU 2021:100)...
13:35:50 [INFO]   Downloading: En översyn av den straffrättsliga regleringen om p...
13:35:51 [INFO]   Downloading: Ändrade regler i medborgarskapslagen (SOU 2021:54)...
13:35:53 [INFO]   Downloading: Ökade möjligheter att förhindra illegal handel via...
13:35:55 [INFO]   Downloading: Anpassning av svensk rätt till EU:s nya system för...
13:35:58 [INFO]   Downloading: En ny lag om ordningsvakter m.m. (SOU 2021:38)...
13:36:01 [INFO]   Downloading: Promemorian Skärpta straff för knivbrott...
13:36:02 [INFO]   Downloading: Betänkandet Kompletteringar till regelverket om sä...
13:36:03 [INFO]   Downloading: Europeiska kommissionens förslag till förordning o...
13:36:06 [INFO]   Downloading: Utkastet till lagrådsremissen Utlandsspioneri...
13:36:09 [INFO]   Downloading: Ecris-TCN – Ett mer effektivt utbyte av brottmålsd...
13:36:10 [INFO]   Downloading: Anpassning av svensk rätt till EU:s nya in- och ut...
13:36:12 [INFO]   Downloading: Genomförande av EU:s direktiv om finansiell inform...
13:36:14 [INFO]   Downloading: Promemorian Kompletterande bestämmelser till vissa...
13:36:16 [INFO]   Downloading: En europeisk åklagarmyndighet i Sverige (SOU 2020:...
13:36:18 [INFO]   Downloading: En kompletterande bestämmelse om villkor som andra...
13:36:20 [INFO]   Downloading: Bättre skydd för tekniska företagshemligheter (Ds ...
13:36:22 [INFO]   Downloading: Transportstyrelsens föreskrifter om luftfartsskydd...
13:36:24 [INFO]   Downloading: Registrering av kontantkort, m.m. (Ds 2020:12)...
13:36:26 [INFO]   Downloading: Kompletterande förslag inför ett tillträde till Bu...
13:36:28 [INFO]   Downloading: Ett effektivare regelverk för utlänningsärenden me...
13:36:30 [INFO]   Downloading: Behandling av känsliga personuppgifter i testverks...
13:36:33 [INFO]   Downloading: En ny terroristbrottslag (SOU 2019:49)...
13:36:34 [INFO]   Downloading: Ett nytt regelverk för Schengens informationssyste...
13:36:36 [INFO]   Downloading: En mer effektiv tillgång till Migrationsverkets pe...
13:36:38 [INFO]   Downloading: De brottsbekämpande myndigheternas direktåtkomst t...
13:36:40 [INFO]   Downloading: Hemställan från Polismyndigheten om ändring i lage...
13:36:42 [INFO]   Downloading: Myndigheten för samhällsskydd och beredskaps föres...
13:36:45 [INFO]   Downloading: Säkerhetsprövning av domare (Ds 2019:26)...
13:36:47 [INFO]   Downloading: Genomförande av direktivet om inrättande av en kod...
13:36:50 [INFO]   Downloading: En strängare syn på vapenbrott och smuggling av va...
13:36:52 [INFO]   Downloading: Ändring i krisberedskapsförordningen...
13:36:55 [INFO]   Downloading: Ett säkert statligt ID-kort – med e-legitimation (...
13:36:58 [INFO]   Downloading: Passdatalag – en ny lag som kompletterar EU:s data...
13:37:00 [INFO]   Downloading: Belastningsregisterkontroll i arbetslivet – behove...
13:37:02 [INFO]   Downloading: Kompletteringar till den nya säkerhetsskyddslagen ...
13:37:05 [INFO] Finished. Collected 100 reports from MSI.
13:50:29 [INFO] Scanning https://www.fra.se/nyheter/arsrapporter.4.55af049f184e92956c42a87.html...
13:50:29 [INFO] Scanning https://www.fra.se/nyheter/arsrapporter.4.55af049f184e92956c42a87.html#innehall...
13:50:29 [INFO] Scanning https://www.fra.se/nyheter/arsrapporter.4.55af049f184e92956c42a87.html#...
13:50:29 [INFO] Scanning https://www.fra.se/omfra/signalspaningochkryptering.4.55af049f184e92956c42b35.html...
13:50:29 [INFO] Scanning https://www.fra.se/omfra/tillstandkontrollochgranskning.4.55af049f184e92956c42d0c.html...
13:50:29 [INFO] Scanning https://www.fra.se/omfra/tillstandkontrollochgranskning/lagstiftning.4.55af049f184e92956c42a65.html...
13:50:30 [INFO] Scanning https://www.fra.se/omfra/organisation.4.55af049f184e92956c42d7b.html...
13:50:30 [INFO] Scanning https://www.fra.se/omfra/samarbetemedandramyndigheter.4.766e440918f572e7335fd.html...
13:50:30 [INFO] Scanning https://www.fra.se/omfra/fraisocialamedier.4.55af049f184e92956c42d5d.html...
13:50:30 [INFO] Scanning https://www.fra.se/omfra/frashistoria.4.55af049f184e92956c42c71.html...
13:50:30 [INFO] Scanning https://www.fra.se/omfra/frashistoria/gskrivarenocharnebeurling.4.55af049f184e92956c42a59.html...
13:50:30 [INFO] Scanning https://www.fra.se/omfra/frashistoria/forceringenavgskrivaren.4.55af049f184e92956c42acb.html...
13:50:30 [INFO] Scanning https://www.fra.se/omfra/frashistoria/underrattelserfrangskrivartrafiken.4.55af049f184e92956c42bcb.html...
13:50:30 [INFO] Scanning https://www.fra.se/omfra/frashistoria/merangskrivaren.4.55af049f184e92956c42b39.html...
13:50:30 [INFO] Scanning https://www.fra.se/omfra/frashistoria/kvinnorpafraunder2avarldskriget.4.55af049f184e92956c42aa9.html...
13:50:30 [INFO] Scanning https://www.fra.se/omfra/frashistoria/fraslokalerunder2avarldskriget.4.55af049f184e92956c42aed.html...
13:50:30 [INFO] Scanning https://www.fra.se/omfra/frashistoria/nedskjutningenavdc3an.4.55af049f184e92956c42b56.html...
13:50:30 [INFO] Scanning https://www.fra.se/omfra/frashistoria/harduvadsomkravdes.4.55af049f184e92956c42da7.html...
13:50:30 [INFO] Scanning https://www.fra.se/omfra/informationombehandlingavpersonuppgifter.106.55af049f184e92956c42b4e.html...
13:50:30 [INFO] Scanning https://www.fra.se/omfra/rapporteringavmissforhallanden.4.55af049f184e92956c42d9f.html...
13:50:30 [INFO] Scanning https://www.fra.se/omfra/omwebbplatsen.4.55af049f184e92956c42ca8.html...
13:50:30 [INFO] Scanning https://www.fra.se/omfra/omwebbplatsen/webbplatskarta.4.55af049f184e92956c42a12.html...
13:50:30 [INFO] Scanning https://www.fra.se/omfra/omwebbplatsen/tillganglighetenpadennawebbplats.4.55af049f184e92956c42bcc.html...
13:50:30 [INFO] Scanning https://www.fra.se/omfra/omwebbplatsen/tillganglighetenpadennawebbplats/formularforsynpunkterrorandewebbplatsenstillganglighet.4.54ed4de8186313dc356153.html...
13:50:31 [INFO] Scanning https://www.fra.se/nyheter/publikationer.4.55af049f184e92956c42da2.html...
13:50:31 [INFO] Scanning https://www.fra.se/nyheter/publikationer.4.55af049f184e92956c42da2.html...
13:50:31 [INFO] Scanning https://www.fra.se/nyheter/publikationer.4.55af049f184e92956c42da2.html#innehall...
13:50:31 [INFO] Scanning https://www.fra.se/nyheter/publikationer.4.55af049f184e92956c42da2.html#...
13:50:31 [INFO] Scanning https://www.fra.se/omfra/signalspaningochkryptering.4.55af049f184e92956c42b35.html...
13:50:31 [INFO] Scanning https://www.fra.se/omfra/tillstandkontrollochgranskning.4.55af049f184e92956c42d0c.html...
13:50:31 [INFO] Scanning https://www.fra.se/omfra/tillstandkontrollochgranskning/lagstiftning.4.55af049f184e92956c42a65.html...
13:50:31 [INFO] Scanning https://www.fra.se/omfra/organisation.4.55af049f184e92956c42d7b.html...
13:50:31 [INFO] Scanning https://www.fra.se/omfra/samarbetemedandramyndigheter.4.766e440918f572e7335fd.html...
13:50:31 [INFO] Scanning https://www.fra.se/omfra/fraisocialamedier.4.55af049f184e92956c42d5d.html...
13:50:31 [INFO] Scanning https://www.fra.se/omfra/frashistoria.4.55af049f184e92956c42c71.html...
13:50:31 [INFO] Scanning https://www.fra.se/omfra/frashistoria/gskrivarenocharnebeurling.4.55af049f184e92956c42a59.html...
13:50:31 [INFO] Scanning https://www.fra.se/omfra/frashistoria/forceringenavgskrivaren.4.55af049f184e92956c42acb.html...
13:50:31 [INFO] Scanning https://www.fra.se/omfra/frashistoria/underrattelserfrangskrivartrafiken.4.55af049f184e92956c42bcb.html...
13:50:31 [INFO] Scanning https://www.fra.se/omfra/frashistoria/merangskrivaren.4.55af049f184e92956c42b39.html...
13:50:31 [INFO] Scanning https://www.fra.se/omfra/frashistoria/kvinnorpafraunder2avarldskriget.4.55af049f184e92956c42aa9.html...
13:50:31 [INFO] Scanning https://www.fra.se/omfra/frashistoria/fraslokalerunder2avarldskriget.4.55af049f184e92956c42aed.html...
13:50:31 [INFO] Scanning https://www.fra.se/omfra/frashistoria/nedskjutningenavdc3an.4.55af049f184e92956c42b56.html...
13:50:31 [INFO] Scanning https://www.fra.se/omfra/frashistoria/harduvadsomkravdes.4.55af049f184e92956c42da7.html...
13:50:32 [INFO] Scanning https://www.fra.se/omfra/informationombehandlingavpersonuppgifter.106.55af049f184e92956c42b4e.html...
13:50:32 [INFO] Scanning https://www.fra.se/omfra/rapporteringavmissforhallanden.4.55af049f184e92956c42d9f.html...
13:50:32 [INFO] Scanning https://www.fra.se/omfra/omwebbplatsen.4.55af049f184e92956c42ca8.html...
13:50:32 [INFO] Scanning https://www.fra.se/omfra/omwebbplatsen/webbplatskarta.4.55af049f184e92956c42a12.html...
13:50:32 [INFO] Scanning https://www.fra.se/omfra/omwebbplatsen/tillganglighetenpadennawebbplats.4.55af049f184e92956c42bcc.html...
13:50:32 [INFO] Scanning https://www.fra.se/omfra/omwebbplatsen/tillganglighetenpadennawebbplats/formularforsynpunkterrorandewebbplatsenstillganglighet.4.54ed4de8186313dc356153.html...
13:50:32 [INFO] Scanning https://www.fra.se/nyheter/arsrapporter.4.55af049f184e92956c42a87.html...
13:50:32 [INFO] Scanning https://www.fra.se/omfra.4.55af049f184e92956c42c8f.html...
13:50:32 [INFO] Scanning https://www.fra.se/omfra/signalspaningochkryptering.4.55af049f184e92956c42b35.html...
13:50:32 [INFO] Scanning https://www.fra.se/omfra/signalspaningochkryptering.4.55af049f184e92956c42b35.html#innehall...
13:50:32 [INFO] Scanning https://www.fra.se/omfra/signalspaningochkryptering.4.55af049f184e92956c42b35.html#...
13:50:32 [INFO] Scanning https://www.fra.se/omfra/tillstandkontrollochgranskning.4.55af049f184e92956c42d0c.html...
13:50:32 [INFO] Scanning https://www.fra.se/omfra/tillstandkontrollochgranskning/lagstiftning.4.55af049f184e92956c42a65.html...
13:50:32 [INFO] Scanning https://www.fra.se/omfra/organisation.4.55af049f184e92956c42d7b.html...
13:50:32 [INFO] Scanning https://www.fra.se/omfra/samarbetemedandramyndigheter.4.766e440918f572e7335fd.html...
13:50:32 [INFO] Scanning https://www.fra.se/omfra/fraisocialamedier.4.55af049f184e92956c42d5d.html...
13:50:32 [INFO] Scanning https://www.fra.se/omfra/frashistoria.4.55af049f184e92956c42c71.html...
13:50:32 [INFO] Scanning https://www.fra.se/omfra/frashistoria/gskrivarenocharnebeurling.4.55af049f184e92956c42a59.html...
13:50:32 [INFO] Scanning https://www.fra.se/omfra/frashistoria/forceringenavgskrivaren.4.55af049f184e92956c42acb.html...
13:50:32 [INFO] Scanning https://www.fra.se/omfra/frashistoria/underrattelserfrangskrivartrafiken.4.55af049f184e92956c42bcb.html...
13:50:32 [INFO] Scanning https://www.fra.se/omfra/frashistoria/merangskrivaren.4.55af049f184e92956c42b39.html...
13:50:32 [INFO] Scanning https://www.fra.se/omfra/frashistoria/kvinnorpafraunder2avarldskriget.4.55af049f184e92956c42aa9.html...
13:50:33 [INFO] Scanning https://www.fra.se/omfra/frashistoria/fraslokalerunder2avarldskriget.4.55af049f184e92956c42aed.html...
13:50:33 [INFO] Scanning https://www.fra.se/omfra/frashistoria/nedskjutningenavdc3an.4.55af049f184e92956c42b56.html...
13:50:33 [INFO] Scanning https://www.fra.se/omfra/frashistoria/harduvadsomkravdes.4.55af049f184e92956c42da7.html...
13:50:33 [INFO] Scanning https://www.fra.se/omfra/informationombehandlingavpersonuppgifter.106.55af049f184e92956c42b4e.html...
13:50:33 [INFO] Scanning https://www.fra.se/omfra/rapporteringavmissforhallanden.4.55af049f184e92956c42d9f.html...
13:50:33 [INFO] Scanning https://www.fra.se/omfra/omwebbplatsen.4.55af049f184e92956c42ca8.html...
13:50:33 [INFO] Scanning https://www.fra.se/omfra/omwebbplatsen/webbplatskarta.4.55af049f184e92956c42a12.html...
13:50:33 [INFO] Scanning https://www.fra.se/omfra/omwebbplatsen/tillganglighetenpadennawebbplats.4.55af049f184e92956c42bcc.html...
13:50:33 [INFO] Scanning https://www.fra.se/omfra/omwebbplatsen/tillganglighetenpadennawebbplats/formularforsynpunkterrorandewebbplatsenstillganglighet.4.54ed4de8186313dc356153.html...
13:50:33 [INFO] Scanning https://www.fra.se/nyheter/publikationer.4.55af049f184e92956c42da2.html...
13:50:33 [INFO] Scanning https://www.fra.se/nyheter/arsrapporter.4.55af049f184e92956c42a87.html...
13:50:33 [INFO] Found 31 unique candidate PDFs.
13:50:33 [INFO]   Downloading: Ladda ned Ã¥rsrapporten fÃ¶r 2025 uppslag Pdf, 2.8...
13:50:36 [INFO]   Downloading: Ladda ned tillgÃ¤nglighetsanpassad Ã¥rsrapport fÃ¶...
13:50:41 [INFO]   Downloading: Ladda ned Ã¥rsrapporten fÃ¶r 2024Â uppslag Pdf, 2....
13:50:45 [INFO]   Downloading: Ladda ned Ã¥rsrapporten fÃ¶r 2023Â uppslag Pdf, 3....
13:50:54 [INFO]   Downloading: Ladda ned tillgÃ¤nglighetsanpassad Ã¥rsrapport fÃ¶...
13:50:59 [INFO]   Downloading: Ladda ned Ã¥rsrapporten fÃ¶r 2022Â uppslag Pdf, 3....
13:51:05 [INFO]   Downloading: Ladda ned tillgÃ¤nglighetsanpassad Ã¥rsrapport fÃ¶...
13:51:15 [INFO]   Downloading: Ladda ned Ã¥rsrapporten fÃ¶r 2021 som uppslag Pdf,...
13:51:19 [INFO]   Downloading: Ladda ned tillgÃ¤nglighetsanpassad Ã¥rsrapport fÃ¶...
13:51:26 [INFO]   Downloading: Ladda ned Ã¥rsrapporten fÃ¶r 2020 som uppslag Pdf,...
13:51:31 [INFO]   Downloading: Ladda ned tillgÃ¤nglighetsanpassad Ã¥rsrapport fÃ¶...
13:51:36 [INFO]   Downloading: Ladda ned Ã¥rsrapporten fÃ¶r 2019 Pdf, 2.4 MB, Ã¶p...
13:51:41 [INFO]   Downloading: Ladda ned Ã¥rsrapporten fÃ¶r 2018 Pdf, 4.7 MB, Ã¶p...
13:51:47 [INFO]   Skipping pre-2020 file (2019)
13:51:47 [INFO]   Downloading: Ladda ned Ã¥rsrapporten fÃ¶r 2017 Pdf, 3.1 MB, Ã¶p...
13:51:52 [INFO]   Skipping pre-2020 file (2018)
13:51:52 [INFO]   Downloading: Ladda ned Ã¥rsrapporten fÃ¶r 2016 Pdf, 2.2 MB, Ã¶p...
13:51:56 [INFO]   Skipping pre-2020 file (2017)
13:51:56 [INFO]   Downloading: Ladda ned Ã¥rsrapporten fÃ¶r 2015 Pdf, 2.7 MB, Ã¶p...
13:52:00 [INFO]   Skipping pre-2020 file (2016)
13:52:00 [INFO]   Downloading: Ladda ned Ã¥rsrapporten fÃ¶r 2014 Pdf, 1.3 MB, Ã¶p...
13:52:03 [INFO]   Skipping pre-2020 file (2015)
13:52:03 [INFO]   Downloading: Ladda ned Ã¥rsrapporten fÃ¶r 2013 Pdf, 1.7 MB, Ã¶p...
13:52:07 [INFO]   Skipping pre-2020 file (2014)
13:52:07 [INFO]   Downloading: Ladda ned Ã¥rsrapporten fÃ¶r 2012 Pdf, 3.5 MB, Ã¶p...
13:52:13 [INFO]   Skipping pre-2020 file (2013)
13:52:13 [INFO]   Downloading: Ladda ned Ã¥rsrapporten fÃ¶r 2011 Pdf, 1.2 MB, Ã¶p...
13:52:16 [INFO]   Skipping pre-2020 file (2012)
13:52:16 [INFO]   Downloading: Ladda ned Ã¥rsrapporten fÃ¶r 2010 Pdf, 1.5 MB, Ã¶p...
13:52:20 [INFO]   Skipping pre-2020 file (2011)
13:52:20 [INFO]   Downloading: LÃ¤s skriften FRA:s historia i korthet Pdf, 1.6 MB...
13:52:23 [INFO]   Skipping pre-2020 file (2017)
13:52:23 [INFO]   Downloading: Ladda ner provet som pdf Pdf, 1 MB, Ã¶ppnas i nytt...
13:52:26 [INFO]   Downloading: OvanstÃ¥ende text som pdf-fil  Pdf, 160.4 kB, Ã¶pp...
13:52:29 [INFO]   Downloading: Ladda ned CybersÃ¤kerhet i SverigeÂ 2024 Pdf, 3.8 ...
13:52:34 [INFO]   Downloading: Ladda ned CybersÃ¤kerhet i SverigeÂ 2022 Pdf, 1.8 ...
13:52:38 [INFO]   Downloading: Ladda ned CybersÃ¤kerhet i SverigeÂ 2022 Pdf, 1.7 ...
13:52:43 [INFO]   Downloading: ...
13:52:45 [INFO]   Downloading: ...
13:52:50 [INFO]   Downloading: ...
13:52:53 [INFO]   Skipping pre-2020 file (2018)
13:52:53 [INFO]   Downloading: Ladda ned ÃtgÃ¤rdsfÃ¶rslag Angrepp via tjÃ¤nstele...
13:52:55 [INFO]   Skipping pre-2020 file (2017)
13:52:55 [INFO] Finished. Collected 19 reports from FRA.
13:57:41 [INFO] Scanning https://statistik.pts.se/telekom-och-bredband/svensk-telekommarknad/dokument/tidigare-rapporter/...
13:57:42 [WARNING]   Blocked by Radware on https://statistik.pts.se/telekom-och-bredband/svensk-telekommarknad/dokument/tidigare-rapporter/
13:57:42 [INFO] Scanning https://statistik.pts.se/telekom-och-bredband/uppfoljning-av-regeringens-bredbandsstrategi/rapporter/...
13:57:42 [WARNING]   Blocked by Radware on https://statistik.pts.se/telekom-och-bredband/uppfoljning-av-regeringens-bredbandsstrategi/rapporter/
13:57:42 [INFO] Scanning https://statistik.pts.se/post/svensk-postmarknad/...
13:57:42 [WARNING]   Blocked by Radware on https://statistik.pts.se/post/svensk-postmarknad/
13:57:42 [INFO] Scanning https://statistik.pts.se/telekom-och-bredband/ovriga-telekomrapporter/prisrapport/...
13:57:42 [WARNING]   Blocked by Radware on https://statistik.pts.se/telekom-och-bredband/ovriga-telekomrapporter/prisrapport/
13:57:42 [INFO] Found 0 unique candidate PDFs.
13:57:42 [INFO] Finished. Collected 0 reports from PTS.
13:58:51 [INFO] Starting direct download for PTS. 18 candidate URLs.
13:58:51 [INFO]   Downloading: Svensk telekommarknad 2024...
13:58:55 [INFO]     Success: 7a574dd1
13:58:55 [INFO]   Downloading: Svensk telekommarknad 2023...
13:59:01 [INFO]     Success: 275fe14b
13:59:01 [INFO]   Downloading: Svensk telekommarknad 2022...
13:59:05 [INFO]     Success: b26dfb15
13:59:05 [INFO]   Downloading: Svensk telekommarknad 2021...
13:59:11 [INFO]     Success: c3ef047d
13:59:11 [INFO]   Downloading: Svensk telekommarknad första halvåret 2021...
13:59:16 [INFO]     Success: 317426f0
13:59:16 [INFO]   Downloading: Svensk telekommarknad 2020...
13:59:19 [INFO]     Success: 464801cb
13:59:19 [INFO]   Downloading: Svensk telekommarknad första halvåret 2020...
13:59:24 [INFO]     Success: 96ba9f17
13:59:24 [INFO]   Downloading: Rapport Bredbandsstrategi 2024...
13:59:28 [INFO]     Success: c95e8c21
13:59:28 [INFO]   Downloading: Rapport Bredbandsstrategi 2023...
13:59:33 [INFO]     Success: e3d85218
13:59:33 [INFO]   Downloading: Rapport Bredbandsstrategi 2022...
13:59:36 [INFO]     Success: 2554d42b
13:59:36 [INFO]   Downloading: Rapport Bredbandsstrategi 2021...
13:59:40 [INFO]     Success: df421806
13:59:40 [INFO]   Downloading: Delrapport Bredbandsstrategi 2021...
13:59:45 [INFO]     Success: e60afd37
13:59:45 [INFO]   Downloading: Rapport Bredbandsstrategi 2020...
13:59:51 [INFO]     Success: 77342e09
13:59:51 [INFO]   Downloading: Delrapport Bredbandsstrategi 2020...
13:59:54 [INFO]     Success: 45d2cc7b
13:59:54 [INFO]   Downloading: Svensk postmarknad 2023...
13:59:58 [WARNING]     Error downloading https://statistik.pts.se/media/4cbf1cl3/svensk-postmarknad-2023-dnr24-3402_t.pdf: 404 Client Error: Not Found for url: https://statistik.pts.se/media/4cbf1cl3/svensk-postmarknad-2023-dnr24-3402_t.pdf
13:59:58 [INFO]   Downloading: Svensk postmarknad 2022...
14:00:03 [WARNING]     Error downloading https://statistik.pts.se/media/f0edclva/svensk-postmarknad-2022-dnr23-4122_t.pdf: 404 Client Error: Not Found for url: https://statistik.pts.se/media/f0edclva/svensk-postmarknad-2022-dnr23-4122_t.pdf
14:00:03 [INFO]   Downloading: Svensk postmarknad 2021...
14:00:07 [WARNING]     Error downloading https://statistik.pts.se/media/f2lpm5n4/svensk-postmarknad-2021-dnr-22-5452_t.pdf: 404 Client Error: Not Found for url: https://statistik.pts.se/media/f2lpm5n4/svensk-postmarknad-2021-dnr-22-5452_t.pdf
14:00:07 [INFO]   Downloading: Svensk postmarknad 2020...
14:00:11 [WARNING]     Error downloading https://statistik.pts.se/media/2isb0zvx/svensk-postmarknad-2020-dnr-21-4822_t.pdf: 404 Client Error: Not Found for url: https://statistik.pts.se/media/2isb0zvx/svensk-postmarknad-2020-dnr-21-4822_t.pdf
14:00:11 [INFO] Finished. Collected 14 reports from PTS.
14:03:22 [INFO] Starting direct download for PTS. 25 candidate URLs.
14:03:22 [INFO]   Skipping (already in log): Svensk telekommarknad 2024
14:03:22 [INFO]   Skipping (already in log): Svensk telekommarknad 2023
14:03:22 [INFO]   Skipping (already in log): Svensk telekommarknad 2022
14:03:22 [INFO]   Skipping (already in log): Svensk telekommarknad 2021
14:03:22 [INFO]   Skipping (already in log): Svensk telekommarknad första halvåret 2021
14:03:22 [INFO]   Skipping (already in log): Svensk telekommarknad 2020
14:03:22 [INFO]   Skipping (already in log): Svensk telekommarknad första halvåret 2020
14:03:22 [INFO]   Downloading: Mobiltäckning 2024...
14:03:28 [INFO]     Success: 63f234a1
14:03:28 [INFO]   Downloading: Mobiltäckning 2024 Metod...
14:03:31 [INFO]     Success: 2cc02371
14:03:31 [INFO]   Downloading: Mobiltäckning 2023...
14:03:35 [INFO]     Success: 7463f716
14:03:35 [INFO]   Downloading: Mobiltäckning 2022...
14:03:38 [INFO]     Success: 8e19cf04
14:03:38 [INFO]   Downloading: Mobiltäckning 2021...
14:03:43 [INFO]     Success: c0063c66
14:03:43 [INFO]   Downloading: Mobiltäckning 2020...
14:03:48 [INFO]     Success: 86c73448
14:03:48 [INFO]   Downloading: Begäran mobiltjänst 2024...
14:03:54 [INFO]     Success: 465a5440
14:03:54 [INFO]   Skipping (already in log): Rapport Bredbandsstrategi 2024
14:03:54 [INFO]   Skipping (already in log): Rapport Bredbandsstrategi 2023
14:03:54 [INFO]   Skipping (already in log): Rapport Bredbandsstrategi 2022
14:03:54 [INFO]   Skipping (already in log): Rapport Bredbandsstrategi 2021
14:03:54 [INFO]   Skipping (already in log): Delrapport Bredbandsstrategi 2021
14:03:54 [INFO]   Skipping (already in log): Rapport Bredbandsstrategi 2020
14:03:54 [INFO]   Skipping (already in log): Delrapport Bredbandsstrategi 2020
14:03:54 [INFO]   Downloading: Svensk postmarknad 2023...
14:03:56 [WARNING]     Error downloading https://statistik.pts.se/media/4cbf1cl3/svensk-postmarknad-2023-dnr24-3402_t.pdf: 404 Client Error: Not Found for url: https://statistik.pts.se/media/4cbf1cl3/svensk-postmarknad-2023-dnr24-3402_t.pdf
14:03:56 [INFO]   Downloading: Svensk postmarknad 2022...
14:04:01 [WARNING]     Error downloading https://statistik.pts.se/media/f0edclva/svensk-postmarknad-2022-dnr23-4122_t.pdf: 404 Client Error: Not Found for url: https://statistik.pts.se/media/f0edclva/svensk-postmarknad-2022-dnr23-4122_t.pdf
14:04:01 [INFO]   Downloading: Svensk postmarknad 2021...
14:04:04 [WARNING]     Error downloading https://statistik.pts.se/media/f2lpm5n4/svensk-postmarknad-2021-dnr-22-5452_t.pdf: 404 Client Error: Not Found for url: https://statistik.pts.se/media/f2lpm5n4/svensk-postmarknad-2021-dnr-22-5452_t.pdf
14:04:04 [INFO]   Downloading: Svensk postmarknad 2020...
14:04:07 [WARNING]     Error downloading https://statistik.pts.se/media/2isb0zvx/svensk-postmarknad-2020-dnr-21-4822_t.pdf: 404 Client Error: Not Found for url: https://statistik.pts.se/media/2isb0zvx/svensk-postmarknad-2020-dnr-21-4822_t.pdf
14:04:07 [INFO] Finished. Collected 7 reports from PTS.
14:12:13 [INFO] Scanning https://www.fi.se/sv/publicerat/rapporter/...
14:12:13 [INFO] Scanning https://www.fi.se/sv/publicerat/rapporter/?navigation=open...
14:12:13 [INFO] Scanning https://www.fi.se/sv/publicerat/rapporter/?navigation=closed...
14:12:13 [INFO] Scanning https://www.fi.se/sv/publicerat/rapporter/bankbarometer/...
14:12:13 [INFO] Scanning https://www.fi.se/sv/publicerat/rapporter/bolanerapport/...
14:12:13 [INFO] Scanning https://www.fi.se/sv/publicerat/rapporter/fi-analys/...
14:12:14 [INFO] Scanning https://www.fi.se/sv/publicerat/rapporter/konsumentskyddsrapport/...
14:12:14 [INFO] Scanning https://www.fi.se/sv/publicerat/rapporter/stabilitetsrapport/...
14:12:14 [INFO] Scanning https://www.fi.se/sv/publicerat/rapporter/tillsynsrapport/...
14:12:14 [INFO] Scanning https://www.fi.se/sv/publicerat/rapporter/rapporter/...
14:12:14 [INFO] Scanning https://www.fi.se/sv/publicerat/remissvar/...
14:12:14 [INFO] Scanning https://www.fi.se/sv/publicerat/rapporter/?navigation=open#dela...
14:12:14 [INFO] Scanning https://www.fi.se/sv/publicerat/rapporter/#dela...
14:12:14 [INFO] Scanning https://www.fi.se/sv/publicerat/rapporter/?toggle=42587...
14:12:14 [INFO] Scanning https://www.fi.se/sv/publicerat/remissvar/...
14:12:14 [INFO] Scanning https://www.fi.se/sv/publicerat/remissvar/?navigation=open...
14:12:22 [INFO] Scanning https://www.fi.se/sv/publicerat/remissvar/?navigation=closed...
14:12:30 [INFO] Scanning https://www.fi.se/sv/publicerat/rapporter/...
14:12:31 [INFO] Scanning https://www.fi.se/sv/publicerat/rapporter/?navigation=open...
14:12:31 [INFO] Scanning https://www.fi.se/sv/publicerat/remissvar/2026/riksbankens-foreskrifter-om-underrattelse-infor-att-kontantverksamhet-ska-upphora/...
14:12:31 [INFO] Scanning https://www.fi.se/sv/publicerat/remissvar/2026/riksbankens-foreskrifter-om-inlosen-av-kontanter/...
14:12:31 [INFO] Scanning https://www.fi.se/sv/publicerat/remissvar/2026/nya-forenklingsregler-och-andra-kompletteringar-i-lagen-om-tillaggsskatt/...
14:12:31 [INFO] Scanning https://www.fi.se/sv/publicerat/remissvar/2026/fondandelsbolag--for-en-mer-konkurrenskraftig-fondmarknad/...
14:12:31 [INFO] Scanning https://www.fi.se/sv/publicerat/remissvar/2026/kompletterande-bestammelser-till-eus-cyberresiliensforordning/...
14:12:31 [INFO] Scanning https://www.fi.se/sv/publicerat/remissvar/2026/straffansvar-for-deltagande-i-och-samrore-med-kriminella-sammanslutningar/...
14:12:31 [INFO] Scanning https://www.fi.se/sv/publicerat/remissvar/2026/atgarder-for-en-mer-hallbar-konsumtion-sou-2025124/...
14:12:31 [INFO] Scanning https://www.fi.se/sv/publicerat/remissvar/2026/rattssakerhetens-pris/...
14:12:31 [INFO] Scanning https://www.fi.se/sv/publicerat/remissvar/2026/utvardering-av-riksbankens-penningpolitik-20152024/...
14:12:31 [INFO] Scanning https://www.fi.se/sv/publicerat/remissvar/2026/kronofogdemyndighetens-hemstallan-om-andring-i-offentlighets--och-sekretessforordningen/...
14:12:31 [INFO] Scanning https://www.fi.se/sv/publicerat/remissvar/2026/hemstallan-fran-skatteverket-om--elektronisk-inlamning-av-uppgifter-om--kupongskatt-och-mojlighet-att-forelagga/...
14:12:31 [INFO] Scanning https://www.fi.se/sv/publicerat/remissvar/2026/anpassningar-till-ai-forordningen-sou-2025101/...
14:12:31 [INFO] Scanning https://www.fi.se/sv/publicerat/remissvar/2026/en-effektivare-och-mer-andamalsenlig-anskaffning-och-anvandning-av-lokaler/...
14:12:31 [INFO] Scanning https://www.fi.se/sv/publicerat/remissvar/2026/remissvar-msbs--hemstallan-om-att-skapa-rattsliga-forutsattningar-for-behandling-av-personuppgifter-om-lagovertradelser/...
14:12:32 [INFO] Scanning https://www.fi.se/sv/publicerat/remissvar/2026/europeiska-kommissionens-forslag-pa-forordning-och-direktiv-om-bioteknik---halsa/...
14:12:32 [INFO] Scanning https://www.fi.se/sv/publicerat/remissvar/2026/goda-mojligheter-till-okat-valstand-sou-202429-och-fler-mojligheter-till-okat-valstand-sou-202596/...
14:12:32 [INFO] Scanning https://www.fi.se/sv/publicerat/remissvar/2026/nya-regler-mot-bedragerier-och-annat-vilseledande-genom-elektroniska-kommunikationer/...
14:12:32 [INFO] Scanning https://www.fi.se/sv/publicerat/remissvar/2026/stickprovsinsamling-av-uppgifter-om-hushallens-skulder/...
14:12:32 [INFO] Scanning https://www.fi.se/sv/publicerat/remissvar/2026/skarpningar-i-lagen-om-sarskild-kontroll-av-vissa-utlanningar-och-utlanningslagen/...
14:12:32 [INFO] Scanning https://www.fi.se/sv/publicerat/remissvar/2026/forslag-till-andring-av-forordningen-20171180-om-forvaltningen-av-karnavfallsfondens-medel/...
14:12:32 [INFO] Scanning https://www.fi.se/sv/publicerat/remissvar/2026/fi-tillstyrker-forslag-till-nya-regler-om-krishantering-och-andrade-rorelseregler-for-forsakringsforetag/...
14:12:32 [INFO] Scanning https://www.fi.se/sv/publicerat/remissvar/2026/promemorian-andrade-regler-om-fordelning-av-avdrag-for-mervardesskatt/...
14:12:32 [INFO] Scanning https://www.fi.se/sv/publicerat/remissvar/2026/effektivare-organisering-och-genom-forande-av-statlig-vag-och-jarnvag-sou-2025120/...
14:12:32 [INFO] Scanning https://www.fi.se/sv/publicerat/remissvar/2025/forslag-till-andring-av-forordningen-20171180-om-forvaltningen-av-karnavfallsfondens-medel/...
14:12:32 [INFO] Scanning https://www.fi.se/sv/publicerat/remissvar/2025/nya-samverkansformer-modern-byggnads--och-reparationsberedskap--for-okad-forsorjningsberedskap-sou-202568/...
14:12:32 [INFO] Scanning https://www.fi.se/sv/publicerat/remissvar/2025/straffrattsliga-atgarder-mot-korruption-och-tjanstefel/...
14:12:32 [INFO] Scanning https://www.fi.se/sv/publicerat/remissvar/2025/nya-krav-pa-foretag-som-ger-ut-hallbarhetsbetyg/...
14:12:32 [INFO] Scanning https://www.fi.se/sv/publicerat/remissvar/2025/nya-regler-for-att-framja-central-clearing-av-otc-derivat-i-eu/...
14:12:32 [INFO] Scanning https://www.fi.se/sv/publicerat/remissvar/2025/statens-energimyndighets-hemstallan--angaende-forordning-om-statligt-stod-for--energiberedskapsatgarder/...
14:12:32 [INFO] Scanning https://www.fi.se/sv/publicerat/remissvar/2025/battre-forutsattningar-for-klimatanpassning-sou-202551/...
14:12:33 [INFO] Scanning https://www.fi.se/sv/publicerat/remissvar/?year=2026...
14:12:33 [INFO] Scanning https://www.fi.se/sv/publicerat/remissvar/?year=2025...
14:12:33 [INFO] Scanning https://www.fi.se/sv/publicerat/remissvar/?year=2024...
14:12:38 [INFO] Scanning https://www.fi.se/sv/publicerat/remissvar/?year=2023...
14:12:38 [INFO] Scanning https://www.fi.se/sv/publicerat/remissvar/?year=2022...
14:12:38 [INFO] Scanning https://www.fi.se/sv/publicerat/analyser/...
14:12:38 [WARNING] Error scanning https://www.fi.se/sv/publicerat/analyser/: 404 Client Error: Not Found for url: https://www.fi.se/sv/publicerat/analyser/
14:12:38 [INFO] Found 31 unique candidate PDFs.
14:12:38 [INFO]   Downloading: Remissvar: Riksbankens föreskrifter om underrättel...
14:12:40 [INFO]   Downloading: Remissvar: Riksbankens föreskrifter om inlösen av ...
14:12:42 [INFO]   Downloading: Nya förenklingsregler och andra kompletteringar i ...
14:12:44 [INFO]   Downloading: Fondandelsbolag – för en mer konkurrenskraftig fon...
14:12:46 [INFO]   Downloading: Remissvar: Kompletterande bestämmelser till EU:s c...
14:12:47 [INFO]   Downloading: Remissvar: Straffansvar för deltagande i och samrö...
14:12:50 [INFO]   Downloading: Remissvar: Åtgärder för en mer hållbar konsumtion ...
14:12:51 [INFO]   Downloading: Remisssvar: Rättssäkerhetens pris (SOU 2025:111) (...
14:12:53 [INFO]   Downloading: Remissvar: Utvärdering av Riksbankens penningpolit...
14:12:55 [INFO]   Downloading: Remissvar: Kronofogdemyndighetens hemställan om än...
14:12:57 [INFO]   Downloading: Hemställan från Skatteverket om  elektronisk inläm...
14:12:59 [INFO]   Downloading: Remissvar: Anpassningar till AI-förordningen (SOU ...
14:13:01 [INFO]   Downloading: Remissvar: En effektivare och mer ändamålsenlig an...
14:13:03 [INFO]   Downloading: Remissvar: Hemställan om att skapa rättsliga förut...
14:13:05 [INFO]   Downloading: Remissvar: Europeiska kommissionens förslag på för...
14:13:07 [INFO]   Downloading: Remissvar: Goda möjligheter till ökat välstånd (SO...
14:13:09 [INFO]   Downloading: Remissvar: Nya regler mot bedrägerier och annat vi...
14:13:11 [INFO]   Downloading: Remissvar: Stickprovsinsamling av uppgifter om hus...
14:13:12 [INFO]   Downloading: FI:s remissvar: Skärpningar i lagen om särskild ko...
14:13:15 [INFO]   Downloading: Remissvar: Förslag till ändring av förordningen (2...
14:13:16 [INFO]   Downloading: Remissvar: Krishantering och ändrade rörelseregler...
14:13:18 [INFO]   Downloading: Remissvar: Effektivare organisering och genom-föra...
14:13:20 [INFO]   Downloading: Remissvar: Effektivare organisering och genom-föra...
14:13:22 [INFO]   Downloading: Remissvar: Förslag till ändring av förordningen (2...
14:13:24 [INFO]   Downloading: Remissvar: Nya samverkansformer, modern byggnads- ...
14:13:26 [INFO]   Downloading: Remissvar: Betänkandet SOU 2025:87 Straffrättsliga...
14:13:28 [INFO]   Downloading: Remissvar: EU:s förordning om hållbarhetsbetyg ( <...
14:13:30 [INFO]   Downloading: PM EU:s förordning om hållbarhetsbetyg ( < 1MB)...
14:13:33 [INFO]   Downloading: Remissvar: Nya regler för att främja central clear...
14:13:35 [INFO]   Downloading: Remissvar: Statens energimyndighets hemställan ang...
14:13:36 [INFO]   Downloading: Remissvar: Bättre förutsättningar för klimatanpass...
14:13:38 [INFO] Finished. Collected 31 reports from FI.
